{"type":"FeatureCollection","features":[{"type":"Feature","properties":{"id":"relation/2062858","name":"Administração - Escola Poitécnica","inst":"way/158966873","kind":"university","h":6.4,"mh":0,"acc":"u","src":"osm"},"geometry":{"type":"Polygon","coordinates":[[[-46.729762,-23.555911],[-46.72958,-23.555597],[-46.729429,-23.555337],[-46.729172,-23.554894],[-46.72977,-23.554602],[-46.730028,-23.555046],[-46.730217,-23.555372],[-46.7302,-23.555381],[-46.729978,-23.555489],[-46.729812,-23.555203],[-46.72968,-23.555267],[-46.729989,-23.5558],[-46.729762,-23.555911]],[[-46.729719,-23.554769],[-46.729342,-23.554946],[-46.729507,-23.555242],[-46.729884,-23.555066],[-46.729719,-23.554769]]]}},{"type":"Feature","properties":{"id":"relation/2062859","name":"Engenharia de Minas e Petróleo","inst":"way/158966873","kind":"university","h":8.6,"mh":0,"acc":"u","src":"osm"},"geometry":{"type":"Polygon","coordinates":[[[-46.730683,-23.55265],[-46.73096,-23.553128],[-46.731145,-23.553448],[-46.730632,-23.5537],[-46.730171,-23.552902],[-46.730683,-23.55265]],[[-46.730538,-23.552837],[-46.73042,-23.552894],[-46.730613,-23.553228],[-46.73073,-23.55317],[-46.730538,-23.552837]],[[-46.730786,-23.553267],[-46.730668,-23.553324],[-46.730737,-23.553444],[-46.730855,-23.553386],[-46.730786,-23.553267]]]}},{"type":"Feature","properties":{"id":"relation/2062864","name":"Engenharia Mecânica, Mecatrônica e Naval","inst":"way/158966873","kind":"university","h":7.7,"mh":0,"acc":"u","src":"osm"},"geometry":{"type":"Polygon","coordinates":[[[-46.729582,-23.552587],[-46.730213,-23.553682],[-46.729953,-23.553809],[-46.729907,-23.553729],[-46.729807,-23.55378],[-46.729867,-23.553885],[-46.72976,-23.553938],[-46.729653,-23.55399],[-46.729597,-23.553892],[-46.72945,-23.553963],[-46.729277,-23.554047],[-46.729322,-23.554125],[-46.728777,-23.554391],[-46.728707,-23.55427],[-46.728438,-23.553803],[-46.728539,-23.553754],[-46.728524,-23.553726],[-46.728469,-23.553751],[-46.728418,-23.553655],[-46.728473,-23.55363],[-46.728459,-23.553603],[-46.728498,-23.553584],[-46.7285,-23.553588],[-46.728529,-23.553574],[-46.728604,-23.553703],[-46.72864,-23.553686],[-46.728649,-23.5537],[-46.728782,-23.553635],[-46.728755,-23.553586],[-46.728783,-23.553573],[-46.728729,-23.553478],[-46.728802,-23.553442],[-46.728861,-23.553544],[-46.72888,-23.553534],[-46.728757,-23.553321],[-46.728564,-23.553415],[-46.728626,-23.553523],[-46.728687,-23.553493],[-46.728757,-23.553614],[-46.728658,-23.553662],[-46.728549,-23.55347],[-46.728519,-23.553484],[-46.728497,-23.553449],[-46.72829,-23.55355],[-46.728181,-23.55336],[-46.728139,-23.553287],[-46.728685,-23.55302],[-46.728705,-23.553055],[-46.729341,-23.552746],[-46.729322,-23.552714],[-46.729582,-23.552587]],[[-46.72896,-23.553678],[-46.728657,-23.553827],[-46.728684,-23.553874],[-46.728732,-23.553851],[-46.728738,-23.553862],[-46.728994,-23.553736],[-46.72896,-23.553678]],[[-46.729445,-23.553627],[-46.729126,-23.553784],[-46.729201,-23.553915],[-46.729297,-23.553867],[-46.729257,-23.553739],[-46.729336,-23.553702],[-46.729428,-23.553804],[-46.729519,-23.553756],[-46.729445,-23.553627]],[[-46.729094,-23.553013],[-46.728941,-23.553087],[-46.728771,-23.553169],[-46.729109,-23.553755],[-46.729272,-23.553675],[-46.729429,-23.553598],[-46.729094,-23.553013]],[[-46.729407,-23.552861],[-46.729308,-23.552909],[-46.729724,-23.553635],[-46.729823,-23.553583],[-46.729407,-23.552861]]]}},{"type":"Feature","properties":{"id":"relation/2064118","name":"Edifício Central","inst":"way/158789266","kind":"university","h":6,"mh":0,"acc":"u","src":"osm"},"geometry":{"type":"Polygon","coordinates":[[[-46.733984,-23.560224],[-46.735225,-23.560102],[-46.735812,-23.560045],[-46.735824,-23.560147],[-46.735592,-23.560169],[-46.735601,-23.560249],[-46.735833,-23.560226],[-46.735845,-23.560329],[-46.735235,-23.560389],[-46.734602,-23.560451],[-46.734019,-23.560508],[-46.734008,-23.560411],[-46.734223,-23.56039],[-46.734212,-23.560299],[-46.733995,-23.56032],[-46.733984,-23.560224]],[[-46.734523,-23.560361],[-46.734515,-23.560271],[-46.73433,-23.560285],[-46.734339,-23.560375],[-46.734523,-23.560361]],[[-46.735156,-23.560299],[-46.735147,-23.560214],[-46.734642,-23.560262],[-46.734651,-23.560347],[-46.735156,-23.560299]],[[-46.73549,-23.560265],[-46.73548,-23.560183],[-46.73529,-23.560202],[-46.7353,-23.560283],[-46.73549,-23.560265]]]}},{"type":"Feature","properties":{"id":"relation/6017163","name":"Bloco 17 - Administrativo","inst":"way/158967597","kind":"yes","h":9,"mh":0,"acc":"u","src":"osm"},"geometry":{"type":"Polygon","coordinates":[[[-46.740291,-23.569549],[-46.740409,-23.56963],[-46.740424,-23.569611],[-46.740453,-23.569631],[-46.740481,-23.56965],[-46.740466,-23.569669],[-46.740472,-23.569673],[-46.740342,-23.569829],[-46.740352,-23.569835],[-46.740363,-23.56982],[-46.740387,-23.569836],[-46.740544,-23.56965],[-46.740663,-23.569731],[-46.740543,-23.569879],[-46.740353,-23.570112],[-46.739855,-23.570726],[-46.739732,-23.57064],[-46.739779,-23.570585],[-46.739748,-23.570562],[-46.739701,-23.57062],[-46.739523,-23.570495],[-46.73961,-23.570387],[-46.739589,-23.57037],[-46.739599,-23.570359],[-46.739621,-23.570375],[-46.739887,-23.570047],[-46.740291,-23.569549]],[[-46.740446,-23.569827],[-46.740433,-23.569844],[-46.740463,-23.569865],[-46.740457,-23.569872],[-46.740483,-23.56989],[-46.740503,-23.569866],[-46.740446,-23.569827]],[[-46.739907,-23.570367],[-46.739759,-23.570549],[-46.73979,-23.57057],[-46.739937,-23.570389],[-46.739907,-23.570367]],[[-46.740087,-23.570146],[-46.739918,-23.570354],[-46.739948,-23.570376],[-46.740118,-23.570168],[-46.740087,-23.570146]],[[-46.740294,-23.56989],[-46.740128,-23.570094],[-46.740159,-23.570116],[-46.740324,-23.569912],[-46.740294,-23.56989]]]}},{"type":"Feature","properties":{"id":"relation/6017198","inst":"way/158967597","kind":"yes","h":5.1,"mh":0,"acc":"u","src":"osm"},"geometry":{"type":"Polygon","coordinates":[[[-46.739317,-23.568888],[-46.739343,-23.568932],[-46.739209,-23.569136],[-46.73921,-23.569142],[-46.739209,-23.569148],[-46.739208,-23.569155],[-46.739205,-23.569161],[-46.739202,-23.569167],[-46.739197,-23.569173],[-46.739192,-23.569177],[-46.739186,-23.569181],[-46.73918,-23.569185],[-46.739173,-23.569187],[-46.739166,-23.569188],[-46.739158,-23.569188],[-46.739151,-23.569187],[-46.739144,-23.569186],[-46.739137,-23.569183],[-46.739131,-23.569179],[-46.739196,-23.569224],[-46.739027,-23.569437],[-46.739012,-23.569426],[-46.739004,-23.569435],[-46.738984,-23.569421],[-46.738965,-23.569444],[-46.738766,-23.569308],[-46.738761,-23.569303],[-46.738756,-23.569297],[-46.738752,-23.569292],[-46.738748,-23.569286],[-46.738745,-23.56928],[-46.738742,-23.569274],[-46.73874,-23.569267],[-46.738738,-23.569261],[-46.738737,-23.569254],[-46.738736,-23.569247],[-46.738736,-23.56924],[-46.738736,-23.569234],[-46.738737,-23.569227],[-46.738738,-23.56922],[-46.73874,-23.569214],[-46.738742,-23.569207],[-46.738745,-23.569201],[-46.738748,-23.569195],[-46.738752,-23.569189],[-46.738756,-23.569184],[-46.738761,-23.569178],[-46.738766,-23.569174],[-46.738771,-23.569169],[-46.738777,-23.569165],[-46.738783,-23.569161],[-46.738789,-23.569157],[-46.738796,-23.569154],[-46.738803,-23.569152],[-46.73881,-23.56915],[-46.738817,-23.569148],[-46.738824,-23.569147],[-46.738832,-23.569146],[-46.738839,-23.569146],[-46.738846,-23.569147],[-46.738853,-23.569147],[-46.738857,-23.569148],[-46.738834,-23.569129],[-46.738865,-23.569095],[-46.738894,-23.569117],[-46.738949,-23.569048],[-46.739033,-23.569106],[-46.739017,-23.569127],[-46.73903,-23.569134],[-46.739044,-23.569118],[-46.739073,-23.569138],[-46.739081,-23.56913],[-46.739048,-23.569077],[-46.739023,-23.569089],[-46.739009,-23.569085],[-46.738989,-23.569054],[-46.739317,-23.568888]],[[-46.738833,-23.569171],[-46.738825,-23.569171],[-46.738818,-23.569173],[-46.738811,-23.569175],[-46.738804,-23.569177],[-46.738798,-23.56918],[-46.738792,-23.569184],[-46.738786,-23.569188],[-46.738781,-23.569193],[-46.738776,-23.569198],[-46.738772,-23.569204],[-46.738768,-23.56921],[-46.738765,-23.569216],[-46.738763,-23.569222],[-46.738761,-23.569229],[-46.73876,-23.569236],[-46.73876,-23.569242],[-46.738761,-23.569249],[-46.738762,-23.569256],[-46.738764,-23.569262],[-46.738766,-23.569269],[-46.738769,-23.569275],[-46.738773,-23.569281],[-46.738777,-23.569286],[-46.738782,-23.569291],[-46.738788,-23.569296],[-46.738838,-23.569235],[-46.738851,-23.569243],[-46.738877,-23.569211],[-46.738901,-23.569227],[-46.738913,-23.569212],[-46.738852,-23.569172],[-46.738847,-23.569171],[-46.73884,-23.569171],[-46.738833,-23.569171]]]}},{"type":"Feature","properties":{"id":"relation/6022255","name":"Diretoria e Administração do Instituto de Biociências","kind":"university","h":3.7,"mh":0,"acc":"u","src":"osm"},"geometry":{"type":"MultiPolygon","coordinates":[[[[-46.730184,-23.563115],[-46.730337,-23.563329],[-46.730101,-23.563471],[-46.729947,-23.563257],[-46.730184,-23.563115]]],[[[-46.729844,-23.563502],[-46.729888,-23.563562],[-46.729949,-23.563524],[-46.729989,-23.563579],[-46.729758,-23.563721],[-46.729716,-23.563664],[-46.729767,-23.563633],[-46.729723,-23.563573],[-46.729663,-23.56361],[-46.72956,-23.563469],[-46.729812,-23.563315],[-46.729916,-23.563458],[-46.729844,-23.563502]]]]}},{"type":"Feature","properties":{"id":"relation/6022364","name":"FFLCH - Sociais e Filosofia","inst":"way/158966875","kind":"university","h":9.5,"mh":0,"acc":"p","src":"osm"},"geometry":{"type":"Polygon","coordinates":[[[-46.725552,-23.562702],[-46.725147,-23.5629],[-46.724979,-23.562611],[-46.724915,-23.562642],[-46.725046,-23.562868],[-46.724863,-23.562958],[-46.72474,-23.562749],[-46.724683,-23.562777],[-46.724803,-23.562983],[-46.724625,-23.56307],[-46.72451,-23.562873],[-46.724489,-23.562836],[-46.724321,-23.562549],[-46.724515,-23.562453],[-46.724643,-23.562673],[-46.724663,-23.562663],[-46.72469,-23.56265],[-46.724563,-23.562431],[-46.724749,-23.56234],[-46.724871,-23.562549],[-46.725017,-23.562478],[-46.724988,-23.562429],[-46.724898,-23.562473],[-46.724796,-23.562298],[-46.724992,-23.562202],[-46.725122,-23.562426],[-46.725331,-23.562323],[-46.725375,-23.562398],[-46.725552,-23.562702]],[[-46.725202,-23.5625],[-46.725313,-23.562692],[-46.72539,-23.562655],[-46.725278,-23.562463],[-46.725202,-23.5625]],[[-46.725059,-23.562566],[-46.725176,-23.562767],[-46.725249,-23.562732],[-46.725132,-23.56253],[-46.725059,-23.562566]]]}},{"type":"Feature","properties":{"id":"relation/6024201","inst":"relation/20199273","kind":"yes","h":13.4,"mh":0,"acc":"u","src":"osm"},"geometry":{"type":"Polygon","coordinates":[[[-46.738499,-23.557563],[-46.738736,-23.557211],[-46.738822,-23.55726],[-46.738847,-23.557223],[-46.739168,-23.557406],[-46.738906,-23.557796],[-46.738499,-23.557563]],[[-46.738909,-23.557294],[-46.738682,-23.557629],[-46.738761,-23.557675],[-46.738988,-23.557339],[-46.738909,-23.557294]]]}},{"type":"Feature","properties":{"id":"relation/6026444","inst":"way/34379613","kind":"yes","h":10,"mh":0,"acc":"u","src":"osm"},"geometry":{"type":"Polygon","coordinates":[[[-46.713698,-23.563333],[-46.713398,-23.563333],[-46.713396,-23.563364],[-46.71341,-23.563365],[-46.713406,-23.563494],[-46.713596,-23.563501],[-46.713587,-23.563772],[-46.713175,-23.563757],[-46.713186,-23.563487],[-46.71322,-23.563489],[-46.713225,-23.563362],[-46.713158,-23.56336],[-46.713215,-23.562021],[-46.71332,-23.562024],[-46.713448,-23.562029],[-46.713488,-23.56203],[-46.713753,-23.56203],[-46.713698,-23.563333]],[[-46.713292,-23.563076],[-46.713291,-23.563105],[-46.713368,-23.563108],[-46.713369,-23.563078],[-46.713292,-23.563076]],[[-46.713305,-23.562754],[-46.713304,-23.562785],[-46.713379,-23.562788],[-46.71338,-23.562757],[-46.713305,-23.562754]]]}},{"type":"Feature","properties":{"id":"relation/6027826","name":"Colméia","kind":"university","h":6,"mh":0,"acc":"u","src":"osm"},"geometry":{"type":"Polygon","coordinates":[[[-46.72107,-23.558693],[-46.720977,-23.558738],[-46.720959,-23.558707],[-46.721052,-23.558661],[-46.720992,-23.558645],[-46.720967,-23.558601],[-46.720983,-23.558548],[-46.720927,-23.558532],[-46.720903,-23.558488],[-46.72092,-23.558434],[-46.720967,-23.558412],[-46.721026,-23.558428],[-46.721044,-23.558374],[-46.72109,-23.558352],[-46.721149,-23.558368],[-46.721166,-23.558315],[-46.721213,-23.558291],[-46.721272,-23.558308],[-46.72129,-23.558254],[-46.721336,-23.558231],[-46.72139,-23.558246],[-46.721415,-23.558287],[-46.721482,-23.558305],[-46.721524,-23.558284],[-46.721583,-23.558301],[-46.721607,-23.558343],[-46.721589,-23.558397],[-46.721608,-23.55843],[-46.721666,-23.558447],[-46.721691,-23.55849],[-46.721672,-23.558543],[-46.721627,-23.558566],[-46.721569,-23.55855],[-46.721551,-23.558603],[-46.721609,-23.55862],[-46.721633,-23.55866],[-46.721616,-23.558717],[-46.72157,-23.55874],[-46.72151,-23.558723],[-46.721497,-23.558774],[-46.721447,-23.558799],[-46.721387,-23.558783],[-46.721371,-23.558836],[-46.721324,-23.558859],[-46.721264,-23.558844],[-46.721247,-23.558896],[-46.7212,-23.558919],[-46.721142,-23.558903],[-46.721117,-23.558861],[-46.721137,-23.558808],[-46.721075,-23.55879],[-46.721054,-23.558751],[-46.72107,-23.558693]],[[-46.721199,-23.558729],[-46.721182,-23.558784],[-46.721241,-23.558801],[-46.721258,-23.558747],[-46.721199,-23.558729]],[[-46.721193,-23.558635],[-46.721118,-23.558671],[-46.721176,-23.558687],[-46.721193,-23.558635]],[[-46.721116,-23.558584],[-46.721098,-23.558637],[-46.721175,-23.558601],[-46.721116,-23.558584]],[[-46.721049,-23.558471],[-46.721032,-23.558525],[-46.721091,-23.558542],[-46.721108,-23.558487],[-46.721049,-23.558471]],[[-46.721173,-23.55841],[-46.721156,-23.558464],[-46.721215,-23.558481],[-46.721232,-23.558427],[-46.721173,-23.55841]],[[-46.721322,-23.55867],[-46.721305,-23.558724],[-46.721364,-23.558741],[-46.721381,-23.558687],[-46.721322,-23.55867]],[[-46.721238,-23.558524],[-46.72122,-23.558579],[-46.721298,-23.558541],[-46.721238,-23.558524]],[[-46.721315,-23.558573],[-46.72124,-23.558611],[-46.721298,-23.558627],[-46.721315,-23.558573]],[[-46.721401,-23.558532],[-46.721363,-23.55855],[-46.721421,-23.558566],[-46.721429,-23.55854],[-46.721401,-23.558532]],[[-46.721361,-23.558464],[-46.721344,-23.558518],[-46.721421,-23.55848],[-46.721361,-23.558464]],[[-46.721296,-23.55835],[-46.721279,-23.558404],[-46.721338,-23.558421],[-46.721355,-23.558367],[-46.721296,-23.55835]],[[-46.721484,-23.558404],[-46.721467,-23.558457],[-46.721543,-23.55842],[-46.721484,-23.558404]],[[-46.721562,-23.558453],[-46.721487,-23.558489],[-46.721545,-23.558506],[-46.721562,-23.558453]]]}},{"type":"Feature","properties":{"id":"relation/6027827","name":"Colméia","kind":"university","h":6,"mh":0,"acc":"u","src":"osm"},"geometry":{"type":"Polygon","coordinates":[[[-46.720744,-23.558455],[-46.720651,-23.558501],[-46.720707,-23.558518],[-46.720732,-23.558559],[-46.720713,-23.558614],[-46.720773,-23.558631],[-46.720798,-23.558674],[-46.720779,-23.558729],[-46.720738,-23.558749],[-46.720675,-23.558734],[-46.720657,-23.558787],[-46.72061,-23.558809],[-46.720552,-23.558793],[-46.720534,-23.558848],[-46.720363,-23.55893],[-46.720308,-23.558914],[-46.720284,-23.558879],[-46.720301,-23.558818],[-46.72024,-23.558801],[-46.720222,-23.558859],[-46.720178,-23.558877],[-46.720119,-23.558859],[-46.720095,-23.558818],[-46.720098,-23.558807],[-46.720049,-23.558792],[-46.720027,-23.558786],[-46.720034,-23.558765],[-46.720048,-23.558718],[-46.720034,-23.558714],[-46.720012,-23.558672],[-46.720029,-23.558618],[-46.720074,-23.558595],[-46.720131,-23.558614],[-46.720151,-23.558558],[-46.720092,-23.558542],[-46.720068,-23.558498],[-46.720085,-23.558444],[-46.720132,-23.558422],[-46.72019,-23.558438],[-46.720207,-23.558385],[-46.720255,-23.558363],[-46.720314,-23.55838],[-46.72033,-23.558324],[-46.720379,-23.558301],[-46.720436,-23.558318],[-46.720452,-23.558268],[-46.720503,-23.558244],[-46.720559,-23.558259],[-46.720584,-23.558301],[-46.720565,-23.558356],[-46.720624,-23.558372],[-46.720649,-23.558413],[-46.720631,-23.558468],[-46.720726,-23.558424],[-46.720744,-23.558455]],[[-46.720337,-23.558421],[-46.720319,-23.558476],[-46.72038,-23.558492],[-46.720396,-23.558438],[-46.720337,-23.558421]],[[-46.72046,-23.558361],[-46.720442,-23.558415],[-46.720503,-23.558433],[-46.720521,-23.558378],[-46.72046,-23.558361]],[[-46.720603,-23.558524],[-46.720527,-23.558561],[-46.720586,-23.558579],[-46.720603,-23.558524]],[[-46.720481,-23.558585],[-46.720403,-23.55862],[-46.720465,-23.558637],[-46.720481,-23.558585]],[[-46.720526,-23.558475],[-46.720507,-23.558529],[-46.720586,-23.558492],[-46.720526,-23.558475]],[[-46.720402,-23.558535],[-46.720385,-23.558589],[-46.720463,-23.558552],[-46.720402,-23.558535]]]}},{"type":"Feature","properties":{"id":"relation/6027841","kind":"yes","h":4.7,"mh":0,"acc":"u","src":"osm"},"geometry":{"type":"Polygon","coordinates":[[[-46.722007,-23.559464],[-46.722034,-23.559512],[-46.722195,-23.559433],[-46.722448,-23.559872],[-46.722209,-23.559988],[-46.721973,-23.560103],[-46.72181,-23.559816],[-46.721759,-23.559842],[-46.721771,-23.559864],[-46.72171,-23.559894],[-46.721639,-23.559768],[-46.721698,-23.559739],[-46.721708,-23.559757],[-46.72176,-23.559732],[-46.721692,-23.559616],[-46.722007,-23.559464]],[[-46.722077,-23.559593],[-46.722007,-23.559628],[-46.722042,-23.5597],[-46.722117,-23.559663],[-46.722077,-23.559593]]]}},{"type":"Feature","properties":{"id":"relation/6027921","inst":"relation/20199273","kind":"yes","h":6.5,"mh":0,"acc":"u","src":"osm"},"geometry":{"type":"Polygon","coordinates":[[[-46.738451,-23.558182],[-46.738742,-23.558348],[-46.738735,-23.558359],[-46.738753,-23.55837],[-46.738331,-23.558998],[-46.738313,-23.558988],[-46.738304,-23.559002],[-46.738021,-23.558841],[-46.738029,-23.558828],[-46.738007,-23.558816],[-46.738429,-23.558186],[-46.738443,-23.558194],[-46.738451,-23.558182]],[[-46.738268,-23.558713],[-46.738245,-23.558746],[-46.738314,-23.558786],[-46.738337,-23.558752],[-46.738268,-23.558713]],[[-46.738347,-23.558591],[-46.738326,-23.558623],[-46.738396,-23.558664],[-46.738418,-23.558631],[-46.738347,-23.558591]],[[-46.73843,-23.558469],[-46.738408,-23.558502],[-46.738479,-23.558542],[-46.738501,-23.558509],[-46.73843,-23.558469]]]}},{"type":"Feature","properties":{"id":"relation/6028165","inst":"relation/3375375","kind":"yes","h":5.6,"mh":0,"acc":"u","src":"osm"},"geometry":{"type":"Polygon","coordinates":[[[-46.740146,-23.560256],[-46.740227,-23.560781],[-46.739643,-23.560857],[-46.739607,-23.560625],[-46.7396,-23.560626],[-46.739606,-23.560661],[-46.739553,-23.560668],[-46.739533,-23.560539],[-46.739586,-23.560532],[-46.739592,-23.560567],[-46.739597,-23.560567],[-46.739561,-23.560333],[-46.740146,-23.560256]],[[-46.740007,-23.560608],[-46.739729,-23.560645],[-46.739735,-23.560679],[-46.740012,-23.560642],[-46.740007,-23.560608]],[[-46.739981,-23.560448],[-46.739705,-23.560484],[-46.739709,-23.560516],[-46.739986,-23.560479],[-46.739981,-23.560448]]]}},{"type":"Feature","properties":{"id":"relation/6028227","kind":"yes","h":36.8,"mh":0,"acc":"u","src":"osm"},"geometry":{"type":"Polygon","coordinates":[[[-46.738564,-23.564816],[-46.738571,-23.564817],[-46.738574,-23.564822],[-46.738586,-23.564827],[-46.738592,-23.564824],[-46.738598,-23.564827],[-46.738616,-23.564866],[-46.738615,-23.564873],[-46.738609,-23.564875],[-46.738603,-23.564888],[-46.738605,-23.564895],[-46.7386,-23.564899],[-46.738564,-23.564913],[-46.738557,-23.564915],[-46.738551,-23.564911],[-46.738551,-23.564907],[-46.738538,-23.564902],[-46.738532,-23.564905],[-46.738526,-23.564901],[-46.738517,-23.56488],[-46.738514,-23.564873],[-46.738509,-23.564862],[-46.738508,-23.564856],[-46.738513,-23.564851],[-46.738516,-23.56485],[-46.738521,-23.56484],[-46.73852,-23.564834],[-46.738525,-23.564831],[-46.738564,-23.564816]],[[-46.738561,-23.564826],[-46.738536,-23.564836],[-46.738523,-23.564868],[-46.738532,-23.564889],[-46.738566,-23.564902],[-46.73859,-23.564893],[-46.738603,-23.564862],[-46.738593,-23.56484],[-46.738561,-23.564826]]]}},{"type":"Feature","properties":{"id":"relation/6028761","inst":"relation/3375375","kind":"yes","h":6,"mh":0,"acc":"u","src":"osm"},"geometry":{"type":"Polygon","coordinates":[[[-46.736664,-23.566521],[-46.736653,-23.566495],[-46.736213,-23.566652],[-46.736139,-23.566455],[-46.737106,-23.566109],[-46.73721,-23.566357],[-46.737185,-23.566366],[-46.737247,-23.566514],[-46.73727,-23.566506],[-46.737288,-23.566548],[-46.737265,-23.566556],[-46.73732,-23.566686],[-46.736903,-23.566835],[-46.736926,-23.566889],[-46.736803,-23.566932],[-46.73678,-23.566878],[-46.736423,-23.567006],[-46.736291,-23.566692],[-46.736287,-23.566684],[-46.736674,-23.566546],[-46.736664,-23.566521]],[[-46.736705,-23.566697],[-46.736459,-23.566785],[-46.736476,-23.566825],[-46.736722,-23.566737],[-46.736705,-23.566697]],[[-46.737142,-23.566541],[-46.736827,-23.566654],[-46.736844,-23.566692],[-46.737158,-23.56658],[-46.737142,-23.566541]],[[-46.736823,-23.566434],[-46.736718,-23.566471],[-46.736739,-23.566521],[-46.736844,-23.566484],[-46.736823,-23.566434]]]}},{"type":"Feature","properties":{"id":"relation/6028910","inst":"relation/3375375","kind":"yes","h":5.4,"mh":0,"acc":"u","src":"osm"},"geometry":{"type":"Polygon","coordinates":[[[-46.733882,-23.566611],[-46.733872,-23.566586],[-46.73375,-23.56663],[-46.733471,-23.565968],[-46.733595,-23.565924],[-46.733719,-23.566218],[-46.733738,-23.566211],[-46.733868,-23.56652],[-46.733953,-23.56649],[-46.733757,-23.566024],[-46.734237,-23.565857],[-46.734281,-23.565961],[-46.734287,-23.565959],[-46.734288,-23.565962],[-46.734308,-23.566009],[-46.734439,-23.56632],[-46.734434,-23.566322],[-46.734456,-23.566375],[-46.733891,-23.566577],[-46.733902,-23.566604],[-46.733882,-23.566611]],[[-46.734137,-23.566061],[-46.73401,-23.566107],[-46.734143,-23.566423],[-46.734268,-23.566378],[-46.734137,-23.566061]]]}},{"type":"Feature","properties":{"id":"relation/6028911","inst":"relation/3375375","kind":"yes","h":8.1,"mh":0,"acc":"u","src":"osm"},"geometry":{"type":"Polygon","coordinates":[[[-46.734625,-23.565472],[-46.73466,-23.565556],[-46.734675,-23.565551],[-46.734706,-23.565628],[-46.734769,-23.565606],[-46.735366,-23.565396],[-46.73537,-23.565404],[-46.735388,-23.565395],[-46.735389,-23.565397],[-46.735391,-23.565404],[-46.735394,-23.56541],[-46.735398,-23.565417],[-46.735379,-23.565426],[-46.7354,-23.565477],[-46.735403,-23.565476],[-46.735442,-23.565545],[-46.735293,-23.565597],[-46.73529,-23.56559],[-46.735241,-23.565607],[-46.735219,-23.565615],[-46.735099,-23.565658],[-46.735022,-23.565685],[-46.734768,-23.565774],[-46.734791,-23.565828],[-46.734795,-23.56584],[-46.734757,-23.565854],[-46.734752,-23.565842],[-46.734653,-23.565877],[-46.73472,-23.566037],[-46.734671,-23.566054],[-46.734662,-23.566033],[-46.734594,-23.566057],[-46.734555,-23.565963],[-46.734544,-23.565967],[-46.73453,-23.565933],[-46.734524,-23.565935],[-46.734519,-23.565925],[-46.734463,-23.565945],[-46.734472,-23.565968],[-46.734449,-23.565976],[-46.73444,-23.565953],[-46.734417,-23.565961],[-46.734421,-23.565969],[-46.734308,-23.566009],[-46.734288,-23.565962],[-46.734402,-23.565921],[-46.734404,-23.565927],[-46.734425,-23.565919],[-46.734404,-23.565867],[-46.734393,-23.56587],[-46.734221,-23.565455],[-46.734448,-23.565377],[-46.734631,-23.565846],[-46.734697,-23.565823],[-46.734566,-23.565493],[-46.734625,-23.565472]],[[-46.734585,-23.56583],[-46.734505,-23.565858],[-46.734518,-23.565889],[-46.734598,-23.565861],[-46.734585,-23.56583]]]}},{"type":"Feature","properties":{"id":"relation/6028919","inst":"relation/3375375","kind":"yes","h":4.5,"mh":0,"acc":"u","src":"osm"},"geometry":{"type":"Polygon","coordinates":[[[-46.735774,-23.564335],[-46.735672,-23.564346],[-46.735649,-23.564097],[-46.735525,-23.56411],[-46.735521,-23.564074],[-46.735686,-23.564057],[-46.735663,-23.563931],[-46.735709,-23.563921],[-46.735734,-23.564055],[-46.735754,-23.564053],[-46.73573,-23.563854],[-46.735899,-23.563836],[-46.735941,-23.564206],[-46.73576,-23.564224],[-46.735774,-23.564335]],[[-46.735759,-23.564106],[-46.735731,-23.564109],[-46.735734,-23.564129],[-46.735762,-23.564126],[-46.735759,-23.564106]]]}},{"type":"Feature","properties":{"id":"relation/6028921","inst":"relation/3375375","kind":"yes","h":3.1,"mh":0,"acc":"u","src":"osm"},"geometry":{"type":"Polygon","coordinates":[[[-46.735679,-23.562605],[-46.735724,-23.562981],[-46.736043,-23.562945],[-46.736048,-23.563011],[-46.736048,-23.563014],[-46.736063,-23.563149],[-46.735725,-23.563173],[-46.735719,-23.563115],[-46.735679,-23.563118],[-46.735656,-23.562911],[-46.735168,-23.562958],[-46.735135,-23.562658],[-46.735658,-23.562608],[-46.735679,-23.562605]],[[-46.735343,-23.562663],[-46.735298,-23.562665],[-46.735302,-23.562726],[-46.735347,-23.562724],[-46.735343,-23.562663]],[[-46.735361,-23.562809],[-46.735308,-23.562812],[-46.735312,-23.562873],[-46.735365,-23.562871],[-46.735361,-23.562809]],[[-46.735542,-23.562792],[-46.735487,-23.562797],[-46.735494,-23.562857],[-46.735548,-23.562852],[-46.735542,-23.562792]],[[-46.73553,-23.562706],[-46.735525,-23.562651],[-46.735481,-23.562654],[-46.735486,-23.562709],[-46.73553,-23.562706]]]}},{"type":"Feature","properties":{"id":"relation/6029676","name":"Poli - Ed. Semi-Industrial","inst":"way/34380707","kind":"yes","h":19.9,"mh":0,"acc":"u","src":"osm"},"geometry":{"type":"Polygon","coordinates":[[[-46.726739,-23.563409],[-46.727024,-23.563904],[-46.726809,-23.564009],[-46.726555,-23.564134],[-46.72627,-23.563639],[-46.726739,-23.563409]],[[-46.72658,-23.563724],[-46.726443,-23.563791],[-46.726516,-23.563918],[-46.726661,-23.563847],[-46.726647,-23.563824],[-46.726593,-23.56385],[-46.726545,-23.563767],[-46.726591,-23.563744],[-46.72658,-23.563724]],[[-46.72678,-23.563626],[-46.726642,-23.563693],[-46.726655,-23.563714],[-46.726703,-23.563691],[-46.726751,-23.563774],[-46.726703,-23.563797],[-46.726716,-23.563819],[-46.726853,-23.563752],[-46.72678,-23.563626]]]}},{"type":"Feature","properties":{"id":"relation/6029717","inst":"way/154246451","kind":"university","h":6,"mh":0,"acc":"u","src":"osm"},"geometry":{"type":"Polygon","coordinates":[[[-46.727408,-23.562865],[-46.727297,-23.562667],[-46.727485,-23.562579],[-46.727596,-23.562777],[-46.727408,-23.562865]],[[-46.727374,-23.56275],[-46.727407,-23.562733],[-46.727372,-23.562675],[-46.727338,-23.562692],[-46.727374,-23.56275]]]}},{"type":"Feature","properties":{"id":"relation/6029747","name":"Blocos A-G e P","sn":"IAG","inst":"way/152732604","kind":"university","h":11.7,"mh":0,"acc":"u","src":"osm"},"geometry":{"type":"Polygon","coordinates":[[[-46.735266,-23.559355],[-46.735272,-23.559459],[-46.734067,-23.559578],[-46.734062,-23.559543],[-46.734032,-23.559546],[-46.734035,-23.559566],[-46.733971,-23.559572],[-46.733967,-23.559533],[-46.733959,-23.559533],[-46.733891,-23.55954],[-46.733895,-23.559578],[-46.733908,-23.559683],[-46.733868,-23.559687],[-46.733828,-23.559691],[-46.733816,-23.55959],[-46.733794,-23.559593],[-46.733767,-23.559595],[-46.733743,-23.559598],[-46.733723,-23.5596],[-46.733694,-23.559603],[-46.733672,-23.559605],[-46.73365,-23.559607],[-46.733627,-23.559609],[-46.73359,-23.559613],[-46.733541,-23.559618],[-46.73351,-23.559621],[-46.733485,-23.559623],[-46.733462,-23.559626],[-46.733439,-23.559628],[-46.733417,-23.55963],[-46.733396,-23.559632],[-46.733371,-23.559635],[-46.733366,-23.559592],[-46.733362,-23.559556],[-46.733357,-23.559515],[-46.733392,-23.559511],[-46.733426,-23.559508],[-46.733463,-23.559504],[-46.733484,-23.559502],[-46.73348,-23.559469],[-46.733476,-23.559436],[-46.733472,-23.5594],[-46.733446,-23.559402],[-46.733401,-23.559407],[-46.733346,-23.559412],[-46.733332,-23.559291],[-46.733408,-23.559284],[-46.733534,-23.559271],[-46.733562,-23.559268],[-46.733599,-23.559265],[-46.733633,-23.559261],[-46.733669,-23.559258],[-46.733703,-23.559254],[-46.73374,-23.559251],[-46.733777,-23.559247],[-46.733815,-23.559243],[-46.733855,-23.559239],[-46.73386,-23.559282],[-46.733862,-23.5593],[-46.733864,-23.55932],[-46.733866,-23.559331],[-46.733886,-23.559502],[-46.733888,-23.559514],[-46.733927,-23.55951],[-46.733956,-23.559508],[-46.733953,-23.559487],[-46.733952,-23.559477],[-46.733947,-23.559436],[-46.73396,-23.559435],[-46.733955,-23.559397],[-46.734016,-23.559391],[-46.734005,-23.559298],[-46.734032,-23.559295],[-46.734028,-23.559254],[-46.734253,-23.559232],[-46.734492,-23.559209],[-46.734504,-23.559206],[-46.7345,-23.559156],[-46.734572,-23.559146],[-46.734572,-23.55917],[-46.734671,-23.559166],[-46.734685,-23.559306],[-46.734523,-23.559316],[-46.734529,-23.559375],[-46.734755,-23.559353],[-46.734997,-23.559331],[-46.734999,-23.559374],[-46.735024,-23.559372],[-46.735179,-23.559361],[-46.735246,-23.559357],[-46.735266,-23.559355]],[[-46.733786,-23.559367],[-46.733756,-23.55937],[-46.733719,-23.559373],[-46.733684,-23.559377],[-46.733667,-23.559378],[-46.733648,-23.559381],[-46.733613,-23.559384],[-46.733576,-23.559388],[-46.733549,-23.55939],[-46.733561,-23.559493],[-46.733659,-23.559483],[-46.733694,-23.55948],[-46.733729,-23.559476],[-46.733768,-23.559473],[-46.733798,-23.55947],[-46.733796,-23.559456],[-46.733786,-23.559367]],[[-46.734483,-23.559315],[-46.734279,-23.559335],[-46.734286,-23.559398],[-46.73449,-23.559378],[-46.734483,-23.559315]],[[-46.734243,-23.559338],[-46.73404,-23.559359],[-46.734048,-23.559424],[-46.734251,-23.559403],[-46.734243,-23.559338]]]}},{"type":"Feature","properties":{"id":"relation/6033257","name":"Bloco A","inst":"way/34382548","kind":"yes","h":7.7,"mh":0,"acc":"u","src":"osm"},"geometry":{"type":"Polygon","coordinates":[[[-46.724314,-23.555881],[-46.724346,-23.555937],[-46.724307,-23.555957],[-46.72429,-23.555966],[-46.724248,-23.555986],[-46.724142,-23.555801],[-46.724022,-23.555859],[-46.72413,-23.556044],[-46.724082,-23.556067],[-46.72401,-23.556103],[-46.723978,-23.556044],[-46.723998,-23.556034],[-46.723871,-23.555816],[-46.724109,-23.5557],[-46.724134,-23.555748],[-46.724193,-23.555718],[-46.724168,-23.555672],[-46.724408,-23.555555],[-46.724563,-23.555834],[-46.724518,-23.555856],[-46.72443,-23.555897],[-46.724398,-23.555837],[-46.724401,-23.555836],[-46.724328,-23.555709],[-46.72424,-23.555752],[-46.724314,-23.555881]],[[-46.72436,-23.555694],[-46.72435,-23.555699],[-46.724422,-23.555826],[-46.724433,-23.555821],[-46.72436,-23.555694]]]}},{"type":"Feature","properties":{"id":"relation/6052298","inst":"way/403735379","kind":"university","h":6,"mh":0,"acc":"u","src":"osm"},"geometry":{"type":"Polygon","coordinates":[[[-46.732443,-23.560711],[-46.732481,-23.560939],[-46.732542,-23.56093],[-46.732579,-23.561154],[-46.732517,-23.561163],[-46.732554,-23.561387],[-46.731437,-23.561544],[-46.731407,-23.561367],[-46.731345,-23.561375],[-46.7313,-23.561104],[-46.731364,-23.561095],[-46.731327,-23.560868],[-46.732066,-23.560764],[-46.732412,-23.560715],[-46.732443,-23.560711]],[[-46.732405,-23.561035],[-46.73216,-23.561071],[-46.732171,-23.561141],[-46.732417,-23.561107],[-46.732405,-23.561035]],[[-46.732081,-23.561083],[-46.731526,-23.56116],[-46.731535,-23.561224],[-46.73209,-23.561145],[-46.732081,-23.561083]]]}},{"type":"Feature","properties":{"id":"relation/6055738","inst":"way/34381227","kind":"university","h":10,"mh":0,"acc":"u","src":"osm"},"geometry":{"type":"Polygon","coordinates":[[[-46.738862,-23.567758],[-46.738936,-23.567887],[-46.738961,-23.567874],[-46.73897,-23.567889],[-46.738944,-23.567902],[-46.738989,-23.567976],[-46.739181,-23.567881],[-46.739253,-23.568005],[-46.73906,-23.568101],[-46.739088,-23.568147],[-46.739466,-23.567961],[-46.73954,-23.568085],[-46.738969,-23.568367],[-46.738897,-23.568243],[-46.739027,-23.568178],[-46.738899,-23.567958],[-46.738643,-23.568085],[-46.73847,-23.567788],[-46.738731,-23.567665],[-46.738765,-23.567649],[-46.738837,-23.56777],[-46.738862,-23.567758]],[[-46.738767,-23.567797],[-46.738672,-23.567843],[-46.738705,-23.567902],[-46.738801,-23.567855],[-46.738767,-23.567797]]]}},{"type":"Feature","properties":{"id":"relation/6081093","name":"Biomedicas 3","kind":"yes","h":10.2,"mh":0,"acc":"u","src":"osm"},"geometry":{"type":"Polygon","coordinates":[[[-46.740122,-23.565627],[-46.740128,-23.565636],[-46.739926,-23.565743],[-46.739854,-23.565627],[-46.739812,-23.56565],[-46.739884,-23.565766],[-46.739719,-23.565853],[-46.739682,-23.565873],[-46.739609,-23.565757],[-46.739566,-23.56578],[-46.739639,-23.565898],[-46.739617,-23.56591],[-46.739573,-23.565933],[-46.739439,-23.566004],[-46.739359,-23.565874],[-46.739427,-23.565838],[-46.739549,-23.565773],[-46.739545,-23.565766],[-46.739541,-23.56576],[-46.739524,-23.565733],[-46.739495,-23.565748],[-46.739332,-23.565835],[-46.739252,-23.565707],[-46.739455,-23.565599],[-46.739527,-23.565714],[-46.739569,-23.565691],[-46.739496,-23.565575],[-46.739684,-23.565475],[-46.739661,-23.565437],[-46.739592,-23.565473],[-46.73951,-23.565341],[-46.739835,-23.565169],[-46.739917,-23.5653],[-46.739726,-23.565401],[-46.739749,-23.565438],[-46.739939,-23.565337],[-46.74002,-23.565468],[-46.739832,-23.565568],[-46.739857,-23.565609],[-46.740048,-23.565508],[-46.740092,-23.565578],[-46.740122,-23.565627]],[[-46.739787,-23.565635],[-46.739767,-23.565603],[-46.739588,-23.565699],[-46.739607,-23.56573],[-46.739613,-23.56574],[-46.739793,-23.565644],[-46.739787,-23.565635]],[[-46.739747,-23.565458],[-46.739704,-23.565481],[-46.739766,-23.56558],[-46.739809,-23.565557],[-46.739747,-23.565458]]]}},{"type":"Feature","properties":{"id":"relation/6275379","name":"Centro Tecnológico de Hidráulica","inst":"way/158966873","kind":"university","h":5,"mh":0,"acc":"u","src":"osm"},"geometry":{"type":"Polygon","coordinates":[[[-46.727457,-23.553833],[-46.727394,-23.553719],[-46.728003,-23.55343],[-46.72822,-23.553819],[-46.728153,-23.553851],[-46.728158,-23.55386],[-46.728227,-23.553827],[-46.728309,-23.553972],[-46.728289,-23.553983],[-46.728507,-23.554363],[-46.728441,-23.554395],[-46.728439,-23.554391],[-46.728403,-23.554409],[-46.728377,-23.554364],[-46.728413,-23.554346],[-46.728374,-23.554277],[-46.728234,-23.554346],[-46.728212,-23.554313],[-46.727832,-23.554502],[-46.727851,-23.554536],[-46.727948,-23.554487],[-46.727998,-23.554575],[-46.727901,-23.554623],[-46.727919,-23.554655],[-46.728532,-23.554358],[-46.728566,-23.554419],[-46.727952,-23.554713],[-46.727955,-23.554718],[-46.727861,-23.554767],[-46.727586,-23.55429],[-46.726972,-23.554589],[-46.726948,-23.554545],[-46.726746,-23.554178],[-46.727444,-23.55384],[-46.727457,-23.553833]],[[-46.728116,-23.553868],[-46.728028,-23.55391],[-46.728046,-23.553942],[-46.728089,-23.553917],[-46.728115,-23.553962],[-46.72807,-23.553986],[-46.728081,-23.554006],[-46.728154,-23.553967],[-46.72822,-23.554079],[-46.728147,-23.554117],[-46.728168,-23.554151],[-46.728114,-23.554178],[-46.728095,-23.554142],[-46.727726,-23.554316],[-46.727765,-23.554384],[-46.728276,-23.554139],[-46.728208,-23.554022],[-46.728202,-23.554024],[-46.728116,-23.553868]]]}},{"type":"Feature","properties":{"id":"relation/6275389","name":"\"Cirquinho\"","inst":"way/158966873","kind":"university","h":6,"mh":0,"acc":"u","src":"osm"},"geometry":{"type":"Polygon","coordinates":[[[-46.732719,-23.556861],[-46.732762,-23.55684],[-46.732802,-23.556827],[-46.732835,-23.556817],[-46.732898,-23.556818],[-46.732958,-23.556834],[-46.733012,-23.556864],[-46.733055,-23.556906],[-46.733085,-23.556957],[-46.733098,-23.557013],[-46.733096,-23.557071],[-46.733076,-23.557126],[-46.733042,-23.557174],[-46.732995,-23.557213],[-46.732935,-23.557239],[-46.73287,-23.557249],[-46.732805,-23.557243],[-46.732744,-23.55722],[-46.732692,-23.557182],[-46.732653,-23.557133],[-46.732631,-23.557076],[-46.732627,-23.557016],[-46.732641,-23.556957],[-46.732673,-23.556904],[-46.732719,-23.556861]],[[-46.732864,-23.556985],[-46.732816,-23.557007],[-46.732804,-23.557056],[-46.732839,-23.557094],[-46.732893,-23.557094],[-46.732927,-23.557054],[-46.732914,-23.557006],[-46.732864,-23.556985]]]}},{"type":"Feature","properties":{"id":"relation/6275397","name":"Administração Central","kind":"university","h":3.9,"mh":0,"acc":"u","src":"osm"},"geometry":{"type":"Polygon","coordinates":[[[-46.722332,-23.561335],[-46.722339,-23.561349],[-46.722398,-23.561321],[-46.72237,-23.561272],[-46.722423,-23.561246],[-46.722383,-23.561177],[-46.722376,-23.561165],[-46.722418,-23.561145],[-46.722345,-23.56102],[-46.722298,-23.561044],[-46.722376,-23.561181],[-46.722332,-23.561202],[-46.722226,-23.561015],[-46.722178,-23.561038],[-46.722284,-23.561226],[-46.722213,-23.561261],[-46.72219,-23.561219],[-46.722,-23.561312],[-46.722023,-23.561354],[-46.721951,-23.56139],[-46.721913,-23.561323],[-46.721886,-23.561336],[-46.721858,-23.561286],[-46.721885,-23.561273],[-46.721807,-23.561136],[-46.722023,-23.561031],[-46.722182,-23.560955],[-46.722186,-23.560962],[-46.722239,-23.560936],[-46.722267,-23.560983],[-46.722324,-23.560956],[-46.722296,-23.560909],[-46.722617,-23.560753],[-46.722939,-23.561309],[-46.722028,-23.561753],[-46.721907,-23.561543],[-46.722087,-23.561455],[-46.722101,-23.56148],[-46.722174,-23.561444],[-46.72216,-23.561419],[-46.722332,-23.561335]],[[-46.721994,-23.561584],[-46.721961,-23.5616],[-46.722014,-23.561693],[-46.722048,-23.561677],[-46.721994,-23.561584]],[[-46.722338,-23.561479],[-46.722256,-23.561519],[-46.722273,-23.561549],[-46.722355,-23.561509],[-46.722338,-23.561479]],[[-46.722549,-23.561374],[-46.722515,-23.561391],[-46.722532,-23.561421],[-46.722566,-23.561404],[-46.722549,-23.561374]],[[-46.722553,-23.560906],[-46.722507,-23.560928],[-46.72262,-23.561126],[-46.722665,-23.561104],[-46.722553,-23.560906]],[[-46.722729,-23.561225],[-46.722698,-23.56124],[-46.722743,-23.561319],[-46.722775,-23.561304],[-46.722729,-23.561225]]]}},{"type":"Feature","properties":{"id":"relation/6288820","kind":"yes","h":4.8,"mh":0,"acc":"u","src":"osm"},"geometry":{"type":"Polygon","coordinates":[[[-46.719659,-23.560188],[-46.719696,-23.560369],[-46.719729,-23.560391],[-46.719807,-23.560289],[-46.719832,-23.560304],[-46.719825,-23.560315],[-46.719856,-23.560334],[-46.719768,-23.560451],[-46.719728,-23.560426],[-46.719709,-23.560451],[-46.719729,-23.560555],[-46.7197,-23.56056],[-46.71969,-23.560512],[-46.719638,-23.56052],[-46.719648,-23.560568],[-46.719615,-23.560574],[-46.719614,-23.560572],[-46.719587,-23.560576],[-46.719584,-23.560565],[-46.719571,-23.560567],[-46.719553,-23.560474],[-46.719546,-23.560475],[-46.719525,-23.560461],[-46.719496,-23.560498],[-46.719367,-23.560415],[-46.719407,-23.560364],[-46.719509,-23.56043],[-46.719534,-23.560395],[-46.719497,-23.560215],[-46.719659,-23.560188]],[[-46.71954,-23.560423],[-46.719526,-23.560442],[-46.71955,-23.560457],[-46.719613,-23.560446],[-46.719609,-23.560426],[-46.719542,-23.560437],[-46.71954,-23.560423]],[[-46.719701,-23.560397],[-46.719703,-23.56041],[-46.71964,-23.560421],[-46.719643,-23.560441],[-46.719705,-23.560431],[-46.719715,-23.560418],[-46.719712,-23.560417],[-46.719717,-23.560409],[-46.719701,-23.560397]]]}},{"type":"Feature","properties":{"id":"relation/6288946","kind":"stadium","h":6.4,"mh":0,"acc":"u","src":"osm"},"geometry":{"type":"Polygon","coordinates":[[[-46.715865,-23.560296],[-46.715867,-23.56031],[-46.715868,-23.560324],[-46.715868,-23.560337],[-46.715868,-23.560351],[-46.715868,-23.560364],[-46.715867,-23.560378],[-46.715865,-23.560392],[-46.715864,-23.560405],[-46.715861,-23.560418],[-46.715859,-23.560432],[-46.715856,-23.560445],[-46.715852,-23.560458],[-46.715848,-23.560471],[-46.715844,-23.560484],[-46.715839,-23.560497],[-46.715834,-23.56051],[-46.715828,-23.560522],[-46.715822,-23.560534],[-46.715816,-23.560547],[-46.715809,-23.560559],[-46.715802,-23.56057],[-46.715794,-23.560582],[-46.715787,-23.560593],[-46.715778,-23.560605],[-46.71577,-23.560616],[-46.715761,-23.560626],[-46.715751,-23.560637],[-46.715741,-23.560647],[-46.715731,-23.560657],[-46.715721,-23.560666],[-46.71571,-23.560676],[-46.715699,-23.560685],[-46.715688,-23.560693],[-46.715677,-23.560702],[-46.715665,-23.56071],[-46.715653,-23.560718],[-46.715641,-23.560725],[-46.715628,-23.560732],[-46.715615,-23.560739],[-46.715602,-23.560745],[-46.715589,-23.560751],[-46.715576,-23.560757],[-46.715562,-23.560762],[-46.715548,-23.560767],[-46.715535,-23.560771],[-46.715521,-23.560775],[-46.715506,-23.560779],[-46.715492,-23.560782],[-46.715478,-23.560785],[-46.715463,-23.560788],[-46.715449,-23.56079],[-46.715434,-23.560792],[-46.71542,-23.560793],[-46.715405,-23.560794],[-46.71539,-23.560795],[-46.715376,-23.560795],[-46.715361,-23.560794],[-46.715346,-23.560794],[-46.715332,-23.560792],[-46.715317,-23.560791],[-46.715303,-23.560789],[-46.715288,-23.560787],[-46.715274,-23.560784],[-46.715259,-23.560781],[-46.715245,-23.560777],[-46.715231,-23.560773],[-46.715217,-23.560769],[-46.715203,-23.560764],[-46.71519,-23.560759],[-46.715176,-23.560754],[-46.715163,-23.560748],[-46.71515,-23.560742],[-46.715137,-23.560735],[-46.715125,-23.560728],[-46.715112,-23.560721],[-46.7151,-23.560714],[-46.715088,-23.560706],[-46.715076,-23.560697],[-46.715065,-23.560689],[-46.715054,-23.56068],[-46.715043,-23.560671],[-46.715033,-23.560661],[-46.715022,-23.560652],[-46.715013,-23.560641],[-46.715003,-23.560631],[-46.714994,-23.560621],[-46.714985,-23.56061],[-46.714977,-23.560599],[-46.714968,-23.560587],[-46.714961,-23.560576],[-46.714953,-23.560564],[-46.714946,-23.560552],[-46.71494,-23.56054],[-46.714934,-23.560528],[-46.714928,-23.560515],[-46.714922,-23.560503],[-46.714918,-23.56049],[-46.714913,-23.560477],[-46.714909,-23.560464],[-46.714906,-23.560451],[-46.714902,-23.560438],[-46.714821,-23.560034],[-46.71482,-23.56002],[-46.714818,-23.560007],[-46.714817,-23.559993],[-46.714817,-23.55998],[-46.714817,-23.559966],[-46.714817,-23.559952],[-46.714818,-23.559939],[-46.71482,-23.559925],[-46.714821,-23.559912],[-46.714824,-23.559899],[-46.714826,-23.559885],[-46.71483,-23.559872],[-46.714833,-23.559859],[-46.714837,-23.559846],[-46.714842,-23.559833],[-46.714846,-23.55982],[-46.714852,-23.559808],[-46.714857,-23.559795],[-46.714863,-23.559783],[-46.71487,-23.559771],[-46.714874,-23.559763],[-46.714881,-23.559751],[-46.714889,-23.55974],[-46.714897,-23.559728],[-46.714905,-23.559717],[-46.714913,-23.559706],[-46.714922,-23.559695],[-46.714932,-23.559685],[-46.714941,-23.559674],[-46.714951,-23.559664],[-46.714961,-23.559655],[-46.714972,-23.559645],[-46.714983,-23.559636],[-46.714994,-23.559627],[-46.715005,-23.559619],[-46.715017,-23.559611],[-46.715029,-23.559603],[-46.715043,-23.559594],[-46.715054,-23.559588],[-46.715066,-23.559581],[-46.715079,-23.559575],[-46.715092,-23.559568],[-46.715106,-23.559563],[-46.715119,-23.559557],[-46.715135,-23.559552],[-46.715153,-23.559545],[-46.715167,-23.559541],[-46.715182,-23.559538],[-46.715196,-23.559534],[-46.71521,-23.559531],[-46.715225,-23.559529],[-46.715239,-23.559527],[-46.715254,-23.559525],[-46.715268,-23.559524],[-46.715283,-23.559523],[-46.715298,-23.559522],[-46.715312,-23.559522],[-46.715327,-23.559523],[-46.715342,-23.559523],[-46.715356,-23.559524],[-46.715371,-23.559526],[-46.715388,-23.559528],[-46.715402,-23.559531],[-46.715416,-23.559533],[-46.715431,-23.559537],[-46.715445,-23.55954],[-46.715459,-23.559545],[-46.715473,-23.559549],[-46.715486,-23.559554],[-46.7155,-23.559559],[-46.715513,-23.559565],[-46.715526,-23.559571],[-46.715539,-23.559577],[-46.715552,-23.559584],[-46.715565,-23.559591],[-46.715577,-23.559598],[-46.715589,-23.559606],[-46.715601,-23.559614],[-46.715613,-23.559622],[-46.715624,-23.559631],[-46.715635,-23.55964],[-46.715645,-23.559649],[-46.715656,-23.559659],[-46.715666,-23.559669],[-46.715676,-23.559679],[-46.715685,-23.559689],[-46.715694,-23.5597],[-46.715703,-23.559711],[-46.715711,-23.559722],[-46.715719,-23.559733],[-46.715727,-23.559745],[-46.715734,-23.559757],[-46.715741,-23.559769],[-46.715747,-23.559781],[-46.715753,-23.559793],[-46.715759,-23.559806],[-46.715764,-23.559818],[-46.715769,-23.559831],[-46.715773,-23.559844],[-46.715777,-23.559857],[-46.715638,-23.559879],[-46.71573,-23.56032],[-46.715865,-23.560296]],[[-46.714988,-23.559846],[-46.714938,-23.559827],[-46.714932,-23.559841],[-46.714927,-23.559854],[-46.714923,-23.559867],[-46.714919,-23.55988],[-46.714916,-23.559893],[-46.714913,-23.559906],[-46.714911,-23.55992],[-46.714909,-23.559933],[-46.714908,-23.559947],[-46.714907,-23.55996],[-46.714907,-23.559974],[-46.714907,-23.559987],[-46.714908,-23.560001],[-46.71491,-23.560014],[-46.714912,-23.560028],[-46.71499,-23.56042],[-46.714993,-23.560433],[-46.714997,-23.560446],[-46.715001,-23.560459],[-46.715006,-23.560472],[-46.715011,-23.560485],[-46.715017,-23.560497],[-46.715024,-23.560509],[-46.715031,-23.560521],[-46.715038,-23.560533],[-46.715046,-23.560544],[-46.715054,-23.560555],[-46.715063,-23.560566],[-46.715072,-23.560576],[-46.715081,-23.560586],[-46.715091,-23.560596],[-46.715096,-23.560599],[-46.715131,-23.560566],[-46.715135,-23.560572],[-46.715142,-23.560583],[-46.71515,-23.560594],[-46.715158,-23.560605],[-46.715167,-23.560616],[-46.715177,-23.560626],[-46.715187,-23.560635],[-46.715198,-23.560645],[-46.715209,-23.560653],[-46.71522,-23.560662],[-46.715232,-23.560669],[-46.715244,-23.560677],[-46.715257,-23.560683],[-46.71527,-23.560689],[-46.715283,-23.560695],[-46.715296,-23.5607],[-46.71531,-23.560704],[-46.715324,-23.560708],[-46.715338,-23.560711],[-46.715353,-23.560713],[-46.715367,-23.560715],[-46.715381,-23.560716],[-46.715396,-23.560717],[-46.71541,-23.560717],[-46.715425,-23.560716],[-46.715432,-23.560715],[-46.715447,-23.560713],[-46.715461,-23.560711],[-46.715475,-23.560708],[-46.715489,-23.560704],[-46.715503,-23.5607],[-46.715516,-23.560695],[-46.715529,-23.560689],[-46.715542,-23.560683],[-46.715555,-23.560676],[-46.715567,-23.560669],[-46.715579,-23.560661],[-46.71559,-23.560653],[-46.715601,-23.560644],[-46.715611,-23.560634],[-46.715621,-23.560625],[-46.71563,-23.560614],[-46.715639,-23.560604],[-46.715647,-23.560593],[-46.715655,-23.560581],[-46.715662,-23.560569],[-46.715668,-23.560557],[-46.715674,-23.560545],[-46.715679,-23.560533],[-46.715684,-23.56052],[-46.715688,-23.560507],[-46.715692,-23.560494],[-46.715695,-23.560481],[-46.715698,-23.560468],[-46.7157,-23.560455],[-46.715702,-23.560442],[-46.715703,-23.560429],[-46.715704,-23.560415],[-46.715704,-23.560402],[-46.715704,-23.560389],[-46.715704,-23.560376],[-46.715703,-23.560362],[-46.715702,-23.560349],[-46.715701,-23.560343],[-46.715659,-23.560125],[-46.715604,-23.559863],[-46.715603,-23.559856],[-46.715599,-23.559844],[-46.715594,-23.559832],[-46.715589,-23.559819],[-46.715584,-23.559807],[-46.715579,-23.559795],[-46.715573,-23.559783],[-46.715566,-23.559771],[-46.715559,-23.559759],[-46.715552,-23.559748],[-46.715544,-23.559736],[-46.71554,-23.559731],[-46.715532,-23.55972],[-46.715523,-23.559709],[-46.715513,-23.559699],[-46.715503,-23.55969],[-46.715493,-23.55968],[-46.715482,-23.559671],[-46.715471,-23.559662],[-46.71546,-23.559654],[-46.715448,-23.559646],[-46.715436,-23.559639],[-46.715423,-23.559632],[-46.715417,-23.559629],[-46.715404,-23.559623],[-46.71539,-23.559618],[-46.715377,-23.559614],[-46.715363,-23.55961],[-46.715348,-23.559607],[-46.715334,-23.559605],[-46.71532,-23.559603],[-46.715305,-23.559601],[-46.715291,-23.559601],[-46.715277,-23.559601],[-46.715263,-23.559601],[-46.715248,-23.559603],[-46.715234,-23.559605],[-46.71522,-23.559608],[-46.715206,-23.559611],[-46.715192,-23.559615],[-46.715178,-23.55962],[-46.715165,-23.559625],[-46.715152,-23.559631],[-46.715139,-23.559637],[-46.715126,-23.559644],[-46.715114,-23.559652],[-46.715103,-23.55966],[-46.715091,-23.559668],[-46.715081,-23.559677],[-46.71507,-23.559687],[-46.715061,-23.559696],[-46.715051,-23.559707],[-46.715043,-23.559717],[-46.715034,-23.559728],[-46.715027,-23.55974],[-46.71502,-23.559752],[-46.715013,-23.559764],[-46.715008,-23.559776],[-46.715002,-23.559788],[-46.714998,-23.559801],[-46.714994,-23.559814],[-46.714991,-23.559827],[-46.714988,-23.559846]]]}},{"type":"Feature","properties":{"id":"relation/6289079","name":"FEA 1","inst":"way/158966874","kind":"university","h":8.2,"mh":0,"acc":"u","src":"osm"},"geometry":{"type":"Polygon","coordinates":[[[-46.729601,-23.558139],[-46.729896,-23.558638],[-46.729161,-23.558991],[-46.728453,-23.559338],[-46.728149,-23.558845],[-46.728854,-23.558494],[-46.729586,-23.558146],[-46.729601,-23.558139]],[[-46.728811,-23.55877],[-46.728385,-23.558978],[-46.72845,-23.559092],[-46.728877,-23.558882],[-46.728811,-23.55877]],[[-46.729593,-23.558389],[-46.72916,-23.558601],[-46.729224,-23.558714],[-46.729658,-23.558501],[-46.729593,-23.558389]]]}},{"type":"Feature","properties":{"id":"relation/6289130","name":"Jornalismo e Editoração","inst":"way/153922309","kind":"yes","h":6.1,"mh":0,"acc":"u","src":"osm"},"geometry":{"type":"Polygon","coordinates":[[[-46.725984,-23.55748],[-46.725881,-23.557301],[-46.726271,-23.55711],[-46.726477,-23.557468],[-46.726088,-23.557659],[-46.726005,-23.557515],[-46.725984,-23.55748]],[[-46.726276,-23.557296],[-46.726044,-23.557409],[-46.726084,-23.557479],[-46.726316,-23.557365],[-46.726276,-23.557296]]]}},{"type":"Feature","properties":{"id":"relation/6289131","name":"Relações Públicas, Propaganda e Turismo","inst":"way/153922309","kind":"yes","h":5.8,"mh":0,"acc":"u","src":"osm"},"geometry":{"type":"Polygon","coordinates":[[[-46.725926,-23.557553],[-46.726009,-23.557697],[-46.725619,-23.557888],[-46.725413,-23.55753],[-46.725802,-23.557339],[-46.725906,-23.557518],[-46.725926,-23.557553]],[[-46.72581,-23.557523],[-46.725577,-23.557636],[-46.725618,-23.557706],[-46.72585,-23.557593],[-46.72581,-23.557523]]]}},{"type":"Feature","properties":{"id":"relation/6289167","inst":"way/158789266","kind":"university","h":4.1,"mh":0,"acc":"u","src":"osm"},"geometry":{"type":"Polygon","coordinates":[[[-46.733828,-23.560271],[-46.733835,-23.560324],[-46.733807,-23.560327],[-46.733809,-23.560343],[-46.733841,-23.56034],[-46.733843,-23.560355],[-46.733903,-23.560349],[-46.733923,-23.560514],[-46.733851,-23.560522],[-46.733846,-23.560486],[-46.733783,-23.560493],[-46.733788,-23.560532],[-46.733661,-23.560545],[-46.733656,-23.560503],[-46.733639,-23.560504],[-46.733633,-23.560459],[-46.733712,-23.56045],[-46.733691,-23.560285],[-46.733828,-23.560271]],[[-46.733821,-23.560374],[-46.733786,-23.560378],[-46.733796,-23.56046],[-46.73383,-23.560456],[-46.733821,-23.560374]]]}},{"type":"Feature","properties":{"id":"relation/9942510","inst":"way/74924310","kind":"yes","h":6,"mh":0,"acc":"u","src":"osm"},"geometry":{"type":"Polygon","coordinates":[[[-46.720123,-23.564361],[-46.72008,-23.564332],[-46.720106,-23.564304],[-46.719825,-23.564092],[-46.719545,-23.564404],[-46.719487,-23.56436],[-46.719958,-23.563835],[-46.719978,-23.563849],[-46.720047,-23.563772],[-46.720174,-23.563867],[-46.720123,-23.563924],[-46.72018,-23.563966],[-46.720217,-23.563924],[-46.720356,-23.564029],[-46.720318,-23.564071],[-46.720372,-23.564112],[-46.720407,-23.564073],[-46.720539,-23.564172],[-46.72018,-23.564537],[-46.720016,-23.564731],[-46.719918,-23.564662],[-46.719889,-23.564637],[-46.719914,-23.564607],[-46.720123,-23.564361]]]}},{"type":"Feature","properties":{"id":"way/1041146723","name":"Centro de Pesquisa e Desenvolvimento","kind":"yes","h":12.8,"mh":0,"acc":"u","src":"osm"},"geometry":{"type":"Polygon","coordinates":[[[-46.727558,-23.563147],[-46.727477,-23.563354],[-46.727426,-23.563337],[-46.727507,-23.56313],[-46.727558,-23.563147]]]}},{"type":"Feature","properties":{"id":"way/1056530582","inst":"way/158966873","kind":"yes","h":6,"mh":0,"acc":"u","src":"osm"},"geometry":{"type":"Polygon","coordinates":[[[-46.731937,-23.557848],[-46.73192,-23.557855],[-46.731905,-23.557826],[-46.731923,-23.557819],[-46.731937,-23.557848]]]}},{"type":"Feature","properties":{"id":"way/1128043718","inst":"way/1128050303","kind":"yes","h":6,"mh":0,"acc":"u","src":"osm"},"geometry":{"type":"Polygon","coordinates":[[[-46.741454,-23.567086],[-46.74135,-23.567017],[-46.741475,-23.566858],[-46.74135,-23.566775],[-46.741383,-23.566732],[-46.741509,-23.566815],[-46.741639,-23.56665],[-46.741743,-23.566719],[-46.741454,-23.567086]]]}},{"type":"Feature","properties":{"id":"way/1128051839","inst":"way/34381227","kind":"yes","h":6,"mh":0,"acc":"u","src":"osm"},"geometry":{"type":"Polygon","coordinates":[[[-46.739223,-23.567532],[-46.739132,-23.567383],[-46.739221,-23.567338],[-46.739247,-23.56738],[-46.739276,-23.567366],[-46.739297,-23.567401],[-46.739268,-23.567415],[-46.739312,-23.567487],[-46.739223,-23.567532]]]}},{"type":"Feature","properties":{"id":"way/1128053461","name":"Guarita","kind":"yes","h":6,"mh":0,"acc":"u","src":"osm"},"geometry":{"type":"Polygon","coordinates":[[[-46.740143,-23.567337],[-46.740117,-23.567307],[-46.740144,-23.567287],[-46.74017,-23.567316],[-46.740143,-23.567337]]]}},{"type":"Feature","properties":{"id":"way/1128055491","inst":"relation/3375375","kind":"roof","h":4,"mh":3.4,"acc":"u","src":"osm"},"geometry":{"type":"Polygon","coordinates":[[[-46.738022,-23.566493],[-46.738049,-23.566513],[-46.738001,-23.566565],[-46.737975,-23.566545],[-46.738022,-23.566493]]]}},{"type":"Feature","properties":{"id":"way/1128055496","inst":"relation/3375375","kind":"yes","h":6,"mh":0,"acc":"u","src":"osm"},"geometry":{"type":"Polygon","coordinates":[[[-46.738209,-23.566215],[-46.738156,-23.566174],[-46.738182,-23.566145],[-46.738235,-23.566186],[-46.738209,-23.566215]]]}},{"type":"Feature","properties":{"id":"way/1128055497","inst":"relation/3375375","kind":"yes","h":6,"mh":0,"acc":"u","src":"osm"},"geometry":{"type":"Polygon","coordinates":[[[-46.737864,-23.566491],[-46.737924,-23.566537],[-46.73788,-23.566586],[-46.73782,-23.56654],[-46.737864,-23.566491]]]}},{"type":"Feature","properties":{"id":"way/1128055498","inst":"relation/3375375","kind":"roof","h":4,"mh":3.4,"acc":"u","src":"osm"},"geometry":{"type":"Polygon","coordinates":[[[-46.73813,-23.566166],[-46.738233,-23.566245],[-46.737959,-23.566546],[-46.737855,-23.566467],[-46.73813,-23.566166]]]}},{"type":"Feature","properties":{"id":"way/1159706892","inst":"way/158966873","kind":"roof","h":3.8,"mh":3.2,"acc":"u","src":"osm"},"geometry":{"type":"Polygon","coordinates":[[[-46.732538,-23.556346],[-46.732569,-23.556399],[-46.732486,-23.556439],[-46.732456,-23.556386],[-46.732538,-23.556346]]]}},{"type":"Feature","properties":{"id":"way/1223070475","inst":"way/74924310","kind":"roof","h":4,"mh":3.4,"acc":"u","src":"osm"},"geometry":{"type":"Polygon","coordinates":[[[-46.720733,-23.563926],[-46.720889,-23.564045],[-46.720856,-23.564087],[-46.720793,-23.564096],[-46.720664,-23.564002],[-46.720733,-23.563926]]]}},{"type":"Feature","properties":{"id":"way/1223074289","inst":"way/158966873","kind":"yes","h":6,"mh":0,"acc":"u","src":"osm"},"geometry":{"type":"Polygon","coordinates":[[[-46.732775,-23.556774],[-46.732794,-23.55681],[-46.732802,-23.556827],[-46.732762,-23.55684],[-46.732719,-23.556861],[-46.732712,-23.556846],[-46.732696,-23.556813],[-46.732733,-23.556795],[-46.732775,-23.556774]]]}},{"type":"Feature","properties":{"id":"way/1268488168","kind":"yes","h":6,"mh":0,"acc":"u","src":"osm"},"geometry":{"type":"Polygon","coordinates":[[[-46.732279,-23.552472],[-46.732378,-23.552644],[-46.73219,-23.552734],[-46.732091,-23.552562],[-46.732279,-23.552472]]]}},{"type":"Feature","properties":{"id":"way/1271557936","inst":"way/158966873","kind":"yes","h":6,"mh":0,"acc":"u","src":"osm"},"geometry":{"type":"Polygon","coordinates":[[[-46.728824,-23.554938],[-46.728876,-23.55503],[-46.728829,-23.555052],[-46.728777,-23.554959],[-46.728824,-23.554938]]]}},{"type":"Feature","properties":{"id":"way/1273391011","inst":"way/158789266","kind":"yes","h":6,"mh":0,"acc":"u","src":"osm"},"geometry":{"type":"Polygon","coordinates":[[[-46.736282,-23.560336],[-46.736287,-23.560396],[-46.736216,-23.5604],[-46.736211,-23.560341],[-46.736282,-23.560336]]]}},{"type":"Feature","properties":{"id":"way/1291127274","inst":"way/74924310","kind":"university","h":6,"mh":0,"acc":"u","src":"osm"},"geometry":{"type":"Polygon","coordinates":[[[-46.715339,-23.564364],[-46.715556,-23.564275],[-46.715572,-23.564268],[-46.715723,-23.564206],[-46.715785,-23.564318],[-46.715759,-23.564389],[-46.715831,-23.564504],[-46.715771,-23.564652],[-46.715672,-23.564697],[-46.715281,-23.564571],[-46.715339,-23.564364]]]}},{"type":"Feature","properties":{"id":"way/1313082617","kind":"yes","h":6,"mh":0,"acc":"u","src":"osm"},"geometry":{"type":"Polygon","coordinates":[[[-46.71488,-23.558978],[-46.714914,-23.559038],[-46.714783,-23.5591],[-46.714749,-23.55904],[-46.71488,-23.558978]]]}},{"type":"Feature","properties":{"id":"way/1318486973","inst":"way/74924310","kind":"yes","h":6,"mh":0,"acc":"u","src":"osm"},"geometry":{"type":"Polygon","coordinates":[[[-46.719018,-23.563286],[-46.718925,-23.563396],[-46.718774,-23.56329],[-46.718867,-23.56318],[-46.719018,-23.563286]]]}},{"type":"Feature","properties":{"id":"way/1318486974","inst":"way/74924310","kind":"yes","h":6,"mh":0,"acc":"u","src":"osm"},"geometry":{"type":"Polygon","coordinates":[[[-46.718621,-23.563355],[-46.718346,-23.563656],[-46.718223,-23.563561],[-46.718293,-23.563484],[-46.718274,-23.56346],[-46.718397,-23.563325],[-46.718422,-23.563345],[-46.718498,-23.563261],[-46.718621,-23.563355]]]}},{"type":"Feature","properties":{"id":"way/1318486975","inst":"way/74924310","kind":"yes","h":6,"mh":0,"acc":"u","src":"osm"},"geometry":{"type":"Polygon","coordinates":[[[-46.718144,-23.563459],[-46.718015,-23.563536],[-46.71793,-23.563417],[-46.71806,-23.563339],[-46.718144,-23.563459]]]}},{"type":"Feature","properties":{"id":"way/1318486976","inst":"way/74924310","kind":"yes","h":6,"mh":0,"acc":"u","src":"osm"},"geometry":{"type":"Polygon","coordinates":[[[-46.717919,-23.563767],[-46.717992,-23.56388],[-46.717955,-23.5639],[-46.717873,-23.563884],[-46.717829,-23.563816],[-46.717919,-23.563767]]]}},{"type":"Feature","properties":{"id":"way/1318486979","inst":"way/74924310","kind":"yes","h":6,"mh":0,"acc":"u","src":"osm"},"geometry":{"type":"Polygon","coordinates":[[[-46.719046,-23.565983],[-46.718979,-23.566054],[-46.718824,-23.56593],[-46.718891,-23.56586],[-46.719046,-23.565983]]]}},{"type":"Feature","properties":{"id":"way/1321961561","inst":"way/74924310","kind":"yes","h":6,"mh":0,"acc":"u","src":"osm"},"geometry":{"type":"Polygon","coordinates":[[[-46.722496,-23.566153],[-46.722285,-23.566193],[-46.72224,-23.565994],[-46.722452,-23.565954],[-46.722496,-23.566153]]]}},{"type":"Feature","properties":{"id":"way/1321961562","inst":"way/74924310","kind":"yes","h":6,"mh":0,"acc":"u","src":"osm"},"geometry":{"type":"Polygon","coordinates":[[[-46.722175,-23.566119],[-46.722052,-23.566222],[-46.721937,-23.566107],[-46.722061,-23.566004],[-46.722175,-23.566119]]]}},{"type":"Feature","properties":{"id":"way/1321961563","inst":"way/74924310","kind":"yes","h":6,"mh":0,"acc":"u","src":"osm"},"geometry":{"type":"Polygon","coordinates":[[[-46.722304,-23.565834],[-46.722224,-23.56597],[-46.722069,-23.565892],[-46.722149,-23.565757],[-46.722304,-23.565834]]]}},{"type":"Feature","properties":{"id":"way/1321961564","inst":"way/74924310","kind":"yes","h":6,"mh":0,"acc":"u","src":"osm"},"geometry":{"type":"Polygon","coordinates":[[[-46.722033,-23.565882],[-46.721829,-23.565962],[-46.72174,-23.565772],[-46.721945,-23.565692],[-46.722033,-23.565882]]]}},{"type":"Feature","properties":{"id":"way/1321961565","inst":"way/74924310","kind":"yes","h":6,"mh":0,"acc":"u","src":"osm"},"geometry":{"type":"Polygon","coordinates":[[[-46.717163,-23.565367],[-46.717183,-23.565387],[-46.717208,-23.565385],[-46.717241,-23.565459],[-46.717192,-23.565477],[-46.717018,-23.565759],[-46.716829,-23.56584],[-46.716757,-23.5657],[-46.716841,-23.565664],[-46.716775,-23.565534],[-46.717163,-23.565367]]]}},{"type":"Feature","properties":{"id":"way/1321961566","inst":"way/74924310","kind":"yes","h":6,"mh":0,"acc":"u","src":"osm"},"geometry":{"type":"Polygon","coordinates":[[[-46.716842,-23.566108],[-46.716632,-23.566208],[-46.716534,-23.566021],[-46.716469,-23.566055],[-46.716367,-23.565872],[-46.716633,-23.565751],[-46.716842,-23.566108]]]}},{"type":"Feature","properties":{"id":"way/1321961567","inst":"way/74924310","kind":"yes","h":6,"mh":0,"acc":"u","src":"osm"},"geometry":{"type":"Polygon","coordinates":[[[-46.716395,-23.5665],[-46.716529,-23.566733],[-46.716276,-23.566855],[-46.716261,-23.56683],[-46.716148,-23.566884],[-46.716029,-23.566678],[-46.716395,-23.5665]]]}},{"type":"Feature","properties":{"id":"way/1342742413","name":"Centro de Convivência","inst":"way/34380707","kind":"yes","h":6,"mh":0,"acc":"u","src":"osm"},"geometry":{"type":"Polygon","coordinates":[[[-46.723237,-23.564246],[-46.723311,-23.564285],[-46.72325,-23.56438],[-46.723177,-23.564341],[-46.723237,-23.564246]]]}},{"type":"Feature","properties":{"id":"way/1342742414","name":"Centro de Convivência Araucárias","kind":"yes","h":6,"mh":0,"acc":"u","src":"osm"},"geometry":{"type":"Polygon","coordinates":[[[-46.722546,-23.557103],[-46.722623,-23.557244],[-46.722487,-23.557307],[-46.72241,-23.557165],[-46.722546,-23.557103]]]}},{"type":"Feature","properties":{"id":"way/1352423535","inst":"way/74924310","kind":"yes","h":6,"mh":0,"acc":"u","src":"osm"},"geometry":{"type":"Polygon","coordinates":[[[-46.724462,-23.568646],[-46.724064,-23.569321],[-46.72369,-23.569136],[-46.724089,-23.568461],[-46.724462,-23.568646]]]}},{"type":"Feature","properties":{"id":"way/1352423537","inst":"way/74924310","kind":"yes","h":6,"mh":0,"acc":"u","src":"osm"},"geometry":{"type":"Polygon","coordinates":[[[-46.723971,-23.569491],[-46.723796,-23.56978],[-46.723553,-23.56967],[-46.723503,-23.569681],[-46.723477,-23.569653],[-46.723479,-23.569614],[-46.723503,-23.569595],[-46.723561,-23.569488],[-46.723482,-23.569444],[-46.723554,-23.569332],[-46.723705,-23.569405],[-46.723728,-23.569384],[-46.723971,-23.569491]]]}},{"type":"Feature","properties":{"id":"way/1396148339","inst":"relation/20199273","kind":"yes","h":6,"mh":0,"acc":"u","src":"osm"},"geometry":{"type":"Polygon","coordinates":[[[-46.73564,-23.55756],[-46.735594,-23.557635],[-46.735514,-23.557594],[-46.73556,-23.557519],[-46.73564,-23.55756]]]}},{"type":"Feature","properties":{"id":"way/1396148341","inst":"way/79195487","kind":"yes","h":6,"mh":0,"acc":"u","src":"osm"},"geometry":{"type":"Polygon","coordinates":[[[-46.739591,-23.559538],[-46.739592,-23.559471],[-46.739679,-23.559471],[-46.739678,-23.559539],[-46.739591,-23.559538]]]}},{"type":"Feature","properties":{"id":"way/1396148343","inst":"relation/20199273","kind":"yes","h":6,"mh":0,"acc":"u","src":"osm"},"geometry":{"type":"Polygon","coordinates":[[[-46.740489,-23.557595],[-46.740485,-23.557394],[-46.740533,-23.557393],[-46.740538,-23.557594],[-46.740489,-23.557595]]]}},{"type":"Feature","properties":{"id":"way/1447059782","inst":"way/154246451","kind":"university","h":6,"mh":0,"acc":"u","src":"osm"},"geometry":{"type":"Polygon","coordinates":[[[-46.72696,-23.561179],[-46.726998,-23.561244],[-46.727039,-23.56132],[-46.727079,-23.561389],[-46.727119,-23.561463],[-46.727159,-23.561533],[-46.727198,-23.561608],[-46.727241,-23.561682],[-46.727319,-23.561825],[-46.727447,-23.562043],[-46.727367,-23.562082],[-46.727285,-23.561935],[-46.727243,-23.561861],[-46.727204,-23.561793],[-46.727167,-23.561721],[-46.72708,-23.561572],[-46.727043,-23.5615],[-46.72696,-23.561359],[-46.72692,-23.561284],[-46.72688,-23.561217],[-46.72696,-23.561179]]]}},{"type":"Feature","properties":{"id":"way/1447059783","inst":"way/154246451","kind":"university","h":6,"mh":0,"acc":"u","src":"osm"},"geometry":{"type":"Polygon","coordinates":[[[-46.727319,-23.561825],[-46.727793,-23.561595],[-46.727918,-23.561812],[-46.727447,-23.562043],[-46.727319,-23.561825]]]}},{"type":"Feature","properties":{"id":"way/1447059784","inst":"way/154246451","kind":"university","h":6,"mh":0,"acc":"u","src":"osm"},"geometry":{"type":"Polygon","coordinates":[[[-46.727447,-23.562043],[-46.727527,-23.562179],[-46.7273,-23.562291],[-46.727261,-23.562225],[-46.727337,-23.562187],[-46.727296,-23.562117],[-46.727367,-23.562082],[-46.727447,-23.562043]]]}},{"type":"Feature","properties":{"id":"way/1447059785","inst":"way/154246451","kind":"university","h":6,"mh":0,"acc":"u","src":"osm"},"geometry":{"type":"Polygon","coordinates":[[[-46.726838,-23.561146],[-46.72688,-23.561217],[-46.72692,-23.561284],[-46.726609,-23.561438],[-46.726528,-23.5613],[-46.726838,-23.561146]]]}},{"type":"Feature","properties":{"id":"way/1447059786","inst":"way/154246451","kind":"university","h":6,"mh":0,"acc":"u","src":"osm"},"geometry":{"type":"Polygon","coordinates":[[[-46.72696,-23.561179],[-46.727271,-23.561028],[-46.727309,-23.561093],[-46.726998,-23.561244],[-46.72696,-23.561179]]]}},{"type":"Feature","properties":{"id":"way/1447059787","inst":"way/154246451","kind":"university","h":6,"mh":0,"acc":"u","src":"osm"},"geometry":{"type":"Polygon","coordinates":[[[-46.727039,-23.56132],[-46.727346,-23.561171],[-46.727386,-23.56124],[-46.727079,-23.561389],[-46.727039,-23.56132]]]}},{"type":"Feature","properties":{"id":"way/1447059788","inst":"way/154246451","kind":"university","h":6,"mh":0,"acc":"u","src":"osm"},"geometry":{"type":"Polygon","coordinates":[[[-46.727119,-23.561463],[-46.727431,-23.561315],[-46.72747,-23.561384],[-46.727159,-23.561533],[-46.727119,-23.561463]]]}},{"type":"Feature","properties":{"id":"way/1447059789","inst":"way/154246451","kind":"university","h":6,"mh":0,"acc":"u","src":"osm"},"geometry":{"type":"Polygon","coordinates":[[[-46.727198,-23.561608],[-46.727514,-23.561455],[-46.727557,-23.561529],[-46.727241,-23.561682],[-46.727198,-23.561608]]]}},{"type":"Feature","properties":{"id":"way/1447059790","inst":"way/154246451","kind":"university","h":6,"mh":0,"acc":"u","src":"osm"},"geometry":{"type":"Polygon","coordinates":[[[-46.727211,-23.562161],[-46.727331,-23.562369],[-46.727189,-23.562437],[-46.727069,-23.562229],[-46.727211,-23.562161]]]}},{"type":"Feature","properties":{"id":"way/1447059791","inst":"way/154246451","kind":"university","h":6,"mh":0,"acc":"u","src":"osm"},"geometry":{"type":"Polygon","coordinates":[[[-46.72696,-23.561359],[-46.727043,-23.5615],[-46.726732,-23.561655],[-46.726648,-23.561513],[-46.72696,-23.561359]]]}},{"type":"Feature","properties":{"id":"way/1447059792","inst":"way/154246451","kind":"university","h":6,"mh":0,"acc":"u","src":"osm"},"geometry":{"type":"Polygon","coordinates":[[[-46.72708,-23.561572],[-46.727167,-23.561721],[-46.726857,-23.561871],[-46.726771,-23.561722],[-46.72708,-23.561572]]]}},{"type":"Feature","properties":{"id":"way/1447059793","inst":"way/154246451","kind":"university","h":6,"mh":0,"acc":"u","src":"osm"},"geometry":{"type":"Polygon","coordinates":[[[-46.727204,-23.561793],[-46.727285,-23.561935],[-46.726985,-23.562086],[-46.726904,-23.561938],[-46.727204,-23.561793]]]}},{"type":"Feature","properties":{"id":"way/1462219601","inst":"way/74924310","kind":"yes","h":6,"mh":0,"acc":"u","src":"osm"},"geometry":{"type":"Polygon","coordinates":[[[-46.718684,-23.565919],[-46.718657,-23.565948],[-46.718623,-23.565921],[-46.71865,-23.565892],[-46.718684,-23.565919]]]}},{"type":"Feature","properties":{"id":"way/1462219603","inst":"way/74924310","kind":"yes","h":6,"mh":0,"acc":"u","src":"osm"},"geometry":{"type":"Polygon","coordinates":[[[-46.721318,-23.564851],[-46.721285,-23.564887],[-46.721001,-23.564671],[-46.721033,-23.564635],[-46.721318,-23.564851]]]}},{"type":"Feature","properties":{"id":"way/1462219604","inst":"way/74924310","kind":"yes","h":6,"mh":0,"acc":"u","src":"osm"},"geometry":{"type":"Polygon","coordinates":[[[-46.721446,-23.564795],[-46.721389,-23.564856],[-46.721354,-23.564829],[-46.721411,-23.564768],[-46.721446,-23.564795]]]}},{"type":"Feature","properties":{"id":"way/1462222179","inst":"way/74924310","kind":"yes","h":6,"mh":0,"acc":"u","src":"osm"},"geometry":{"type":"Polygon","coordinates":[[[-46.720247,-23.5639],[-46.72006,-23.563771],[-46.72014,-23.563675],[-46.720326,-23.563804],[-46.720247,-23.5639]]]}},{"type":"Feature","properties":{"id":"way/147219056","name":"Anfiteatros do Biênio","inst":"way/158966873","kind":"university","h":3.8,"mh":0,"acc":"u","src":"osm"},"geometry":{"type":"Polygon","coordinates":[[[-46.732538,-23.556346],[-46.732456,-23.556386],[-46.732105,-23.556557],[-46.731987,-23.556351],[-46.73238,-23.556159],[-46.73277,-23.555969],[-46.732889,-23.556175],[-46.732538,-23.556346]]]}},{"type":"Feature","properties":{"id":"way/147219057","name":"Biênio","inst":"way/158966873","kind":"university","h":11.8,"mh":0,"acc":"u","src":"osm"},"geometry":{"type":"Polygon","coordinates":[[[-46.732775,-23.556774],[-46.732733,-23.556795],[-46.732696,-23.556813],[-46.732401,-23.556957],[-46.732392,-23.556961],[-46.732299,-23.5568],[-46.732309,-23.556795],[-46.732333,-23.556783],[-46.732574,-23.556666],[-46.732604,-23.556651],[-46.732582,-23.556613],[-46.732465,-23.55667],[-46.732424,-23.556599],[-46.732105,-23.556755],[-46.732097,-23.556741],[-46.731841,-23.556866],[-46.73179,-23.556779],[-46.732486,-23.556439],[-46.732569,-23.556399],[-46.733025,-23.556176],[-46.733176,-23.556103],[-46.733213,-23.556167],[-46.733224,-23.556186],[-46.733058,-23.556267],[-46.732966,-23.556312],[-46.732975,-23.556329],[-46.732738,-23.556444],[-46.73278,-23.556516],[-46.73267,-23.55657],[-46.732692,-23.556608],[-46.732997,-23.556459],[-46.733027,-23.556511],[-46.733046,-23.556543],[-46.733091,-23.55662],[-46.732775,-23.556774]]]}},{"type":"Feature","properties":{"id":"way/147219058","name":"Engenharia de Produção","inst":"way/158966873","kind":"university","h":6,"mh":0,"acc":"u","src":"osm"},"geometry":{"type":"Polygon","coordinates":[[[-46.73328,-23.556812],[-46.733235,-23.556733],[-46.73322,-23.556704],[-46.733346,-23.556642],[-46.733321,-23.556599],[-46.733194,-23.556661],[-46.73317,-23.55662],[-46.73316,-23.556626],[-46.733215,-23.556718],[-46.733146,-23.556754],[-46.733091,-23.55662],[-46.733058,-23.556538],[-46.733046,-23.556543],[-46.733027,-23.556511],[-46.733078,-23.556485],[-46.733142,-23.556595],[-46.733153,-23.556589],[-46.733134,-23.556557],[-46.733261,-23.556495],[-46.73322,-23.556424],[-46.733094,-23.556485],[-46.733061,-23.556428],[-46.733039,-23.556439],[-46.73301,-23.556387],[-46.733157,-23.556314],[-46.733143,-23.55629],[-46.733088,-23.556318],[-46.733058,-23.556267],[-46.733224,-23.556186],[-46.733255,-23.556232],[-46.733171,-23.556276],[-46.733186,-23.556301],[-46.733465,-23.556169],[-46.733479,-23.556196],[-46.73351,-23.556181],[-46.733555,-23.55626],[-46.733247,-23.556411],[-46.733291,-23.556481],[-46.733597,-23.556331],[-46.733657,-23.556435],[-46.733346,-23.556587],[-46.733371,-23.55663],[-46.733677,-23.556481],[-46.733695,-23.556512],[-46.73374,-23.556591],[-46.73328,-23.556812]]]}},{"type":"Feature","properties":{"id":"way/147377362","name":"FFLCH - Letras","inst":"way/158966875","kind":"university","h":6,"mh":0,"acc":"p","src":"osm"},"geometry":{"type":"Polygon","coordinates":[[[-46.726553,-23.562202],[-46.726308,-23.562316],[-46.72623,-23.562176],[-46.72616,-23.562209],[-46.726241,-23.562354],[-46.726076,-23.562431],[-46.726038,-23.562361],[-46.72596,-23.562398],[-46.726002,-23.562473],[-46.725765,-23.562583],[-46.725715,-23.562493],[-46.725608,-23.5623],[-46.725529,-23.562336],[-46.72524,-23.561817],[-46.725392,-23.561746],[-46.725636,-23.562186],[-46.725709,-23.562152],[-46.725541,-23.561849],[-46.725634,-23.561806],[-46.725799,-23.562103],[-46.725858,-23.562076],[-46.725618,-23.561645],[-46.725792,-23.561564],[-46.726062,-23.562052],[-46.726139,-23.562016],[-46.726108,-23.56196],[-46.726187,-23.561923],[-46.726347,-23.56221],[-46.726423,-23.562174],[-46.726301,-23.561954],[-46.726392,-23.561912],[-46.726553,-23.562202]]]}},{"type":"Feature","properties":{"id":"way/151653713","name":"Centro de Vivência Estudantil","kind":"university","h":4.7,"mh":0,"acc":"u","src":"osm"},"geometry":{"type":"Polygon","coordinates":[[[-46.721272,-23.560211],[-46.721397,-23.560151],[-46.721424,-23.560198],[-46.721582,-23.560122],[-46.721692,-23.560315],[-46.721789,-23.560269],[-46.721827,-23.560336],[-46.721559,-23.560464],[-46.721291,-23.560593],[-46.721237,-23.560498],[-46.721287,-23.560474],[-46.721194,-23.560311],[-46.7213,-23.56026],[-46.721272,-23.560211]]]}},{"type":"Feature","properties":{"id":"way/151653716","name":"Bloco A1","kind":"dormitory","h":21.9,"mh":0,"acc":"u","src":"osm"},"geometry":{"type":"Polygon","coordinates":[[[-46.720143,-23.557638],[-46.719771,-23.557818],[-46.719797,-23.557864],[-46.719714,-23.557905],[-46.719686,-23.557857],[-46.719648,-23.557876],[-46.719604,-23.5578],[-46.720229,-23.557498],[-46.720244,-23.55749],[-46.720295,-23.557578],[-46.720279,-23.557585],[-46.720216,-23.557616],[-46.72024,-23.557657],[-46.720172,-23.557689],[-46.720143,-23.557638]]]}},{"type":"Feature","properties":{"id":"way/151653718","name":"CRUSP Bloco F","kind":"dormitory","h":21.5,"mh":0,"acc":"u","src":"osm"},"geometry":{"type":"Polygon","coordinates":[[[-46.721339,-23.559382],[-46.72132,-23.559391],[-46.721297,-23.559402],[-46.721292,-23.559405],[-46.72132,-23.559453],[-46.721265,-23.559481],[-46.721236,-23.55943],[-46.720714,-23.559689],[-46.720676,-23.559623],[-46.721229,-23.559349],[-46.721259,-23.559334],[-46.721281,-23.559323],[-46.7213,-23.559314],[-46.721304,-23.559312],[-46.721343,-23.559379],[-46.721339,-23.559382]]]}},{"type":"Feature","properties":{"id":"way/151653719","name":"CRUSP Bloco A","kind":"dormitory","h":21.8,"mh":0,"acc":"u","src":"osm"},"geometry":{"type":"Polygon","coordinates":[[[-46.720443,-23.557828],[-46.720424,-23.557837],[-46.720403,-23.557847],[-46.720397,-23.55785],[-46.720358,-23.557782],[-46.720385,-23.557769],[-46.720444,-23.55774],[-46.720988,-23.557472],[-46.721028,-23.557541],[-46.720505,-23.557798],[-46.720532,-23.557846],[-46.720477,-23.557873],[-46.72045,-23.557825],[-46.720443,-23.557828]]]}},{"type":"Feature","properties":{"id":"way/151653722","name":"CRUSP Bloco E","kind":"dormitory","h":21.5,"mh":0,"acc":"u","src":"osm"},"geometry":{"type":"Polygon","coordinates":[[[-46.721166,-23.559069],[-46.721142,-23.559081],[-46.721113,-23.559095],[-46.721073,-23.559026],[-46.721102,-23.559012],[-46.721152,-23.558987],[-46.721704,-23.558717],[-46.721743,-23.558786],[-46.721221,-23.559042],[-46.721249,-23.55909],[-46.721193,-23.559117],[-46.721166,-23.559069]]]}},{"type":"Feature","properties":{"id":"way/151653723","name":"CRUSP Bloco G","kind":"dormitory","h":21.4,"mh":0,"acc":"u","src":"osm"},"geometry":{"type":"Polygon","coordinates":[[[-46.722002,-23.559457],[-46.72169,-23.55961],[-46.721579,-23.559664],[-46.721607,-23.559714],[-46.721551,-23.559741],[-46.721523,-23.559692],[-46.7215,-23.559704],[-46.721484,-23.559712],[-46.721469,-23.559719],[-46.721462,-23.559706],[-46.72143,-23.55965],[-46.721438,-23.559647],[-46.721461,-23.559635],[-46.72148,-23.559626],[-46.721511,-23.55961],[-46.722065,-23.559339],[-46.722103,-23.559407],[-46.722002,-23.559457]]]}},{"type":"Feature","properties":{"id":"way/151653724","name":"CRUSP Bloco B","kind":"dormitory","h":21.9,"mh":0,"acc":"u","src":"osm"},"geometry":{"type":"Polygon","coordinates":[[[-46.720582,-23.558158],[-46.720575,-23.558161],[-46.720603,-23.55821],[-46.720547,-23.558237],[-46.72052,-23.55819],[-46.719996,-23.558446],[-46.719957,-23.558377],[-46.720513,-23.558105],[-46.720543,-23.558091],[-46.720565,-23.55808],[-46.720583,-23.558072],[-46.720588,-23.558069],[-46.720628,-23.558136],[-46.720622,-23.558139],[-46.720603,-23.558148],[-46.720582,-23.558158]]]}},{"type":"Feature","properties":{"id":"way/151653725","name":"CRUSP Bloco D","kind":"dormitory","h":21.7,"mh":0,"acc":"u","src":"osm"},"geometry":{"type":"Polygon","coordinates":[[[-46.720975,-23.558739],[-46.720986,-23.558758],[-46.720981,-23.55876],[-46.720962,-23.55877],[-46.720939,-23.558782],[-46.720934,-23.558784],[-46.720961,-23.558832],[-46.720906,-23.558859],[-46.720878,-23.558811],[-46.720355,-23.559067],[-46.720315,-23.558999],[-46.720869,-23.558728],[-46.7209,-23.558713],[-46.720923,-23.558702],[-46.720941,-23.558693],[-46.720947,-23.55869],[-46.720957,-23.558708],[-46.720975,-23.558739]]]}},{"type":"Feature","properties":{"id":"way/151653726","name":"CRUSP Bloco C","kind":"dormitory","h":21.8,"mh":0,"acc":"u","src":"osm"},"geometry":{"type":"Polygon","coordinates":[[[-46.720803,-23.55845],[-46.720783,-23.55846],[-46.720762,-23.55847],[-46.720755,-23.558473],[-46.720744,-23.558455],[-46.720727,-23.558424],[-46.720716,-23.558404],[-46.720721,-23.558401],[-46.720743,-23.558391],[-46.720763,-23.558381],[-46.720795,-23.558365],[-46.721347,-23.558094],[-46.721386,-23.558164],[-46.720863,-23.55842],[-46.72089,-23.558467],[-46.720835,-23.558495],[-46.720808,-23.558448],[-46.720803,-23.55845]]]}},{"type":"Feature","properties":{"id":"way/151653728","name":"Restaurante Universitário Central","kind":"yes","h":4.7,"mh":0,"acc":"u","src":"osm"},"geometry":{"type":"Polygon","coordinates":[[[-46.721453,-23.559974],[-46.721191,-23.560102],[-46.721132,-23.56013],[-46.72105,-23.559977],[-46.721015,-23.559993],[-46.720844,-23.559699],[-46.721194,-23.559526],[-46.721244,-23.559612],[-46.721334,-23.559768],[-46.72135,-23.559797],[-46.721392,-23.559868],[-46.721453,-23.559974]]]}},{"type":"Feature","properties":{"id":"way/151660773","inst":"way/34380707","kind":"construction","h":9.6,"mh":0,"acc":"u","src":"osm"},"geometry":{"type":"Polygon","coordinates":[[[-46.725284,-23.564961],[-46.725151,-23.565186],[-46.724252,-23.564739],[-46.724386,-23.564513],[-46.725284,-23.564961]]]}},{"type":"Feature","properties":{"id":"way/151660778","name":"Bloco 0","inst":"way/34380707","kind":"yes","h":6.4,"mh":0,"acc":"u","src":"osm"},"geometry":{"type":"Polygon","coordinates":[[[-46.726691,-23.56499],[-46.72676,-23.565108],[-46.726417,-23.565275],[-46.726375,-23.565202],[-46.726349,-23.565157],[-46.726691,-23.56499]]]}},{"type":"Feature","properties":{"id":"way/151660795","name":"LAME (Edifício Anexo)","inst":"way/153922310","kind":"yes","h":8.3,"mh":0,"acc":"u","src":"osm"},"geometry":{"type":"Polygon","coordinates":[[[-46.728895,-23.560165],[-46.728618,-23.560989],[-46.728571,-23.560978],[-46.728294,-23.560494],[-46.728308,-23.560449],[-46.72857,-23.560322],[-46.728895,-23.560165]]]}},{"type":"Feature","properties":{"id":"way/152420863","inst":"way/34380707","kind":"university","h":9.6,"mh":0,"acc":"u","src":"osm"},"geometry":{"type":"Polygon","coordinates":[[[-46.727226,-23.566163],[-46.727088,-23.566246],[-46.727049,-23.566269],[-46.727002,-23.566297],[-46.726911,-23.566169],[-46.727135,-23.566035],[-46.727226,-23.566163]]]}},{"type":"Feature","properties":{"id":"way/152420864","name":"Bloco 1","inst":"way/34317133","kind":"university","h":9.5,"mh":0,"acc":"u","src":"osm"},"geometry":{"type":"Polygon","coordinates":[[[-46.726251,-23.565134],[-46.725755,-23.565376],[-46.725648,-23.565192],[-46.726144,-23.56495],[-46.726251,-23.565134]]]}},{"type":"Feature","properties":{"id":"way/152420865","name":"Bloco 10","inst":"way/34317133","kind":"university","h":9.5,"mh":0,"acc":"u","src":"osm"},"geometry":{"type":"Polygon","coordinates":[[[-46.726447,-23.564251],[-46.72596,-23.564489],[-46.725878,-23.564348],[-46.726365,-23.564111],[-46.726447,-23.564251]]]}},{"type":"Feature","properties":{"id":"way/152420866","name":"Bloco 11","inst":"way/34317133","kind":"university","h":9.5,"mh":0,"acc":"u","src":"osm"},"geometry":{"type":"Polygon","coordinates":[[[-46.726329,-23.56406],[-46.725847,-23.564295],[-46.725769,-23.564159],[-46.72625,-23.563924],[-46.726329,-23.56406]]]}},{"type":"Feature","properties":{"id":"way/152420867","name":"Bloco 12","inst":"way/34317133","kind":"university","h":9.5,"mh":0,"acc":"u","src":"osm"},"geometry":{"type":"Polygon","coordinates":[[[-46.726226,-23.563879],[-46.725743,-23.564115],[-46.725634,-23.563927],[-46.726116,-23.563691],[-46.726226,-23.563879]]]}},{"type":"Feature","properties":{"id":"way/152420868","name":"Bloco 13","inst":"way/52050177","kind":"university","h":9.1,"mh":0,"acc":"u","src":"osm"},"geometry":{"type":"Polygon","coordinates":[[[-46.724295,-23.563912],[-46.724485,-23.564242],[-46.724379,-23.564294],[-46.724272,-23.564346],[-46.724082,-23.564016],[-46.724189,-23.563964],[-46.724295,-23.563912]]]}},{"type":"Feature","properties":{"id":"way/152420869","name":"Departamento de Alimentos e Nutrição Experimental Bloco 14","inst":"way/52050177","kind":"university","h":9,"mh":0,"acc":"u","src":"osm"},"geometry":{"type":"Polygon","coordinates":[[[-46.724495,-23.563813],[-46.724688,-23.564145],[-46.724617,-23.56418],[-46.724541,-23.564217],[-46.724349,-23.563885],[-46.724422,-23.563849],[-46.724495,-23.563813]]]}},{"type":"Feature","properties":{"id":"way/152420870","name":"Departamento de Farmácia Bloco 15","inst":"way/52050177","kind":"university","h":9,"mh":0,"acc":"u","src":"osm"},"geometry":{"type":"Polygon","coordinates":[[[-46.724697,-23.563716],[-46.724886,-23.564047],[-46.724814,-23.564082],[-46.72474,-23.564117],[-46.724552,-23.563787],[-46.724614,-23.563757],[-46.724697,-23.563716]]]}},{"type":"Feature","properties":{"id":"way/152420871","name":"Departamento de Tecnologia Bioquímico-Farmacêutica Bloco 16","inst":"way/52050177","kind":"university","h":9,"mh":0,"acc":"u","src":"osm"},"geometry":{"type":"Polygon","coordinates":[[[-46.724894,-23.56362],[-46.725083,-23.56395],[-46.725014,-23.563984],[-46.724945,-23.564017],[-46.724756,-23.563687],[-46.724825,-23.563653],[-46.724894,-23.56362]]]}},{"type":"Feature","properties":{"id":"way/152420872","name":"Departamento de Análises Clínicas e Toxicológicas Bloco 17","inst":"way/52050177","kind":"university","h":9.3,"mh":0,"acc":"u","src":"osm"},"geometry":{"type":"Polygon","coordinates":[[[-46.725167,-23.563486],[-46.725356,-23.563816],[-46.725249,-23.563868],[-46.725143,-23.563919],[-46.724954,-23.563589],[-46.725061,-23.563537],[-46.725167,-23.563486]]]}},{"type":"Feature","properties":{"id":"way/152420873","name":"Bloco 18","inst":"way/52050175","kind":"university","h":9.3,"mh":0,"acc":"u","src":"osm"},"geometry":{"type":"Polygon","coordinates":[[[-46.72536,-23.563389],[-46.725553,-23.563721],[-46.725484,-23.563755],[-46.725416,-23.563789],[-46.725223,-23.563457],[-46.725292,-23.563423],[-46.72536,-23.563389]]]}},{"type":"Feature","properties":{"id":"way/152420874","name":"Bloco 19","inst":"way/52050175","kind":"university","h":9.7,"mh":0,"acc":"u","src":"osm"},"geometry":{"type":"Polygon","coordinates":[[[-46.725897,-23.563128],[-46.726086,-23.56346],[-46.726018,-23.563492],[-46.725951,-23.563525],[-46.725762,-23.563193],[-46.725829,-23.56316],[-46.725897,-23.563128]]]}},{"type":"Feature","properties":{"id":"way/152420875","name":"Bloco 2","inst":"way/34317133","kind":"university","h":9.5,"mh":0,"acc":"u","src":"osm"},"geometry":{"type":"Polygon","coordinates":[[[-46.726112,-23.564894],[-46.72561,-23.565139],[-46.725532,-23.565005],[-46.726034,-23.56476],[-46.726112,-23.564894]]]}},{"type":"Feature","properties":{"id":"way/152420876","name":"Bloco 20","inst":"way/52050175","kind":"university","h":9.4,"mh":0,"acc":"u","src":"osm"},"geometry":{"type":"Polygon","coordinates":[[[-46.726165,-23.562996],[-46.726357,-23.563328],[-46.726254,-23.563378],[-46.726152,-23.563428],[-46.725961,-23.563096],[-46.726063,-23.563046],[-46.726165,-23.562996]]]}},{"type":"Feature","properties":{"id":"way/152420877","name":"Bloco 21","inst":"way/52050175","kind":"university","h":9.4,"mh":0,"acc":"u","src":"osm"},"geometry":{"type":"Polygon","coordinates":[[[-46.726433,-23.562866],[-46.726624,-23.563197],[-46.726522,-23.563247],[-46.726419,-23.563298],[-46.726228,-23.562967],[-46.726331,-23.562917],[-46.726433,-23.562866]]]}},{"type":"Feature","properties":{"id":"way/152420878","name":"Bloco 22","inst":"way/52050175","kind":"university","h":9.5,"mh":0,"acc":"u","src":"osm"},"geometry":{"type":"Polygon","coordinates":[[[-46.726634,-23.562768],[-46.726824,-23.563099],[-46.726756,-23.563132],[-46.726688,-23.563165],[-46.726498,-23.562834],[-46.726566,-23.562801],[-46.726634,-23.562768]]]}},{"type":"Feature","properties":{"id":"way/152420879","name":"Bloco 3","inst":"way/34317133","kind":"university","h":9.5,"mh":0,"acc":"u","src":"osm"},"geometry":{"type":"Polygon","coordinates":[[[-46.726005,-23.564711],[-46.725507,-23.564954],[-46.725427,-23.564816],[-46.725925,-23.564573],[-46.726005,-23.564711]]]}},{"type":"Feature","properties":{"id":"way/152420880","name":"Bloco 4","inst":"way/34317133","kind":"university","h":9.5,"mh":0,"acc":"u","src":"osm"},"geometry":{"type":"Polygon","coordinates":[[[-46.725902,-23.564534],[-46.72541,-23.564774],[-46.725325,-23.564628],[-46.725818,-23.564388],[-46.725902,-23.564534]]]}},{"type":"Feature","properties":{"id":"way/152420881","name":"Bloco 5","inst":"way/34317133","kind":"university","h":9.5,"mh":0,"acc":"u","src":"osm"},"geometry":{"type":"Polygon","coordinates":[[[-46.72579,-23.564341],[-46.725299,-23.564581],[-46.725218,-23.564442],[-46.72571,-23.564202],[-46.72579,-23.564341]]]}},{"type":"Feature","properties":{"id":"way/152420882","name":"Bloco 6","inst":"way/34317133","kind":"university","h":9.5,"mh":0,"acc":"u","src":"osm"},"geometry":{"type":"Polygon","coordinates":[[[-46.72568,-23.564151],[-46.725197,-23.564386],[-46.725085,-23.564195],[-46.725568,-23.563959],[-46.72568,-23.564151]]]}},{"type":"Feature","properties":{"id":"way/152420883","name":"Bloco 7","inst":"way/34317133","kind":"university","h":9.5,"mh":0,"acc":"u","src":"osm"},"geometry":{"type":"Polygon","coordinates":[[[-46.726801,-23.564869],[-46.726318,-23.565105],[-46.726211,-23.564921],[-46.726694,-23.564685],[-46.726801,-23.564869]]]}},{"type":"Feature","properties":{"id":"way/152420884","name":"Bloco 8","inst":"way/34317133","kind":"university","h":9.5,"mh":0,"acc":"u","src":"osm"},"geometry":{"type":"Polygon","coordinates":[[[-46.726665,-23.564621],[-46.726176,-23.56486],[-46.7261,-23.56473],[-46.72659,-23.564491],[-46.726665,-23.564621]]]}},{"type":"Feature","properties":{"id":"way/152420885","name":"Bloco 9","inst":"way/34317133","kind":"university","h":9.5,"mh":0,"acc":"u","src":"osm"},"geometry":{"type":"Polygon","coordinates":[[[-46.726553,-23.564433],[-46.726066,-23.564671],[-46.725989,-23.564539],[-46.726476,-23.564301],[-46.726553,-23.564433]]]}},{"type":"Feature","properties":{"id":"way/152420886","name":"Restaurante Universitário da Química","inst":"way/52050175","kind":"yes","h":10.5,"mh":0,"acc":"u","src":"osm"},"geometry":{"type":"Polygon","coordinates":[[[-46.725718,-23.563225],[-46.725726,-23.563238],[-46.725733,-23.56325],[-46.725727,-23.563253],[-46.725749,-23.563292],[-46.725757,-23.563288],[-46.725832,-23.56342],[-46.725524,-23.56357],[-46.725468,-23.563473],[-46.72544,-23.563425],[-46.72542,-23.563389],[-46.725412,-23.563375],[-46.725718,-23.563225]]]}},{"type":"Feature","properties":{"id":"way/152420887","name":"Prédio da Administração Bloco 13 A","inst":"way/52050177","kind":"university","h":7.5,"mh":0,"acc":"u","src":"osm"},"geometry":{"type":"Polygon","coordinates":[[[-46.724021,-23.564046],[-46.724213,-23.564376],[-46.724114,-23.564425],[-46.72401,-23.564476],[-46.723818,-23.564145],[-46.72392,-23.564096],[-46.724021,-23.564046]]]}},{"type":"Feature","properties":{"id":"way/152420888","name":"Bloco 13 B","inst":"way/52050177","kind":"university","h":9.5,"mh":0,"acc":"u","src":"osm"},"geometry":{"type":"Polygon","coordinates":[[[-46.723755,-23.564175],[-46.723945,-23.564507],[-46.723876,-23.564541],[-46.723806,-23.564575],[-46.723645,-23.564294],[-46.723616,-23.564243],[-46.723755,-23.564175]]]}},{"type":"Feature","properties":{"id":"way/152579768","name":"Tanque de Provas Numérico","inst":"way/158966873","kind":"yes","h":6,"mh":0,"acc":"u","src":"osm"},"geometry":{"type":"Polygon","coordinates":[[[-46.729384,-23.555362],[-46.729193,-23.555451],[-46.729039,-23.555174],[-46.728932,-23.554981],[-46.729041,-23.55493],[-46.729122,-23.554892],[-46.729384,-23.555362]]]}},{"type":"Feature","properties":{"id":"way/152638233","name":"Reitoria","kind":"yes","h":38.3,"mh":0,"acc":"u","src":"osm"},"geometry":{"type":"Polygon","coordinates":[[[-46.725762,-23.558596],[-46.72585,-23.558749],[-46.725866,-23.558778],[-46.72591,-23.558853],[-46.725929,-23.558886],[-46.72598,-23.558973],[-46.725976,-23.558975],[-46.725873,-23.559026],[-46.72587,-23.559027],[-46.725731,-23.558784],[-46.725591,-23.55854],[-46.725592,-23.55854],[-46.725697,-23.558489],[-46.725699,-23.558487],[-46.725733,-23.558546],[-46.725762,-23.558596]]]}},{"type":"Feature","properties":{"id":"way/152728527","name":"Banco Santander","kind":"yes","h":5.8,"mh":0,"acc":"u","src":"osm"},"geometry":{"type":"Polygon","coordinates":[[[-46.727392,-23.559231],[-46.727539,-23.559483],[-46.727101,-23.559688],[-46.72697,-23.559449],[-46.726979,-23.559437],[-46.72692,-23.559336],[-46.726982,-23.559305],[-46.72704,-23.559406],[-46.727392,-23.559231]]]}},{"type":"Feature","properties":{"id":"way/152728529","name":"Banco do Brasil","kind":"retail","h":5.7,"mh":0,"acc":"u","src":"osm"},"geometry":{"type":"Polygon","coordinates":[[[-46.726881,-23.559921],[-46.726948,-23.560032],[-46.726932,-23.560045],[-46.726948,-23.560078],[-46.726972,-23.560069],[-46.726997,-23.56012],[-46.726871,-23.56018],[-46.726758,-23.559988],[-46.726881,-23.559921]]]}},{"type":"Feature","properties":{"id":"way/152728531","name":"Banco Santander","kind":"yes","h":5.7,"mh":0,"acc":"u","src":"osm"},"geometry":{"type":"Polygon","coordinates":[[[-46.72663,-23.560246],[-46.726504,-23.560313],[-46.726414,-23.560149],[-46.726502,-23.560111],[-46.726526,-23.560155],[-46.726568,-23.560135],[-46.72663,-23.560246]]]}},{"type":"Feature","properties":{"id":"way/152728533","name":"Itaú","kind":"retail","h":5.7,"mh":0,"acc":"u","src":"osm"},"geometry":{"type":"Polygon","coordinates":[[[-46.727455,-23.559722],[-46.727516,-23.559817],[-46.727398,-23.559872],[-46.727318,-23.559724],[-46.727362,-23.559702],[-46.727395,-23.559754],[-46.727455,-23.559722]]]}},{"type":"Feature","properties":{"id":"way/152728534","kind":"yes","h":5.7,"mh":0,"acc":"u","src":"osm"},"geometry":{"type":"Polygon","coordinates":[[[-46.726433,-23.559671],[-46.726534,-23.55985],[-46.726634,-23.559802],[-46.726687,-23.559895],[-46.726486,-23.559991],[-46.726411,-23.559857],[-46.726385,-23.559869],[-46.726352,-23.559812],[-46.726378,-23.5598],[-46.726332,-23.559719],[-46.726433,-23.559671]]]}},{"type":"Feature","properties":{"id":"way/152728535","kind":"retail","h":5.7,"mh":0,"acc":"u","src":"osm"},"geometry":{"type":"Polygon","coordinates":[[[-46.727605,-23.559572],[-46.727717,-23.559769],[-46.727588,-23.559834],[-46.727482,-23.559634],[-46.727605,-23.559572]]]}},{"type":"Feature","properties":{"id":"way/152728539","kind":"university","h":5,"mh":0,"acc":"u","src":"osm"},"geometry":{"type":"Polygon","coordinates":[[[-46.726265,-23.559834],[-46.726381,-23.560029],[-46.726173,-23.560132],[-46.72606,-23.559936],[-46.726265,-23.559834]]]}},{"type":"Feature","properties":{"id":"way/152728541","name":"Banco do Brasil","kind":"yes","h":5.7,"mh":0,"acc":"u","src":"osm"},"geometry":{"type":"Polygon","coordinates":[[[-46.726831,-23.559766],[-46.726738,-23.559746],[-46.726755,-23.559721],[-46.726724,-23.559705],[-46.726732,-23.559687],[-46.726705,-23.559679],[-46.726721,-23.559625],[-46.726663,-23.559597],[-46.726678,-23.559541],[-46.726753,-23.559538],[-46.726891,-23.559582],[-46.72688,-23.559603],[-46.726908,-23.559622],[-46.726904,-23.559644],[-46.726932,-23.559643],[-46.726902,-23.559726],[-46.726874,-23.55972],[-46.726842,-23.559733],[-46.726831,-23.559766]]]}},{"type":"Feature","properties":{"id":"way/152732603","name":"Biblioteca do Instituto de Física","inst":"way/158789266","kind":"yes","h":5.6,"mh":0,"acc":"u","src":"osm"},"geometry":{"type":"Polygon","coordinates":[[[-46.735083,-23.560646],[-46.734943,-23.560658],[-46.73496,-23.560831],[-46.734604,-23.56086],[-46.734582,-23.560632],[-46.735078,-23.560591],[-46.735083,-23.560646]]]}},{"type":"Feature","properties":{"id":"way/152732605","name":"Restaurante universitário Física","inst":"way/158789266","kind":"yes","h":5.6,"mh":0,"acc":"u","src":"osm"},"geometry":{"type":"Polygon","coordinates":[[[-46.735497,-23.560784],[-46.735477,-23.560549],[-46.735585,-23.56054],[-46.735726,-23.560527],[-46.735742,-23.560681],[-46.73575,-23.560761],[-46.735497,-23.560784]]]}},{"type":"Feature","properties":{"id":"way/152921635","name":"Vivência estudantil","inst":"way/158789266","kind":"university","h":5.6,"mh":0,"acc":"u","src":"osm"},"geometry":{"type":"Polygon","coordinates":[[[-46.735477,-23.560549],[-46.735497,-23.560784],[-46.735377,-23.560794],[-46.735352,-23.560797],[-46.73535,-23.560782],[-46.735349,-23.560773],[-46.735347,-23.560756],[-46.735309,-23.560759],[-46.735303,-23.560698],[-46.735289,-23.560566],[-46.735427,-23.560554],[-46.735477,-23.560549]]]}},{"type":"Feature","properties":{"id":"way/152922421","name":"Coordenadoria de Assistência Social","kind":"yes","h":3.2,"mh":0,"acc":"u","src":"osm"},"geometry":{"type":"Polygon","coordinates":[[[-46.7221,-23.55883],[-46.722183,-23.558973],[-46.722088,-23.559018],[-46.722007,-23.558875],[-46.7221,-23.55883]]]}},{"type":"Feature","properties":{"id":"way/152922422","name":"Posto de venda de vales-refeição","kind":"university","h":4.6,"mh":0,"acc":"u","src":"osm"},"geometry":{"type":"Polygon","coordinates":[[[-46.721547,-23.559007],[-46.721753,-23.559366],[-46.721673,-23.559405],[-46.721703,-23.559458],[-46.721711,-23.559472],[-46.721651,-23.559501],[-46.721643,-23.559488],[-46.721614,-23.559434],[-46.721596,-23.559441],[-46.721392,-23.559083],[-46.721547,-23.559007]]]}},{"type":"Feature","properties":{"id":"way/152922423","kind":"yes","h":4.4,"mh":0,"acc":"u","src":"osm"},"geometry":{"type":"Polygon","coordinates":[[[-46.721777,-23.558907],[-46.721969,-23.559241],[-46.721787,-23.559328],[-46.721601,-23.559002],[-46.721636,-23.558986],[-46.72163,-23.558977],[-46.721777,-23.558907]]]}},{"type":"Feature","properties":{"id":"way/153483177","name":"Centro Morais Rêgo","inst":"way/158966873","kind":"yes","h":6.2,"mh":0,"acc":"u","src":"osm"},"geometry":{"type":"Polygon","coordinates":[[[-46.731586,-23.553041],[-46.731655,-23.553167],[-46.731548,-23.553217],[-46.731479,-23.553091],[-46.731586,-23.553041]]]}},{"type":"Feature","properties":{"id":"way/153483179","name":"Escola de dança","inst":"way/158966873","kind":"school","h":6.2,"mh":0,"acc":"u","src":"osm"},"geometry":{"type":"Polygon","coordinates":[[[-46.731693,-23.552992],[-46.731762,-23.553118],[-46.731655,-23.553167],[-46.731586,-23.553041],[-46.731693,-23.552992]]]}},{"type":"Feature","properties":{"id":"way/153483180","name":"Centro Moraes Rego","inst":"way/158966873","kind":"yes","h":6.2,"mh":0,"acc":"u","src":"osm"},"geometry":{"type":"Polygon","coordinates":[[[-46.731479,-23.553091],[-46.731548,-23.553217],[-46.731441,-23.553267],[-46.731372,-23.553141],[-46.731479,-23.553091]]]}},{"type":"Feature","properties":{"id":"way/153489146","name":"Instituto de Ciências Biomédicas IV","sn":"ICB IV","inst":"way/34381459","kind":"yes","h":12,"mh":0,"acc":"u","src":"osm"},"geometry":{"type":"Polygon","coordinates":[[[-46.733726,-23.568228],[-46.733722,-23.568238],[-46.733649,-23.568272],[-46.733494,-23.568228],[-46.733455,-23.56816],[-46.733501,-23.568018],[-46.733579,-23.56798],[-46.733639,-23.567802],[-46.733504,-23.567764],[-46.733551,-23.567625],[-46.734239,-23.56782],[-46.734194,-23.567961],[-46.733788,-23.567845],[-46.733729,-23.568022],[-46.73377,-23.568094],[-46.733767,-23.568103],[-46.733726,-23.568228]]]}},{"type":"Feature","properties":{"id":"way/153489149","name":"Bloco Didático","inst":"way/34381459","kind":"yes","h":7.9,"mh":0,"acc":"u","src":"osm"},"geometry":{"type":"Polygon","coordinates":[[[-46.731533,-23.567187],[-46.731644,-23.567378],[-46.731019,-23.567682],[-46.730911,-23.567496],[-46.731533,-23.567187]]]}},{"type":"Feature","properties":{"id":"way/153489150","inst":"way/34381459","kind":"university","h":6,"mh":0,"acc":"u","src":"osm"},"geometry":{"type":"Polygon","coordinates":[[[-46.73451,-23.567272],[-46.734391,-23.567632],[-46.734244,-23.567592],[-46.734363,-23.567231],[-46.73451,-23.567272]]]}},{"type":"Feature","properties":{"id":"way/153489153","name":"Instituto de Ciências Biomédicas II","sn":"ICB II","inst":"way/34381459","kind":"yes","h":13,"mh":0,"acc":"u","src":"osm"},"geometry":{"type":"Polygon","coordinates":[[[-46.732017,-23.567335],[-46.732043,-23.567381],[-46.732108,-23.567495],[-46.730861,-23.568104],[-46.730751,-23.567912],[-46.731922,-23.567341],[-46.731982,-23.567312],[-46.731999,-23.567304],[-46.732017,-23.567335]]]}},{"type":"Feature","properties":{"id":"way/153489155","inst":"way/34381459","kind":"university","h":6,"mh":0,"acc":"u","src":"osm"},"geometry":{"type":"Polygon","coordinates":[[[-46.734871,-23.567634],[-46.735066,-23.567903],[-46.734795,-23.568068],[-46.734599,-23.567799],[-46.734871,-23.567634]]]}},{"type":"Feature","properties":{"id":"way/153489174","name":"Instituto de Ciências Biomédicas I","sn":"ICB I","inst":"way/34381459","kind":"yes","h":7.1,"mh":0,"acc":"u","src":"osm"},"geometry":{"type":"Polygon","coordinates":[[[-46.733644,-23.567384],[-46.73351,-23.567151],[-46.7333,-23.567253],[-46.733288,-23.567232],[-46.733353,-23.5672],[-46.733335,-23.56717],[-46.733185,-23.567244],[-46.733214,-23.567295],[-46.733096,-23.567353],[-46.733066,-23.567301],[-46.732611,-23.567523],[-46.73264,-23.567575],[-46.732612,-23.567588],[-46.732746,-23.567822],[-46.732658,-23.567865],[-46.732429,-23.567465],[-46.732542,-23.567404],[-46.732547,-23.567413],[-46.733592,-23.566895],[-46.733823,-23.567297],[-46.733644,-23.567384]]]}},{"type":"Feature","properties":{"id":"way/153921470","name":"Restaurante da ECA","kind":"yes","h":4.7,"mh":0,"acc":"u","src":"osm"},"geometry":{"type":"Polygon","coordinates":[[[-46.726144,-23.55814],[-46.726374,-23.558034],[-46.726467,-23.558196],[-46.726453,-23.558192],[-46.726449,-23.558205],[-46.726436,-23.558201],[-46.726432,-23.558213],[-46.726418,-23.55821],[-46.726414,-23.558222],[-46.726401,-23.558219],[-46.726396,-23.55823],[-46.726383,-23.558226],[-46.726379,-23.558239],[-46.726365,-23.558235],[-46.726361,-23.558248],[-46.726348,-23.558243],[-46.726344,-23.558256],[-46.72633,-23.558252],[-46.726326,-23.558264],[-46.726314,-23.558261],[-46.726309,-23.558273],[-46.726296,-23.558269],[-46.726291,-23.558282],[-46.726277,-23.558278],[-46.726273,-23.55829],[-46.72626,-23.558286],[-46.726256,-23.558299],[-46.726242,-23.558294],[-46.726238,-23.558305],[-46.726193,-23.558227],[-46.726224,-23.558211],[-46.7262,-23.558168],[-46.726168,-23.558183],[-46.726144,-23.55814]]]}},{"type":"Feature","properties":{"id":"way/153921471","name":"Cinema, Rádio e TV","inst":"way/153922309","kind":"university","h":10.6,"mh":0,"acc":"u","src":"osm"},"geometry":{"type":"Polygon","coordinates":[[[-46.725338,-23.557569],[-46.725545,-23.55793],[-46.725153,-23.558122],[-46.724944,-23.557761],[-46.725338,-23.557569]]]}},{"type":"Feature","properties":{"id":"way/153921983","name":"FEA 6","inst":"way/158966874","kind":"university","h":5.2,"mh":0,"acc":"u","src":"osm"},"geometry":{"type":"Polygon","coordinates":[[[-46.728471,-23.557898],[-46.728546,-23.558029],[-46.728018,-23.558285],[-46.727947,-23.55815],[-46.728471,-23.557898]]]}},{"type":"Feature","properties":{"id":"way/153921984","name":"Biblioteca FEA 4","inst":"way/158966874","kind":"yes","h":3.6,"mh":0,"acc":"u","src":"osm"},"geometry":{"type":"Polygon","coordinates":[[[-46.728941,-23.557664],[-46.72898,-23.557733],[-46.729236,-23.558181],[-46.728811,-23.55839],[-46.728512,-23.55787],[-46.728941,-23.557664]]]}},{"type":"Feature","properties":{"id":"way/153921986","name":"Centro Didático","inst":"way/158966876","kind":"university","h":14,"mh":0,"acc":"u","src":"osm"},"geometry":{"type":"Polygon","coordinates":[[[-46.730322,-23.564639],[-46.730492,-23.564737],[-46.73015,-23.565239],[-46.72998,-23.565141],[-46.730322,-23.564639]]]}},{"type":"Feature","properties":{"id":"way/153921987","name":"Teatro Laboratório","inst":"way/153922309","kind":"yes","h":8.2,"mh":0,"acc":"u","src":"osm"},"geometry":{"type":"Polygon","coordinates":[[[-46.724218,-23.557676],[-46.724245,-23.557725],[-46.724324,-23.557686],[-46.724406,-23.557834],[-46.724489,-23.557983],[-46.72436,-23.558045],[-46.724381,-23.558084],[-46.724334,-23.558108],[-46.72431,-23.558068],[-46.724142,-23.55815],[-46.724164,-23.558189],[-46.724124,-23.558209],[-46.724032,-23.558048],[-46.724073,-23.558028],[-46.723974,-23.557856],[-46.724143,-23.557773],[-46.72412,-23.557734],[-46.724164,-23.557712],[-46.724158,-23.557704],[-46.724218,-23.557676]]]}},{"type":"Feature","properties":{"id":"way/153921988","name":"FEA 3","inst":"way/158966874","kind":"university","h":12.7,"mh":0,"acc":"u","src":"osm"},"geometry":{"type":"Polygon","coordinates":[[[-46.728543,-23.558053],[-46.728621,-23.558184],[-46.728367,-23.558313],[-46.728106,-23.558437],[-46.728032,-23.5583],[-46.728543,-23.558053]]]}},{"type":"Feature","properties":{"id":"way/153921989","name":"FEA 2","inst":"way/158966874","kind":"university","h":12.4,"mh":0,"acc":"u","src":"osm"},"geometry":{"type":"Polygon","coordinates":[[[-46.728674,-23.558258],[-46.728747,-23.558387],[-46.728492,-23.558511],[-46.728233,-23.55864],[-46.728163,-23.558516],[-46.728674,-23.558258]]]}},{"type":"Feature","properties":{"id":"way/153921990","name":"FEA 5","inst":"way/158966874","kind":"university","h":19.5,"mh":0,"acc":"u","src":"osm"},"geometry":{"type":"Polygon","coordinates":[[[-46.729137,-23.557576],[-46.729152,-23.557578],[-46.729167,-23.557621],[-46.729163,-23.557632],[-46.72917,-23.557645],[-46.729251,-23.557602],[-46.72934,-23.557757],[-46.729326,-23.557766],[-46.729329,-23.557775],[-46.729357,-23.557776],[-46.729394,-23.557837],[-46.729386,-23.557857],[-46.729392,-23.557872],[-46.729409,-23.557877],[-46.729484,-23.558014],[-46.729421,-23.558046],[-46.729411,-23.558042],[-46.729387,-23.558053],[-46.729382,-23.558069],[-46.729319,-23.558096],[-46.729224,-23.557944],[-46.729231,-23.55794],[-46.729218,-23.557921],[-46.729203,-23.557926],[-46.729197,-23.557925],[-46.729183,-23.5579],[-46.729169,-23.557874],[-46.72917,-23.557871],[-46.729177,-23.557867],[-46.729166,-23.557845],[-46.729156,-23.557847],[-46.729073,-23.557692],[-46.729142,-23.557657],[-46.729133,-23.557643],[-46.72912,-23.557636],[-46.729103,-23.557601],[-46.729105,-23.557591],[-46.729137,-23.557576]]]}},{"type":"Feature","properties":{"id":"way/153921991","name":"Edifício André Dreyfus","inst":"way/158966876","kind":"university","h":13,"mh":0,"acc":"u","src":"osm"},"geometry":{"type":"Polygon","coordinates":[[[-46.730415,-23.565387],[-46.730424,-23.565446],[-46.730412,-23.565448],[-46.73044,-23.565612],[-46.730445,-23.565643],[-46.730503,-23.565978],[-46.730509,-23.566011],[-46.730545,-23.566224],[-46.730553,-23.566266],[-46.730581,-23.566427],[-46.730593,-23.566425],[-46.730604,-23.566485],[-46.730591,-23.566487],[-46.730609,-23.566586],[-46.730463,-23.566607],[-46.73024,-23.565313],[-46.730384,-23.56529],[-46.7304,-23.56539],[-46.730415,-23.565387]]]}},{"type":"Feature","properties":{"id":"way/153921992","name":"Ernest Marcus","inst":"way/158966876","kind":"university","h":15,"mh":0,"acc":"u","src":"osm"},"geometry":{"type":"Polygon","coordinates":[[[-46.72982,-23.564694],[-46.729856,-23.564715],[-46.72993,-23.564758],[-46.729928,-23.564762],[-46.72994,-23.564769],[-46.729928,-23.564787],[-46.729932,-23.564789],[-46.729881,-23.564863],[-46.729877,-23.564861],[-46.729865,-23.564879],[-46.729852,-23.564871],[-46.72985,-23.564875],[-46.729562,-23.564708],[-46.729564,-23.564704],[-46.729537,-23.564688],[-46.730046,-23.563942],[-46.730073,-23.563957],[-46.730074,-23.563956],[-46.730374,-23.56413],[-46.730362,-23.564147],[-46.730366,-23.56415],[-46.730315,-23.564225],[-46.730312,-23.564223],[-46.7303,-23.56424],[-46.730287,-23.564233],[-46.730285,-23.564235],[-46.730212,-23.564193],[-46.730173,-23.56417],[-46.730101,-23.564129],[-46.730103,-23.564126],[-46.730078,-23.564112],[-46.730038,-23.564172],[-46.730057,-23.564183],[-46.729962,-23.564322],[-46.729872,-23.564454],[-46.729777,-23.564593],[-46.729759,-23.564582],[-46.729718,-23.564641],[-46.729742,-23.564655],[-46.729745,-23.564651],[-46.72982,-23.564694]]]}},{"type":"Feature","properties":{"id":"way/153922311","name":"Canteiro Experimental","inst":"way/153922310","kind":"university","h":5,"mh":0,"acc":"u","src":"osm"},"geometry":{"type":"Polygon","coordinates":[[[-46.727994,-23.560753],[-46.728111,-23.560847],[-46.728114,-23.560896],[-46.72812,-23.560993],[-46.728012,-23.5611],[-46.727905,-23.561023],[-46.727886,-23.560852],[-46.727994,-23.560753]]]}},{"type":"Feature","properties":{"id":"way/153925998","name":"Casa de Cultura Japonesa","kind":"university","h":13.5,"mh":0,"acc":"u","src":"osm"},"geometry":{"type":"Polygon","coordinates":[[[-46.720064,-23.56321],[-46.720392,-23.563388],[-46.720417,-23.563401],[-46.720363,-23.563486],[-46.720298,-23.563451],[-46.72027,-23.563495],[-46.72029,-23.563506],[-46.720228,-23.563603],[-46.720012,-23.563487],[-46.720025,-23.563467],[-46.720019,-23.563464],[-46.720056,-23.563406],[-46.720062,-23.563409],[-46.720074,-23.563389],[-46.720102,-23.563404],[-46.720131,-23.563358],[-46.720011,-23.563293],[-46.720064,-23.56321]]]}},{"type":"Feature","properties":{"id":"way/153959719","name":"Restaurante universitário COCESP","inst":"way/79195487","kind":"yes","h":8.8,"mh":0,"acc":"u","src":"osm"},"geometry":{"type":"Polygon","coordinates":[[[-46.739811,-23.558868],[-46.739911,-23.558869],[-46.740069,-23.55887],[-46.740069,-23.558916],[-46.740018,-23.558916],[-46.740018,-23.558961],[-46.740002,-23.558961],[-46.740001,-23.559074],[-46.739644,-23.559072],[-46.739644,-23.559083],[-46.739577,-23.559083],[-46.739577,-23.55907],[-46.739396,-23.559069],[-46.739396,-23.559062],[-46.739357,-23.559061],[-46.739358,-23.558919],[-46.739462,-23.55892],[-46.739462,-23.558902],[-46.739811,-23.558904],[-46.739811,-23.558873],[-46.739811,-23.558868]]]}},{"type":"Feature","properties":{"id":"way/153959720","name":"Música","inst":"way/153922309","kind":"yes","h":6,"mh":0,"acc":"u","src":"osm"},"geometry":{"type":"Polygon","coordinates":[[[-46.724512,-23.557593],[-46.724486,-23.557547],[-46.724402,-23.557397],[-46.724687,-23.557255],[-46.724622,-23.55714],[-46.724598,-23.55715],[-46.724581,-23.557121],[-46.724605,-23.55711],[-46.724583,-23.557072],[-46.72441,-23.557156],[-46.724396,-23.55713],[-46.724372,-23.557141],[-46.724343,-23.55709],[-46.724367,-23.557079],[-46.72435,-23.557048],[-46.724646,-23.556906],[-46.724877,-23.55731],[-46.7248,-23.557347],[-46.724753,-23.55737],[-46.724628,-23.557431],[-46.724676,-23.55751],[-46.724512,-23.557593]]]}},{"type":"Feature","properties":{"id":"way/153959723","name":"Bloco C","inst":"way/34382548","kind":"university","h":8.8,"mh":0,"acc":"u","src":"osm"},"geometry":{"type":"Polygon","coordinates":[[[-46.725334,-23.555603],[-46.725417,-23.55575],[-46.725213,-23.555851],[-46.725264,-23.555939],[-46.725235,-23.555955],[-46.725228,-23.555976],[-46.725202,-23.555969],[-46.725175,-23.555984],[-46.725161,-23.555958],[-46.725139,-23.555951],[-46.725146,-23.55593],[-46.725125,-23.555893],[-46.724918,-23.555996],[-46.724839,-23.555848],[-46.725056,-23.555742],[-46.725088,-23.555801],[-46.725149,-23.55577],[-46.725116,-23.555713],[-46.725334,-23.555603]]]}},{"type":"Feature","properties":{"id":"way/153959724","name":"Bloco D","inst":"way/34382548","kind":"university","h":9.8,"mh":0,"acc":"u","src":"osm"},"geometry":{"type":"Polygon","coordinates":[[[-46.725794,-23.556454],[-46.725847,-23.556542],[-46.72566,-23.556638],[-46.725663,-23.556644],[-46.725672,-23.556639],[-46.725702,-23.556691],[-46.725692,-23.556696],[-46.725695,-23.556703],[-46.725882,-23.55661],[-46.725935,-23.5567],[-46.725449,-23.556944],[-46.725393,-23.556851],[-46.725579,-23.556758],[-46.725577,-23.556754],[-46.72557,-23.556757],[-46.725539,-23.556706],[-46.725547,-23.556702],[-46.725544,-23.556696],[-46.725356,-23.556788],[-46.725302,-23.556694],[-46.72551,-23.556592],[-46.725498,-23.556572],[-46.725291,-23.556672],[-46.725277,-23.556651],[-46.725561,-23.556511],[-46.725586,-23.556555],[-46.725794,-23.556454]]]}},{"type":"Feature","properties":{"id":"way/153959727","name":"Creche dos funcionários","kind":"yes","h":7.1,"mh":0,"acc":"u","src":"osm"},"geometry":{"type":"Polygon","coordinates":[[[-46.739102,-23.559109],[-46.739184,-23.559112],[-46.739179,-23.55937],[-46.739029,-23.559367],[-46.739027,-23.559502],[-46.738897,-23.5595],[-46.738898,-23.559365],[-46.738868,-23.559365],[-46.738868,-23.559273],[-46.738915,-23.559274],[-46.738917,-23.559114],[-46.739048,-23.559118],[-46.739043,-23.559279],[-46.739053,-23.559278],[-46.739054,-23.559244],[-46.7391,-23.559244],[-46.739102,-23.559109]]]}},{"type":"Feature","properties":{"id":"way/153959730","name":"Bloco F","inst":"way/34382548","kind":"yes","h":9.3,"mh":0,"acc":"u","src":"osm"},"geometry":{"type":"Polygon","coordinates":[[[-46.724307,-23.555957],[-46.724318,-23.555978],[-46.724362,-23.555956],[-46.724394,-23.556009],[-46.724386,-23.556013],[-46.724388,-23.556017],[-46.724576,-23.555924],[-46.72463,-23.556019],[-46.724442,-23.556112],[-46.724327,-23.556166],[-46.724138,-23.55626],[-46.724084,-23.556165],[-46.724272,-23.556073],[-46.72427,-23.556069],[-46.72426,-23.556074],[-46.724232,-23.556021],[-46.724302,-23.555986],[-46.72429,-23.555966],[-46.724307,-23.555957]]]}},{"type":"Feature","properties":{"id":"way/153959733","inst":"way/34381700","kind":"yes","h":13.4,"mh":0,"acc":"u","src":"osm"},"geometry":{"type":"Polygon","coordinates":[[[-46.733365,-23.558401],[-46.733976,-23.558571],[-46.733929,-23.558714],[-46.733315,-23.558541],[-46.73333,-23.558496],[-46.733302,-23.558488],[-46.733317,-23.558444],[-46.733348,-23.558453],[-46.733365,-23.558401]]]}},{"type":"Feature","properties":{"id":"way/153959734","name":"Bloco E","inst":"way/34382548","kind":"yes","h":4.9,"mh":0,"acc":"u","src":"osm"},"geometry":{"type":"Polygon","coordinates":[[[-46.725011,-23.556602],[-46.72509,-23.55674],[-46.725059,-23.556755],[-46.724716,-23.556921],[-46.724686,-23.556869],[-46.724636,-23.556783],[-46.725011,-23.556602]]]}},{"type":"Feature","properties":{"id":"way/153959735","inst":"way/158966873","kind":"yes","h":6,"mh":0,"acc":"u","src":"osm"},"geometry":{"type":"Polygon","coordinates":[[[-46.726628,-23.555619],[-46.726475,-23.555366],[-46.727164,-23.555021],[-46.727308,-23.555273],[-46.726628,-23.555619]]]}},{"type":"Feature","properties":{"id":"way/153959737","inst":"way/34381700","kind":"yes","h":4.6,"mh":0,"acc":"u","src":"osm"},"geometry":{"type":"Polygon","coordinates":[[[-46.735375,-23.558575],[-46.735821,-23.558701],[-46.735781,-23.558822],[-46.735335,-23.558696],[-46.735375,-23.558575]]]}},{"type":"Feature","properties":{"id":"way/153959739","inst":"way/34381700","kind":"yes","h":6.7,"mh":0,"acc":"u","src":"osm"},"geometry":{"type":"Polygon","coordinates":[[[-46.734715,-23.558809],[-46.73488,-23.558855],[-46.734809,-23.559071],[-46.734644,-23.559026],[-46.734715,-23.558809]]]}},{"type":"Feature","properties":{"id":"way/153959741","inst":"way/34381700","kind":"yes","h":3.7,"mh":0,"acc":"u","src":"osm"},"geometry":{"type":"Polygon","coordinates":[[[-46.735454,-23.558936],[-46.735934,-23.559073],[-46.735914,-23.559134],[-46.735958,-23.559147],[-46.735924,-23.559248],[-46.735938,-23.559252],[-46.735918,-23.559314],[-46.735857,-23.559297],[-46.735876,-23.55924],[-46.735398,-23.559104],[-46.735454,-23.558936]]]}},{"type":"Feature","properties":{"id":"way/153959743","inst":"way/34381700","kind":"university","h":11.5,"mh":0,"acc":"u","src":"osm"},"geometry":{"type":"Polygon","coordinates":[[[-46.733079,-23.558407],[-46.733085,-23.558465],[-46.733194,-23.558456],[-46.733208,-23.558597],[-46.732993,-23.558615],[-46.732974,-23.558415],[-46.733079,-23.558407]]]}},{"type":"Feature","properties":{"id":"way/153959744","inst":"way/34381700","kind":"yes","h":10.8,"mh":0,"acc":"u","src":"osm"},"geometry":{"type":"Polygon","coordinates":[[[-46.734011,-23.558582],[-46.734416,-23.558697],[-46.734368,-23.558842],[-46.733963,-23.558727],[-46.734011,-23.558582]]]}},{"type":"Feature","properties":{"id":"way/153959745","inst":"way/158966873","kind":"university","h":17.8,"mh":0,"acc":"u","src":"osm"},"geometry":{"type":"Polygon","coordinates":[[[-46.726299,-23.554916],[-46.7263,-23.554919],[-46.725935,-23.555097],[-46.725701,-23.554689],[-46.725711,-23.554684],[-46.726066,-23.554511],[-46.726299,-23.554916]]]}},{"type":"Feature","properties":{"id":"way/153959746","inst":"way/153922309","kind":"yes","h":6.5,"mh":0,"acc":"u","src":"osm"},"geometry":{"type":"Polygon","coordinates":[[[-46.724131,-23.557148],[-46.724196,-23.557264],[-46.723845,-23.557434],[-46.723911,-23.55755],[-46.723802,-23.557605],[-46.723671,-23.557374],[-46.724131,-23.557148]]]}},{"type":"Feature","properties":{"id":"way/153959747","name":"Bloco G","inst":"way/34382548","kind":"yes","h":6,"mh":0,"acc":"u","src":"osm"},"geometry":{"type":"Polygon","coordinates":[[[-46.724428,-23.556741],[-46.724195,-23.556321],[-46.724577,-23.556142],[-46.724639,-23.556253],[-46.724379,-23.556375],[-46.724551,-23.556683],[-46.724428,-23.556741]]]}},{"type":"Feature","properties":{"id":"way/153959748","name":"Artes Plásticas","inst":"way/153922309","kind":"yes","h":6,"mh":0,"acc":"u","src":"osm"},"geometry":{"type":"Polygon","coordinates":[[[-46.725349,-23.557266],[-46.725225,-23.557325],[-46.725013,-23.557428],[-46.72497,-23.557353],[-46.724947,-23.557313],[-46.725159,-23.55721],[-46.725079,-23.55707],[-46.724859,-23.55718],[-46.724794,-23.557064],[-46.725138,-23.556894],[-46.725349,-23.557266]]]}},{"type":"Feature","properties":{"id":"way/153959749","inst":"way/34381700","kind":"yes","h":12.7,"mh":0,"acc":"u","src":"osm"},"geometry":{"type":"Polygon","coordinates":[[[-46.7356,-23.558345],[-46.735752,-23.558387],[-46.735728,-23.558463],[-46.735677,-23.558449],[-46.735672,-23.558465],[-46.735873,-23.55852],[-46.73584,-23.558623],[-46.735634,-23.558567],[-46.73564,-23.558549],[-46.735616,-23.558543],[-46.735611,-23.558559],[-46.735409,-23.558503],[-46.735442,-23.558401],[-46.735644,-23.558457],[-46.735649,-23.55844],[-46.735576,-23.55842],[-46.7356,-23.558345]]]}},{"type":"Feature","properties":{"id":"way/153959750","name":"Artes Cênicas e Escola de Arte Dramática","inst":"way/153922309","kind":"yes","h":5.3,"mh":0,"acc":"u","src":"osm"},"geometry":{"type":"Polygon","coordinates":[[[-46.724239,-23.557321],[-46.724396,-23.557593],[-46.724294,-23.557642],[-46.724275,-23.557606],[-46.723939,-23.55777],[-46.723865,-23.557642],[-46.724201,-23.557478],[-46.724139,-23.55737],[-46.724239,-23.557321]]]}},{"type":"Feature","properties":{"id":"way/154073688","name":"Faculdade de Fonoaudiologia, Fisioterapia e Terapia Ocupacional","inst":"way/1128050303","kind":"university","h":6,"mh":0,"acc":"u","src":"osm"},"geometry":{"type":"Polygon","coordinates":[[[-46.740829,-23.567663],[-46.740731,-23.567666],[-46.740725,-23.567535],[-46.740702,-23.567536],[-46.740704,-23.567578],[-46.740647,-23.56758],[-46.740651,-23.567678],[-46.740582,-23.56768],[-46.740579,-23.567606],[-46.740403,-23.567613],[-46.740401,-23.56756],[-46.740351,-23.567562],[-46.740349,-23.567522],[-46.740399,-23.56752],[-46.740396,-23.567459],[-46.740574,-23.567452],[-46.740571,-23.567382],[-46.740695,-23.567378],[-46.740701,-23.567506],[-46.740724,-23.567505],[-46.740718,-23.567378],[-46.740816,-23.567375],[-46.740829,-23.567663]]]}},{"type":"Feature","properties":{"id":"way/154079141","name":"Bloco A","inst":"way/154079145","kind":"university","h":12.3,"mh":0,"acc":"u","src":"osm"},"geometry":{"type":"Polygon","coordinates":[[[-46.731429,-23.559047],[-46.731482,-23.559374],[-46.731501,-23.559492],[-46.731555,-23.559829],[-46.731543,-23.55983],[-46.731243,-23.55987],[-46.731232,-23.559871],[-46.731131,-23.55923],[-46.731111,-23.559098],[-46.731117,-23.559097],[-46.731429,-23.559047]]]}},{"type":"Feature","properties":{"id":"way/154079142","name":"Bloco B","inst":"way/154079145","kind":"university","h":3.2,"mh":0,"acc":"u","src":"osm"},"geometry":{"type":"Polygon","coordinates":[[[-46.732055,-23.559631],[-46.732062,-23.559672],[-46.732074,-23.559745],[-46.731986,-23.559757],[-46.731977,-23.559758],[-46.731955,-23.559761],[-46.731895,-23.55977],[-46.731887,-23.559771],[-46.731811,-23.559781],[-46.73176,-23.559466],[-46.731745,-23.559375],[-46.731738,-23.559333],[-46.73173,-23.559294],[-46.731809,-23.559283],[-46.731757,-23.558959],[-46.731805,-23.558952],[-46.731825,-23.558949],[-46.731844,-23.558947],[-46.731857,-23.559026],[-46.731862,-23.559025],[-46.73194,-23.559014],[-46.731944,-23.559014],[-46.731933,-23.55894],[-46.732033,-23.558928],[-46.73207,-23.559164],[-46.732414,-23.559113],[-46.732436,-23.559245],[-46.732441,-23.559278],[-46.732355,-23.55929],[-46.732368,-23.559372],[-46.732022,-23.559425],[-46.732055,-23.559631]]]}},{"type":"Feature","properties":{"id":"way/154079143","name":"Bloco C","inst":"way/154079145","kind":"university","h":13.2,"mh":0,"acc":"u","src":"osm"},"geometry":{"type":"Polygon","coordinates":[[[-46.732203,-23.558641],[-46.732218,-23.558722],[-46.732182,-23.558727],[-46.732187,-23.558755],[-46.731432,-23.558864],[-46.731418,-23.558753],[-46.731651,-23.558722],[-46.731649,-23.558708],[-46.731707,-23.5587],[-46.73171,-23.558714],[-46.731908,-23.558684],[-46.731905,-23.558667],[-46.731959,-23.558659],[-46.731962,-23.558677],[-46.732203,-23.558641]]]}},{"type":"Feature","properties":{"id":"way/154079144","name":"Centro de Ensino em Computação","inst":"way/154079145","kind":"university","h":8.9,"mh":0,"acc":"u","src":"osm"},"geometry":{"type":"Polygon","coordinates":[[[-46.73215,-23.559659],[-46.732143,-23.559618],[-46.73212,-23.559486],[-46.732296,-23.559464],[-46.732338,-23.55971],[-46.732162,-23.559731],[-46.73215,-23.559659]]]}},{"type":"Feature","properties":{"id":"way/154246452","name":"SHRIMP","inst":"way/154246451","kind":"university","h":6,"mh":0,"acc":"u","src":"osm"},"geometry":{"type":"Polygon","coordinates":[[[-46.727408,-23.562865],[-46.727297,-23.562667],[-46.727485,-23.562579],[-46.727596,-23.562777],[-46.727408,-23.562865]]]}},{"type":"Feature","properties":{"id":"way/1563342254","inst":"way/154079145","kind":"university","h":8.9,"mh":0,"acc":"u","src":"osm"},"geometry":{"type":"Polygon","coordinates":[[[-46.732038,-23.559523],[-46.732055,-23.55952],[-46.732051,-23.559493],[-46.73209,-23.559488],[-46.7321,-23.559544],[-46.73206,-23.55955],[-46.732059,-23.559539],[-46.732041,-23.559542],[-46.732038,-23.559523]]]}},{"type":"Feature","properties":{"id":"way/1563342265","inst":"way/154079145","kind":"university","h":8.9,"mh":0,"acc":"u","src":"osm"},"geometry":{"type":"Polygon","coordinates":[[[-46.731805,-23.558952],[-46.731804,-23.558945],[-46.731776,-23.558949],[-46.731771,-23.558918],[-46.731847,-23.558907],[-46.731852,-23.558938],[-46.731824,-23.558942],[-46.731825,-23.558949],[-46.731805,-23.558952]]]}},{"type":"Feature","properties":{"id":"way/158785421","name":"Biblioteca da Escola de Comunicações e Artes","inst":"way/153922309","kind":"yes","h":11.5,"mh":0,"acc":"u","src":"osm"},"geometry":{"type":"Polygon","coordinates":[[[-46.726474,-23.557633],[-46.726661,-23.557958],[-46.726655,-23.557962],[-46.726691,-23.558023],[-46.726697,-23.55802],[-46.726829,-23.558249],[-46.7269,-23.558374],[-46.726931,-23.558427],[-46.726959,-23.558475],[-46.726953,-23.558478],[-46.726988,-23.55854],[-46.726995,-23.558537],[-46.727005,-23.558554],[-46.727182,-23.558863],[-46.727036,-23.558935],[-46.726849,-23.55861],[-46.726855,-23.558607],[-46.726818,-23.558544],[-46.726811,-23.558547],[-46.726341,-23.557729],[-46.726327,-23.557705],[-46.726334,-23.557702],[-46.726332,-23.557699],[-46.726466,-23.557634],[-46.726468,-23.557636],[-46.726474,-23.557633]]]}},{"type":"Feature","properties":{"id":"way/158788585","inst":"way/158788584","kind":"hospital","h":10.3,"mh":0,"acc":"u","src":"osm"},"geometry":{"type":"Polygon","coordinates":[[[-46.739936,-23.564726],[-46.740008,-23.564842],[-46.740298,-23.564687],[-46.740341,-23.564756],[-46.740186,-23.56484],[-46.740299,-23.56502],[-46.740502,-23.564912],[-46.740552,-23.564993],[-46.740624,-23.565107],[-46.74042,-23.565215],[-46.740533,-23.565396],[-46.740953,-23.565174],[-46.741045,-23.565124],[-46.74093,-23.564941],[-46.740783,-23.565019],[-46.740727,-23.565048],[-46.740692,-23.564992],[-46.740607,-23.564856],[-46.740809,-23.564749],[-46.740697,-23.56457],[-46.740685,-23.564569],[-46.740519,-23.564659],[-46.740443,-23.564538],[-46.740842,-23.564326],[-46.741035,-23.564634],[-46.741193,-23.564888],[-46.741394,-23.56521],[-46.741275,-23.565273],[-46.741255,-23.565284],[-46.740971,-23.565435],[-46.740905,-23.56547],[-46.740887,-23.565479],[-46.740683,-23.565588],[-46.740663,-23.565598],[-46.74059,-23.565637],[-46.740554,-23.565656],[-46.740519,-23.565675],[-46.740387,-23.565745],[-46.740221,-23.56548],[-46.740208,-23.565458],[-46.740123,-23.565323],[-46.740112,-23.565305],[-46.740082,-23.565257],[-46.740036,-23.565183],[-46.739989,-23.565108],[-46.739943,-23.565132],[-46.73989,-23.565161],[-46.739883,-23.56515],[-46.739851,-23.565166],[-46.739818,-23.565112],[-46.73986,-23.56509],[-46.73987,-23.565107],[-46.739892,-23.565095],[-46.739851,-23.56503],[-46.739894,-23.565007],[-46.739941,-23.565082],[-46.739962,-23.565071],[-46.739794,-23.564802],[-46.739936,-23.564726]]]}},{"type":"Feature","properties":{"id":"way/158960178","name":"Associação dos Engenheiros Politécnicos","sn":"AEP","inst":"way/158966873","kind":"university","h":6.4,"mh":0,"acc":"u","src":"osm"},"geometry":{"type":"Polygon","coordinates":[[[-46.730236,-23.555579],[-46.730276,-23.555648],[-46.730031,-23.555767],[-46.729991,-23.555697],[-46.730236,-23.555579]]]}},{"type":"Feature","properties":{"id":"way/158960182","name":"Superintendência de Tecnologia da Informação","sn":"STI","inst":"way/158966873","kind":"university","h":3.6,"mh":0,"acc":"u","src":"osm"},"geometry":{"type":"Polygon","coordinates":[[[-46.732401,-23.556957],[-46.732576,-23.55726],[-46.73244,-23.557326],[-46.732328,-23.557132],[-46.731957,-23.557313],[-46.731908,-23.557227],[-46.73188,-23.557241],[-46.73179,-23.557284],[-46.731767,-23.557245],[-46.731742,-23.557202],[-46.731817,-23.557166],[-46.731864,-23.557143],[-46.731812,-23.557052],[-46.732116,-23.556904],[-46.732103,-23.556881],[-46.732303,-23.556784],[-46.732309,-23.556795],[-46.732299,-23.5568],[-46.732392,-23.556961],[-46.732401,-23.556957]]]}},{"type":"Feature","properties":{"id":"way/158960183","name":"Engenharia Civil e Ambiental","inst":"way/158966873","kind":"university","h":8.5,"mh":0,"acc":"u","src":"osm"},"geometry":{"type":"Polygon","coordinates":[[[-46.731227,-23.554317],[-46.73109,-23.554083],[-46.731258,-23.554001],[-46.731768,-23.55375],[-46.731885,-23.55395],[-46.73198,-23.554112],[-46.731712,-23.554244],[-46.731751,-23.554311],[-46.731762,-23.554329],[-46.732013,-23.554205],[-46.732608,-23.555223],[-46.731931,-23.555555],[-46.73171,-23.555176],[-46.731365,-23.554586],[-46.731341,-23.554546],[-46.731627,-23.554406],[-46.731568,-23.554305],[-46.731297,-23.554437],[-46.731243,-23.554344],[-46.731227,-23.554317]]]}},{"type":"Feature","properties":{"id":"way/158960184","name":"Engenharia Elétrica","inst":"way/158966873","kind":"university","h":6,"mh":0,"acc":"u","src":"osm"},"geometry":{"type":"Polygon","coordinates":[[[-46.729652,-23.557724],[-46.730068,-23.557521],[-46.729813,-23.557079],[-46.7298,-23.557057],[-46.729788,-23.557037],[-46.729683,-23.557089],[-46.729582,-23.557138],[-46.729575,-23.557126],[-46.72946,-23.556925],[-46.729443,-23.556897],[-46.729529,-23.556854],[-46.729538,-23.556868],[-46.729593,-23.556841],[-46.729602,-23.556856],[-46.730435,-23.556451],[-46.730556,-23.556663],[-46.729932,-23.556967],[-46.729933,-23.55697],[-46.730208,-23.556836],[-46.730219,-23.556855],[-46.730428,-23.556753],[-46.730585,-23.557027],[-46.730681,-23.557195],[-46.730475,-23.557299],[-46.730484,-23.557311],[-46.730347,-23.557373],[-46.730206,-23.557445],[-46.730211,-23.557451],[-46.730902,-23.557115],[-46.731023,-23.557327],[-46.730979,-23.557348],[-46.730577,-23.557544],[-46.730537,-23.557564],[-46.730125,-23.557765],[-46.730079,-23.557787],[-46.729976,-23.557837],[-46.729773,-23.557936],[-46.72972,-23.557843],[-46.729694,-23.557799],[-46.729657,-23.557733],[-46.729652,-23.557724]]]}},{"type":"Feature","properties":{"id":"way/158960185","name":"Engenharia Metalúrgica e de Materiais","inst":"way/158966873","kind":"university","h":9,"mh":0,"acc":"u","src":"osm"},"geometry":{"type":"Polygon","coordinates":[[[-46.73108,-23.551951],[-46.73154,-23.552749],[-46.73118,-23.552925],[-46.73103,-23.552665],[-46.73072,-23.552128],[-46.73108,-23.551951]]]}},{"type":"Feature","properties":{"id":"way/158960188","name":"CEE (Poli-USP)","inst":"way/158966873","kind":"yes","h":5.1,"mh":0,"acc":"u","src":"osm"},"geometry":{"type":"Polygon","coordinates":[[[-46.729259,-23.557045],[-46.729541,-23.557533],[-46.729447,-23.55758],[-46.729399,-23.557603],[-46.729369,-23.55755],[-46.72917,-23.557205],[-46.729118,-23.557115],[-46.729259,-23.557045]]]}},{"type":"Feature","properties":{"id":"way/158960189","name":"Centro de Técnicas em Construção Civil","sn":"CTCC","inst":"way/158966873","kind":"university","h":5.9,"mh":0,"acc":"u","src":"osm"},"geometry":{"type":"Polygon","coordinates":[[[-46.731155,-23.55382],[-46.731235,-23.553957],[-46.73085,-23.554146],[-46.730771,-23.554009],[-46.730964,-23.553915],[-46.731155,-23.55382]]]}},{"type":"Feature","properties":{"id":"way/158966871","name":"Centro Cultural Camargo Guarnieri","kind":"civic","h":10.7,"mh":0,"acc":"u","src":"osm"},"geometry":{"type":"Polygon","coordinates":[[[-46.721306,-23.557952],[-46.720854,-23.558168],[-46.720843,-23.558148],[-46.720826,-23.558157],[-46.720815,-23.558138],[-46.720753,-23.558167],[-46.720777,-23.558209],[-46.720701,-23.558246],[-46.720536,-23.557955],[-46.720611,-23.557919],[-46.720626,-23.557945],[-46.720689,-23.557916],[-46.720678,-23.557896],[-46.720695,-23.557888],[-46.720681,-23.557863],[-46.721132,-23.557648],[-46.721219,-23.557801],[-46.721306,-23.557952]]]}},{"type":"Feature","properties":{"id":"way/158966879","name":"Edifício Vilanova Artigas","inst":"way/153922310","kind":"university","h":16,"mh":0,"acc":"u","src":"osm"},"geometry":{"type":"Polygon","coordinates":[[[-46.730214,-23.559675],[-46.730519,-23.560201],[-46.730458,-23.56023],[-46.729566,-23.560667],[-46.729356,-23.560302],[-46.729262,-23.560139],[-46.730214,-23.559675]]]}},{"type":"Feature","properties":{"id":"way/159420781","name":"Administração da Faculdade de Filosofia, Letras e Ciências Humanas","kind":"yes","h":6.7,"mh":0,"acc":"u","src":"osm"},"geometry":{"type":"Polygon","coordinates":[[[-46.729841,-23.561176],[-46.729918,-23.56131],[-46.728659,-23.561924],[-46.728584,-23.561792],[-46.728616,-23.561776],[-46.729222,-23.561479],[-46.729841,-23.561176]]]}},{"type":"Feature","properties":{"id":"way/159420788","name":"Biotério","inst":"way/34380707","kind":"university","h":3,"mh":0,"acc":"u","src":"osm"},"geometry":{"type":"Polygon","coordinates":[[[-46.726782,-23.565284],[-46.727011,-23.565684],[-46.726358,-23.566003],[-46.726223,-23.565769],[-46.726121,-23.56559],[-46.726782,-23.565284]]]}},{"type":"Feature","properties":{"id":"way/159420792","name":"Sweden's","kind":"retail","h":6,"mh":0,"acc":"u","src":"osm"},"geometry":{"type":"Polygon","coordinates":[[[-46.728561,-23.556919],[-46.728617,-23.556892],[-46.728643,-23.556939],[-46.728718,-23.556903],[-46.728875,-23.557181],[-46.728892,-23.557174],[-46.728898,-23.557173],[-46.728937,-23.557246],[-46.728943,-23.557249],[-46.729027,-23.557272],[-46.72903,-23.557276],[-46.728996,-23.557374],[-46.728967,-23.55749],[-46.728851,-23.557449],[-46.72885,-23.55745],[-46.728785,-23.557333],[-46.728794,-23.55733],[-46.728755,-23.557258],[-46.728743,-23.557257],[-46.72873,-23.557251],[-46.728721,-23.557241],[-46.728717,-23.55723],[-46.728716,-23.557218],[-46.728719,-23.557208],[-46.728722,-23.557202],[-46.728586,-23.556966],[-46.728561,-23.556919]]]}},{"type":"Feature","properties":{"id":"way/159420798","kind":"grandstand","h":6,"mh":0,"acc":"u","src":"osm"},"geometry":{"type":"Polygon","coordinates":[[[-46.718357,-23.560188],[-46.718357,-23.560183],[-46.71837,-23.56013],[-46.718395,-23.56003],[-46.7184,-23.560029],[-46.71845,-23.560036],[-46.718457,-23.560037],[-46.718479,-23.560039],[-46.718501,-23.56004],[-46.718523,-23.56004],[-46.718544,-23.560039],[-46.718566,-23.560038],[-46.718588,-23.560035],[-46.718609,-23.560032],[-46.718631,-23.560029],[-46.718652,-23.560024],[-46.718673,-23.560019],[-46.718694,-23.560013],[-46.718714,-23.560006],[-46.718734,-23.559998],[-46.718754,-23.55999],[-46.718773,-23.559981],[-46.718793,-23.559971],[-46.718811,-23.55996],[-46.718829,-23.559949],[-46.718847,-23.559938],[-46.718858,-23.559929],[-46.718875,-23.559917],[-46.718886,-23.559908],[-46.718896,-23.559898],[-46.718912,-23.559884],[-46.718922,-23.559874],[-46.718936,-23.559859],[-46.718945,-23.559849],[-46.718958,-23.559833],[-46.718967,-23.559822],[-46.718978,-23.559805],[-46.718986,-23.559794],[-46.718997,-23.559776],[-46.719007,-23.559758],[-46.719016,-23.55974],[-46.719024,-23.559721],[-46.719032,-23.559703],[-46.719039,-23.559684],[-46.719045,-23.559664],[-46.71905,-23.559645],[-46.719055,-23.559625],[-46.719058,-23.559605],[-46.719061,-23.559585],[-46.719063,-23.559566],[-46.719065,-23.559545],[-46.719065,-23.559525],[-46.719065,-23.559505],[-46.719064,-23.559485],[-46.719063,-23.559438],[-46.719061,-23.559398],[-46.719058,-23.559358],[-46.719055,-23.559318],[-46.719051,-23.559278],[-46.719046,-23.559238],[-46.719041,-23.559198],[-46.719034,-23.559159],[-46.719027,-23.559119],[-46.719019,-23.55908],[-46.719011,-23.55904],[-46.719002,-23.559001],[-46.718992,-23.558962],[-46.718981,-23.558923],[-46.718969,-23.558884],[-46.718957,-23.558846],[-46.718944,-23.558807],[-46.718931,-23.558769],[-46.718916,-23.558731],[-46.718894,-23.558675],[-46.718886,-23.558656],[-46.718877,-23.558638],[-46.718868,-23.558619],[-46.718858,-23.558602],[-46.718847,-23.558584],[-46.718835,-23.558567],[-46.718823,-23.558551],[-46.718809,-23.558535],[-46.718796,-23.558519],[-46.718781,-23.558504],[-46.718766,-23.55849],[-46.718751,-23.558476],[-46.718734,-23.558463],[-46.718717,-23.55845],[-46.718706,-23.558442],[-46.718688,-23.55843],[-46.71867,-23.558419],[-46.718651,-23.558409],[-46.718632,-23.558399],[-46.718613,-23.55839],[-46.718593,-23.558382],[-46.718572,-23.558375],[-46.718559,-23.55837],[-46.718538,-23.558364],[-46.718524,-23.55836],[-46.718503,-23.558356],[-46.718482,-23.558352],[-46.71846,-23.558348],[-46.718438,-23.558346],[-46.718417,-23.558344],[-46.718402,-23.558343],[-46.71838,-23.558343],[-46.718359,-23.558343],[-46.718337,-23.558345],[-46.718315,-23.558347],[-46.718294,-23.558349],[-46.718272,-23.558353],[-46.718251,-23.558357],[-46.71823,-23.558362],[-46.718209,-23.558368],[-46.718188,-23.558374],[-46.718168,-23.558381],[-46.718148,-23.558389],[-46.718128,-23.558398],[-46.718078,-23.558425],[-46.718073,-23.558427],[-46.717975,-23.558289],[-46.717978,-23.558285],[-46.718034,-23.558254],[-46.718047,-23.558248],[-46.718067,-23.558239],[-46.718087,-23.558231],[-46.718107,-23.558223],[-46.718127,-23.558216],[-46.718148,-23.55821],[-46.718169,-23.558204],[-46.71819,-23.558198],[-46.718211,-23.558194],[-46.718232,-23.558189],[-46.718253,-23.558186],[-46.718294,-23.55818],[-46.718291,-23.558158],[-46.718296,-23.558155],[-46.718358,-23.558137],[-46.718372,-23.558134],[-46.718394,-23.55813],[-46.718415,-23.558126],[-46.718436,-23.558122],[-46.718458,-23.55812],[-46.718479,-23.558118],[-46.718501,-23.558116],[-46.718523,-23.558115],[-46.718544,-23.558115],[-46.718566,-23.558116],[-46.718588,-23.558116],[-46.71861,-23.558118],[-46.718631,-23.55812],[-46.718653,-23.558123],[-46.718674,-23.558126],[-46.718695,-23.55813],[-46.718716,-23.558134],[-46.718737,-23.558139],[-46.718758,-23.558145],[-46.718779,-23.558151],[-46.718799,-23.558158],[-46.71882,-23.558165],[-46.71884,-23.558173],[-46.718859,-23.558181],[-46.718879,-23.55819],[-46.718898,-23.5582],[-46.718917,-23.55821],[-46.718935,-23.558221],[-46.718953,-23.558232],[-46.718971,-23.558243],[-46.718989,-23.558255],[-46.719005,-23.558268],[-46.719028,-23.558285],[-46.719044,-23.558298],[-46.71906,-23.558312],[-46.719075,-23.558327],[-46.71909,-23.558341],[-46.719104,-23.558357],[-46.719117,-23.558372],[-46.719131,-23.558388],[-46.719143,-23.558405],[-46.719155,-23.558422],[-46.719166,-23.558439],[-46.719177,-23.558456],[-46.719187,-23.558474],[-46.719202,-23.558505],[-46.719219,-23.558542],[-46.719235,-23.558579],[-46.71925,-23.558617],[-46.719265,-23.558654],[-46.719279,-23.558692],[-46.719292,-23.558731],[-46.719305,-23.558769],[-46.719317,-23.558808],[-46.719328,-23.558846],[-46.719339,-23.558885],[-46.719349,-23.558924],[-46.719359,-23.558964],[-46.719367,-23.559003],[-46.719375,-23.559042],[-46.719382,-23.559082],[-46.719389,-23.559122],[-46.719395,-23.559161],[-46.7194,-23.559201],[-46.719405,-23.559241],[-46.719409,-23.559281],[-46.719412,-23.559321],[-46.719414,-23.559361],[-46.719416,-23.559415],[-46.719418,-23.559428],[-46.71942,-23.559448],[-46.719421,-23.559468],[-46.719421,-23.559488],[-46.719421,-23.559508],[-46.719421,-23.559528],[-46.71942,-23.559549],[-46.719419,-23.559569],[-46.719417,-23.559589],[-46.719414,-23.559608],[-46.719411,-23.559628],[-46.719407,-23.559648],[-46.719403,-23.559668],[-46.719399,-23.559688],[-46.719394,-23.559707],[-46.719388,-23.559726],[-46.719382,-23.559746],[-46.719375,-23.559765],[-46.719368,-23.559784],[-46.719362,-23.559796],[-46.719354,-23.559815],[-46.719345,-23.559833],[-46.719335,-23.559851],[-46.719325,-23.559869],[-46.719314,-23.559886],[-46.719302,-23.559903],[-46.71929,-23.55992],[-46.719278,-23.559936],[-46.719265,-23.559952],[-46.719251,-23.559968],[-46.719237,-23.559983],[-46.719222,-23.559998],[-46.719207,-23.560012],[-46.719192,-23.560026],[-46.719176,-23.56004],[-46.719159,-23.560053],[-46.719143,-23.560065],[-46.719125,-23.560078],[-46.719108,-23.560089],[-46.71909,-23.5601],[-46.719071,-23.560111],[-46.719053,-23.560121],[-46.719034,-23.56013],[-46.719001,-23.560145],[-46.718982,-23.560154],[-46.718962,-23.560161],[-46.718941,-23.560169],[-46.718921,-23.560175],[-46.7189,-23.560182],[-46.718879,-23.560187],[-46.718858,-23.560192],[-46.718837,-23.560197],[-46.718816,-23.5602],[-46.718794,-23.560203],[-46.718773,-23.560206],[-46.718752,-23.560208],[-46.71873,-23.560209],[-46.718709,-23.56021],[-46.718702,-23.560209],[-46.718695,-23.560184],[-46.718659,-23.560192],[-46.718638,-23.560196],[-46.718617,-23.5602],[-46.718595,-23.560202],[-46.718573,-23.560204],[-46.718552,-23.560206],[-46.71853,-23.560206],[-46.718508,-23.560206],[-46.718486,-23.560206],[-46.718465,-23.560205],[-46.718443,-23.560203],[-46.718421,-23.5602],[-46.7184,-23.560197],[-46.718379,-23.560193],[-46.718357,-23.560188]]]}},{"type":"Feature","properties":{"id":"way/171958892","name":"Edifício Prof. Aylthon Brandão Joly","inst":"way/158966876","kind":"university","h":6,"mh":0,"acc":"u","src":"osm"},"geometry":{"type":"Polygon","coordinates":[[[-46.731274,-23.566259],[-46.731041,-23.566259],[-46.731041,-23.565818],[-46.731274,-23.565818],[-46.731274,-23.566259]]]}},{"type":"Feature","properties":{"id":"way/171958893","name":"Bloco 28","kind":"yes","h":4.8,"mh":0,"acc":"u","src":"osm"},"geometry":{"type":"Polygon","coordinates":[[[-46.72869,-23.554973],[-46.728765,-23.555102],[-46.728609,-23.555179],[-46.728401,-23.555282],[-46.728229,-23.555367],[-46.728154,-23.555238],[-46.72869,-23.554973]]]}},{"type":"Feature","properties":{"id":"way/171958894","kind":"yes","h":4.4,"mh":0,"acc":"u","src":"osm"},"geometry":{"type":"Polygon","coordinates":[[[-46.727858,-23.555391],[-46.727919,-23.555514],[-46.72726,-23.555828],[-46.72671,-23.556078],[-46.72668,-23.556023],[-46.726646,-23.555959],[-46.727197,-23.555709],[-46.727858,-23.555391]]]}},{"type":"Feature","properties":{"id":"way/171958895","inst":"relation/3375375","kind":"yes","h":5.2,"mh":0,"acc":"u","src":"osm"},"geometry":{"type":"Polygon","coordinates":[[[-46.736527,-23.564848],[-46.737022,-23.565046],[-46.736881,-23.565338],[-46.736389,-23.565138],[-46.736527,-23.564848]]]}},{"type":"Feature","properties":{"id":"way/171959421","inst":"way/34381227","kind":"university","h":10.1,"mh":0,"acc":"u","src":"osm"},"geometry":{"type":"Polygon","coordinates":[[[-46.738405,-23.566999],[-46.738422,-23.567004],[-46.738929,-23.566753],[-46.738964,-23.566815],[-46.739001,-23.566879],[-46.738934,-23.566912],[-46.738499,-23.567128],[-46.738524,-23.567176],[-46.73871,-23.567082],[-46.738735,-23.567121],[-46.738774,-23.567103],[-46.738752,-23.567064],[-46.738842,-23.567018],[-46.738947,-23.5672],[-46.738857,-23.567244],[-46.738834,-23.567207],[-46.738797,-23.567226],[-46.738818,-23.567265],[-46.738633,-23.567356],[-46.738659,-23.567403],[-46.738731,-23.567528],[-46.738758,-23.567575],[-46.738836,-23.567536],[-46.738852,-23.567528],[-46.738889,-23.56751],[-46.738995,-23.567693],[-46.738862,-23.567758],[-46.738837,-23.56777],[-46.738765,-23.567649],[-46.738731,-23.567665],[-46.738703,-23.567616],[-46.738199,-23.567865],[-46.738126,-23.567741],[-46.738509,-23.567551],[-46.738631,-23.567491],[-46.738602,-23.567443],[-46.738481,-23.567503],[-46.738161,-23.567661],[-46.738089,-23.567536],[-46.738531,-23.567317],[-46.7384,-23.567094],[-46.738382,-23.567103],[-46.738316,-23.566992],[-46.738232,-23.56684],[-46.738265,-23.566824],[-46.738297,-23.566809],[-46.738383,-23.566961],[-46.738405,-23.566999]]]}},{"type":"Feature","properties":{"id":"way/171959423","kind":"yes","h":9.6,"mh":0,"acc":"u","src":"osm"},"geometry":{"type":"Polygon","coordinates":[[[-46.739059,-23.563506],[-46.739409,-23.563823],[-46.739081,-23.564131],[-46.73873,-23.563813],[-46.739059,-23.563506]]]}},{"type":"Feature","properties":{"id":"way/171959424","kind":"yes","h":15.3,"mh":0,"acc":"u","src":"osm"},"geometry":{"type":"Polygon","coordinates":[[[-46.740125,-23.563535],[-46.739983,-23.563665],[-46.739979,-23.56367],[-46.739416,-23.563157],[-46.739563,-23.563023],[-46.739644,-23.563097],[-46.739704,-23.563151],[-46.739728,-23.563173],[-46.739917,-23.563345],[-46.740041,-23.563458],[-46.740081,-23.563494],[-46.740125,-23.563535]]]}},{"type":"Feature","properties":{"id":"way/174633274","inst":"relation/3375375","kind":"yes","h":3.1,"mh":0,"acc":"u","src":"osm"},"geometry":{"type":"Polygon","coordinates":[[[-46.734766,-23.5627],[-46.734809,-23.562996],[-46.734741,-23.563002],[-46.734749,-23.563074],[-46.73467,-23.563081],[-46.734662,-23.563009],[-46.734411,-23.563034],[-46.734378,-23.562738],[-46.734766,-23.5627]]]}},{"type":"Feature","properties":{"id":"way/227219910","name":"Edifício Adriano Marchini","inst":"relation/20199273","kind":"yes","h":19,"mh":0,"acc":"u","src":"osm"},"geometry":{"type":"Polygon","coordinates":[[[-46.733511,-23.554572],[-46.733454,-23.554658],[-46.733227,-23.554529],[-46.733213,-23.554549],[-46.733077,-23.554472],[-46.733148,-23.554366],[-46.733164,-23.554375],[-46.73327,-23.554216],[-46.733376,-23.554058],[-46.73336,-23.554048],[-46.733428,-23.553947],[-46.733564,-23.554024],[-46.733551,-23.554044],[-46.733777,-23.554172],[-46.733719,-23.554258],[-46.733495,-23.55413],[-46.733479,-23.554154],[-46.733414,-23.55425],[-46.733366,-23.554322],[-46.733302,-23.554418],[-46.733285,-23.554443],[-46.733511,-23.554572]]]}},{"type":"Feature","properties":{"id":"way/227219911","inst":"relation/20199273","kind":"yes","h":5.8,"mh":0,"acc":"u","src":"osm"},"geometry":{"type":"Polygon","coordinates":[[[-46.733929,-23.554198],[-46.73404,-23.554262],[-46.734058,-23.554271],[-46.733773,-23.554696],[-46.733755,-23.554686],[-46.733725,-23.554731],[-46.733614,-23.554667],[-46.733929,-23.554198]]]}},{"type":"Feature","properties":{"id":"way/228075476","inst":"relation/3375375","kind":"yes","h":14.4,"mh":0,"acc":"u","src":"osm"},"geometry":{"type":"Polygon","coordinates":[[[-46.735154,-23.56386],[-46.735196,-23.564222],[-46.734641,-23.564277],[-46.734599,-23.563915],[-46.735154,-23.56386]]]}},{"type":"Feature","properties":{"id":"way/228075478","inst":"relation/3375375","kind":"yes","h":7.7,"mh":0,"acc":"u","src":"osm"},"geometry":{"type":"Polygon","coordinates":[[[-46.735676,-23.564504],[-46.735511,-23.564521],[-46.735513,-23.564539],[-46.735274,-23.564564],[-46.73527,-23.564531],[-46.735419,-23.564515],[-46.735363,-23.564055],[-46.735516,-23.564039],[-46.735521,-23.564074],[-46.735525,-23.56411],[-46.735549,-23.564302],[-46.735484,-23.564309],[-46.735491,-23.564365],[-46.735672,-23.564346],[-46.735774,-23.564335],[-46.736177,-23.564293],[-46.736197,-23.564452],[-46.735883,-23.564485],[-46.735882,-23.56447],[-46.735854,-23.564473],[-46.735865,-23.564563],[-46.73579,-23.564571],[-46.73578,-23.564493],[-46.735676,-23.564504]]]}},{"type":"Feature","properties":{"id":"way/228075479","inst":"relation/3375375","kind":"yes","h":6,"mh":0,"acc":"u","src":"osm"},"geometry":{"type":"Polygon","coordinates":[[[-46.737012,-23.565828],[-46.736042,-23.566166],[-46.73597,-23.566016],[-46.735863,-23.566052],[-46.735781,-23.565858],[-46.736384,-23.565628],[-46.736309,-23.565461],[-46.736384,-23.565431],[-46.736921,-23.565598],[-46.737012,-23.565828]]]}},{"type":"Feature","properties":{"id":"way/228075480","inst":"relation/3375375","kind":"yes","h":6,"mh":0,"acc":"u","src":"osm"},"geometry":{"type":"Polygon","coordinates":[[[-46.735157,-23.566362],[-46.734669,-23.56653],[-46.734607,-23.566378],[-46.735095,-23.56621],[-46.735157,-23.566362]]]}},{"type":"Feature","properties":{"id":"way/228075481","inst":"relation/3375375","kind":"yes","h":7.1,"mh":0,"acc":"u","src":"osm"},"geometry":{"type":"Polygon","coordinates":[[[-46.737391,-23.563067],[-46.737376,-23.563075],[-46.737375,-23.563092],[-46.73737,-23.563205],[-46.737243,-23.563267],[-46.737121,-23.563196],[-46.737125,-23.563065],[-46.737208,-23.563024],[-46.737249,-23.563004],[-46.73725,-23.562984],[-46.737252,-23.562876],[-46.737377,-23.562814],[-46.737387,-23.562682],[-46.737513,-23.56262],[-46.737635,-23.56269],[-46.737631,-23.562821],[-46.737505,-23.562884],[-46.737501,-23.563013],[-46.737391,-23.563067]]]}},{"type":"Feature","properties":{"id":"way/228075482","inst":"relation/3375375","kind":"yes","h":3.2,"mh":0,"acc":"u","src":"osm"},"geometry":{"type":"Polygon","coordinates":[[[-46.737391,-23.563067],[-46.737444,-23.563095],[-46.737445,-23.563094],[-46.737451,-23.563091],[-46.737457,-23.563087],[-46.737464,-23.563085],[-46.737471,-23.563084],[-46.737478,-23.563083],[-46.737486,-23.563084],[-46.737493,-23.563085],[-46.7375,-23.563087],[-46.737506,-23.56309],[-46.737513,-23.563094],[-46.737518,-23.563098],[-46.737523,-23.563103],[-46.737527,-23.563108],[-46.73753,-23.563114],[-46.737533,-23.563121],[-46.737534,-23.563127],[-46.737535,-23.563134],[-46.737534,-23.563141],[-46.737533,-23.563147],[-46.737531,-23.563154],[-46.737528,-23.56316],[-46.737524,-23.563165],[-46.737519,-23.56317],[-46.737514,-23.563175],[-46.737508,-23.563179],[-46.737501,-23.563182],[-46.737494,-23.563184],[-46.737487,-23.563185],[-46.73748,-23.563186],[-46.737473,-23.563186],[-46.737465,-23.563184],[-46.737458,-23.563182],[-46.737452,-23.563179],[-46.737446,-23.563176],[-46.73744,-23.563171],[-46.737435,-23.563166],[-46.737431,-23.563161],[-46.737428,-23.563155],[-46.737426,-23.563149],[-46.737424,-23.563142],[-46.737423,-23.563135],[-46.737424,-23.563129],[-46.737425,-23.563122],[-46.737375,-23.563092],[-46.737376,-23.563075],[-46.737391,-23.563067]]]}},{"type":"Feature","properties":{"id":"way/228075483","inst":"relation/3375375","kind":"yes","h":3.7,"mh":0,"acc":"u","src":"osm"},"geometry":{"type":"Polygon","coordinates":[[[-46.737208,-23.563024],[-46.737184,-23.563015],[-46.737201,-23.56299],[-46.737183,-23.562979],[-46.737177,-23.562984],[-46.737172,-23.562987],[-46.737166,-23.56299],[-46.737159,-23.562992],[-46.737152,-23.562994],[-46.737145,-23.562994],[-46.737139,-23.562993],[-46.73713,-23.562992],[-46.737121,-23.562989],[-46.737114,-23.562985],[-46.737109,-23.562982],[-46.737104,-23.562977],[-46.737099,-23.562971],[-46.737097,-23.562964],[-46.737094,-23.562955],[-46.737094,-23.562948],[-46.737094,-23.562939],[-46.737095,-23.562932],[-46.737096,-23.562922],[-46.737098,-23.562916],[-46.737103,-23.562908],[-46.737107,-23.562904],[-46.737116,-23.562897],[-46.737124,-23.562894],[-46.737134,-23.562891],[-46.73714,-23.562891],[-46.737149,-23.562891],[-46.737159,-23.562893],[-46.737171,-23.562897],[-46.737178,-23.562901],[-46.737188,-23.562912],[-46.737193,-23.562918],[-46.737197,-23.562925],[-46.737199,-23.562935],[-46.7372,-23.562943],[-46.7372,-23.562955],[-46.73725,-23.562984],[-46.737249,-23.563004],[-46.737208,-23.563024]]]}},{"type":"Feature","properties":{"id":"way/228075489","inst":"relation/3375375","kind":"yes","h":10,"mh":0,"acc":"u","src":"osm"},"geometry":{"type":"Polygon","coordinates":[[[-46.737184,-23.564287],[-46.737315,-23.564009],[-46.737473,-23.56407],[-46.737075,-23.564911],[-46.73692,-23.564846],[-46.737134,-23.564392],[-46.737184,-23.564287]]]}},{"type":"Feature","properties":{"id":"way/228075490","inst":"relation/3375375","kind":"yes","h":4.9,"mh":0,"acc":"u","src":"osm"},"geometry":{"type":"Polygon","coordinates":[[[-46.736618,-23.564426],[-46.736961,-23.564566],[-46.73683,-23.564844],[-46.736484,-23.564705],[-46.736618,-23.564426]]]}},{"type":"Feature","properties":{"id":"way/232322356","inst":"way/158789266","kind":"yes","h":6.6,"mh":0,"acc":"u","src":"osm"},"geometry":{"type":"Polygon","coordinates":[[[-46.735729,-23.561424],[-46.735777,-23.561866],[-46.735474,-23.561894],[-46.735426,-23.561452],[-46.735729,-23.561424]]]}},{"type":"Feature","properties":{"id":"way/232322357","name":"Tokamak","inst":"way/158789266","kind":"yes","h":14.5,"mh":0,"acc":"u","src":"osm"},"geometry":{"type":"Polygon","coordinates":[[[-46.73493,-23.560908],[-46.734938,-23.560987],[-46.734908,-23.560989],[-46.734914,-23.561054],[-46.734811,-23.561062],[-46.734818,-23.561133],[-46.734633,-23.561148],[-46.734617,-23.56098],[-46.734871,-23.56096],[-46.734866,-23.560914],[-46.73493,-23.560908]]]}},{"type":"Feature","properties":{"id":"way/245697725","name":"Admnistração do Instituto Butantan","inst":"way/74924310","kind":"yes","h":6,"mh":0,"acc":"u","src":"osm"},"geometry":{"type":"Polygon","coordinates":[[[-46.7212,-23.565354],[-46.721087,-23.565265],[-46.721065,-23.565288],[-46.721007,-23.565243],[-46.721093,-23.565151],[-46.721264,-23.565285],[-46.7212,-23.565354]]]}},{"type":"Feature","properties":{"id":"way/245697726","name":"Antiga casa de Vital Brazil","inst":"way/74924310","kind":"yes","h":6,"mh":0,"acc":"u","src":"osm"},"geometry":{"type":"Polygon","coordinates":[[[-46.720846,-23.564291],[-46.720831,-23.564307],[-46.720862,-23.564332],[-46.720917,-23.564272],[-46.720977,-23.564319],[-46.720775,-23.564538],[-46.720663,-23.56445],[-46.720732,-23.564376],[-46.720786,-23.564418],[-46.720821,-23.564381],[-46.720783,-23.564351],[-46.720759,-23.564377],[-46.720711,-23.564339],[-46.720794,-23.56425],[-46.720846,-23.564291]]]}},{"type":"Feature","properties":{"id":"way/245697727","name":"Hospital Vital Brazil","inst":"way/74924310","kind":"hospital","h":6,"mh":0,"acc":"u","src":"osm"},"geometry":{"type":"Polygon","coordinates":[[[-46.719529,-23.565086],[-46.719623,-23.564979],[-46.719835,-23.565135],[-46.719742,-23.565242],[-46.719529,-23.565086]]]}},{"type":"Feature","properties":{"id":"way/245697729","name":"Museu de Microbiologia Prof. Isaias Raw","inst":"way/74924310","kind":"yes","h":6,"mh":0,"acc":"u","src":"osm"},"geometry":{"type":"Polygon","coordinates":[[[-46.719373,-23.567481],[-46.719425,-23.567468],[-46.719635,-23.567628],[-46.719618,-23.567654],[-46.719713,-23.567726],[-46.719626,-23.567823],[-46.719458,-23.56769],[-46.719322,-23.567704],[-46.719315,-23.567669],[-46.719253,-23.56763],[-46.719244,-23.567537],[-46.719259,-23.567522],[-46.719335,-23.567519],[-46.719373,-23.567481]]]}},{"type":"Feature","properties":{"id":"way/245697731","name":"Recepção de serpentes e aranhas","inst":"way/74924310","kind":"yes","h":6,"mh":0,"acc":"u","src":"osm"},"geometry":{"type":"Polygon","coordinates":[[[-46.721016,-23.564557],[-46.7211,-23.564464],[-46.721175,-23.564522],[-46.72122,-23.564472],[-46.721317,-23.564546],[-46.721297,-23.564567],[-46.721462,-23.564692],[-46.721353,-23.564813],[-46.721016,-23.564557]]]}},{"type":"Feature","properties":{"id":"way/245697732","inst":"way/74924310","kind":"university","h":6,"mh":0,"acc":"u","src":"osm"},"geometry":{"type":"Polygon","coordinates":[[[-46.71629,-23.564574],[-46.716161,-23.564354],[-46.716109,-23.56438],[-46.716023,-23.564235],[-46.715978,-23.564257],[-46.71593,-23.564177],[-46.716359,-23.563964],[-46.716544,-23.564278],[-46.716627,-23.564237],[-46.716705,-23.564368],[-46.71629,-23.564574]]]}},{"type":"Feature","properties":{"id":"way/245697733","inst":"way/74924310","kind":"yes","h":6,"mh":0,"acc":"u","src":"osm"},"geometry":{"type":"Polygon","coordinates":[[[-46.718729,-23.567795],[-46.718829,-23.567875],[-46.718934,-23.567763],[-46.718898,-23.567734],[-46.718833,-23.567803],[-46.718739,-23.567729],[-46.718889,-23.567571],[-46.719142,-23.567771],[-46.718895,-23.568034],[-46.718671,-23.567857],[-46.718729,-23.567795]]]}},{"type":"Feature","properties":{"id":"way/245697734","inst":"way/74924310","kind":"yes","h":6,"mh":0,"acc":"u","src":"osm"},"geometry":{"type":"Polygon","coordinates":[[[-46.71691,-23.565223],[-46.716845,-23.565256],[-46.716882,-23.565316],[-46.716716,-23.565402],[-46.716552,-23.565138],[-46.716595,-23.565116],[-46.716501,-23.564967],[-46.716864,-23.564784],[-46.717141,-23.565174],[-46.716943,-23.565276],[-46.71691,-23.565223]]]}},{"type":"Feature","properties":{"id":"way/245697735","inst":"way/74924310","kind":"yes","h":6,"mh":0,"acc":"u","src":"osm"},"geometry":{"type":"Polygon","coordinates":[[[-46.723028,-23.569579],[-46.722957,-23.569468],[-46.722999,-23.569446],[-46.72283,-23.569182],[-46.722871,-23.56916],[-46.722908,-23.569218],[-46.723004,-23.569166],[-46.723227,-23.569515],[-46.723152,-23.569555],[-46.723131,-23.569523],[-46.723028,-23.569579]]]}},{"type":"Feature","properties":{"id":"way/245697737","inst":"way/74924310","kind":"yes","h":6,"mh":0,"acc":"u","src":"osm"},"geometry":{"type":"Polygon","coordinates":[[[-46.718861,-23.564151],[-46.71895,-23.56404],[-46.718845,-23.56397],[-46.718785,-23.564046],[-46.718817,-23.564067],[-46.718793,-23.564096],[-46.718697,-23.564032],[-46.718824,-23.563873],[-46.71905,-23.564024],[-46.718918,-23.56419],[-46.718861,-23.564151]]]}},{"type":"Feature","properties":{"id":"way/245697738","inst":"way/74924310","kind":"yes","h":6,"mh":0,"acc":"u","src":"osm"},"geometry":{"type":"Polygon","coordinates":[[[-46.716501,-23.564967],[-46.71643,-23.565001],[-46.716284,-23.564747],[-46.716339,-23.56472],[-46.716309,-23.564668],[-46.716356,-23.564645],[-46.716403,-23.564727],[-46.716469,-23.564696],[-46.716504,-23.564756],[-46.716452,-23.564781],[-46.716466,-23.564805],[-46.716421,-23.564827],[-46.716501,-23.564967]]]}},{"type":"Feature","properties":{"id":"way/245697739","inst":"way/74924310","kind":"yes","h":6,"mh":0,"acc":"u","src":"osm"},"geometry":{"type":"Polygon","coordinates":[[[-46.717774,-23.564751],[-46.717525,-23.565022],[-46.717259,-23.564817],[-46.717514,-23.564539],[-46.717573,-23.564584],[-46.717385,-23.564788],[-46.717428,-23.564821],[-46.717615,-23.564617],[-46.717678,-23.564666],[-46.717495,-23.564866],[-46.717544,-23.564903],[-46.717721,-23.564711],[-46.717774,-23.564751]]]}},{"type":"Feature","properties":{"id":"way/245697740","inst":"way/74924310","kind":"yes","h":6,"mh":0,"acc":"u","src":"osm"},"geometry":{"type":"Polygon","coordinates":[[[-46.717569,-23.563744],[-46.717698,-23.563963],[-46.717054,-23.564282],[-46.71693,-23.564072],[-46.716952,-23.564061],[-46.71691,-23.563989],[-46.716893,-23.563998],[-46.716788,-23.563819],[-46.717259,-23.563586],[-46.717273,-23.563611],[-46.717321,-23.563689],[-46.717369,-23.563772],[-46.716979,-23.563965],[-46.717011,-23.56402],[-46.717569,-23.563744]]]}},{"type":"Feature","properties":{"id":"way/245697741","inst":"way/74924310","kind":"yes","h":6,"mh":0,"acc":"u","src":"osm"},"geometry":{"type":"Polygon","coordinates":[[[-46.717517,-23.563547],[-46.717426,-23.563594],[-46.717454,-23.563639],[-46.717385,-23.563675],[-46.717358,-23.563632],[-46.717321,-23.563652],[-46.717338,-23.56368],[-46.717321,-23.563689],[-46.717273,-23.563611],[-46.717334,-23.563579],[-46.717322,-23.563559],[-46.717389,-23.563525],[-46.7174,-23.563543],[-46.717487,-23.563499],[-46.717517,-23.563547]]]}},{"type":"Feature","properties":{"id":"way/245697742","inst":"way/74924310","kind":"yes","h":6,"mh":0,"acc":"u","src":"osm"},"geometry":{"type":"Polygon","coordinates":[[[-46.718192,-23.565542],[-46.718116,-23.56563],[-46.717937,-23.5655],[-46.718013,-23.565412],[-46.718028,-23.565423],[-46.718125,-23.56531],[-46.718153,-23.56533],[-46.718191,-23.565286],[-46.718161,-23.565264],[-46.718279,-23.565127],[-46.718404,-23.565217],[-46.718282,-23.565358],[-46.718243,-23.565329],[-46.718211,-23.565366],[-46.718251,-23.565395],[-46.71815,-23.565512],[-46.718192,-23.565542]]]}},{"type":"Feature","properties":{"id":"way/245697743","inst":"way/74924310","kind":"yes","h":6,"mh":0,"acc":"u","src":"osm"},"geometry":{"type":"Polygon","coordinates":[[[-46.717763,-23.564606],[-46.717744,-23.564627],[-46.717676,-23.564577],[-46.717727,-23.564518],[-46.717685,-23.564488],[-46.717638,-23.564542],[-46.717568,-23.56449],[-46.71762,-23.564431],[-46.71769,-23.56435],[-46.717819,-23.564203],[-46.717885,-23.564251],[-46.717706,-23.564457],[-46.717757,-23.564494],[-46.717932,-23.564293],[-46.717995,-23.564339],[-46.717913,-23.564434],[-46.717869,-23.564484],[-46.717763,-23.564606]]]}},{"type":"Feature","properties":{"id":"way/245697746","inst":"way/74924310","kind":"yes","h":6,"mh":0,"acc":"u","src":"osm"},"geometry":{"type":"Polygon","coordinates":[[[-46.718946,-23.56475],[-46.718786,-23.564933],[-46.718421,-23.564665],[-46.718392,-23.564699],[-46.718339,-23.56466],[-46.718317,-23.564685],[-46.718282,-23.564659],[-46.718258,-23.564687],[-46.718012,-23.564506],[-46.717948,-23.56446],[-46.717913,-23.564434],[-46.717995,-23.564339],[-46.718068,-23.564256],[-46.71809,-23.56423],[-46.718374,-23.564438],[-46.718321,-23.564499],[-46.718406,-23.564562],[-46.718426,-23.564539],[-46.718488,-23.564585],[-46.718781,-23.564249],[-46.718967,-23.564405],[-46.71889,-23.564496],[-46.718849,-23.564543],[-46.718766,-23.564482],[-46.718694,-23.564565],[-46.718946,-23.56475]]]}},{"type":"Feature","properties":{"id":"way/245697747","inst":"way/74924310","kind":"yes","h":6,"mh":0,"acc":"u","src":"osm"},"geometry":{"type":"Polygon","coordinates":[[[-46.718767,-23.568246],[-46.718624,-23.568137],[-46.718788,-23.567964],[-46.718928,-23.568078],[-46.718767,-23.568246]]]}},{"type":"Feature","properties":{"id":"way/245697748","inst":"way/74924310","kind":"yes","h":6,"mh":0,"acc":"u","src":"osm"},"geometry":{"type":"Polygon","coordinates":[[[-46.715987,-23.566766],[-46.71563,-23.566937],[-46.715258,-23.566285],[-46.715615,-23.566114],[-46.715987,-23.566766]]]}},{"type":"Feature","properties":{"id":"way/245697749","inst":"way/74924310","kind":"yes","h":6,"mh":0,"acc":"u","src":"osm"},"geometry":{"type":"Polygon","coordinates":[[[-46.7186,-23.565004],[-46.718462,-23.564905],[-46.718528,-23.564827],[-46.718666,-23.564926],[-46.7186,-23.565004]]]}},{"type":"Feature","properties":{"id":"way/245697750","inst":"way/74924310","kind":"yes","h":6,"mh":0,"acc":"u","src":"osm"},"geometry":{"type":"Polygon","coordinates":[[[-46.717474,-23.566955],[-46.717549,-23.567004],[-46.717442,-23.567139],[-46.717417,-23.567123],[-46.717368,-23.56709],[-46.717474,-23.566955]]]}},{"type":"Feature","properties":{"id":"way/245697751","inst":"way/74924310","kind":"yes","h":6,"mh":0,"acc":"u","src":"osm"},"geometry":{"type":"Polygon","coordinates":[[[-46.717919,-23.564954],[-46.717762,-23.56513],[-46.717646,-23.565043],[-46.717803,-23.564866],[-46.717919,-23.564954]]]}},{"type":"Feature","properties":{"id":"way/245697752","inst":"way/74924310","kind":"yes","h":6,"mh":0,"acc":"u","src":"osm"},"geometry":{"type":"Polygon","coordinates":[[[-46.716692,-23.56465],[-46.716626,-23.564537],[-46.716701,-23.564501],[-46.716766,-23.564614],[-46.716692,-23.56465]]]}},{"type":"Feature","properties":{"id":"way/245697754","inst":"way/74924310","kind":"yes","h":6,"mh":0,"acc":"u","src":"osm"},"geometry":{"type":"Polygon","coordinates":[[[-46.716631,-23.56468],[-46.716565,-23.564567],[-46.716626,-23.564537],[-46.716692,-23.56465],[-46.716631,-23.56468]]]}},{"type":"Feature","properties":{"id":"way/245697756","inst":"way/74924310","kind":"yes","h":6,"mh":0,"acc":"u","src":"osm"},"geometry":{"type":"Polygon","coordinates":[[[-46.719801,-23.563821],[-46.719742,-23.563887],[-46.719684,-23.563843],[-46.719743,-23.563777],[-46.719801,-23.563821]]]}},{"type":"Feature","properties":{"id":"way/245697759","inst":"way/74924310","kind":"yes","h":6,"mh":0,"acc":"u","src":"osm"},"geometry":{"type":"Polygon","coordinates":[[[-46.719257,-23.563805],[-46.719141,-23.563939],[-46.718883,-23.563749],[-46.718999,-23.563616],[-46.719257,-23.563805]]]}},{"type":"Feature","properties":{"id":"way/245697761","inst":"way/74924310","kind":"yes","h":8.1,"mh":0,"acc":"u","src":"osm"},"geometry":{"type":"Polygon","coordinates":[[[-46.725963,-23.566834],[-46.726312,-23.567012],[-46.725952,-23.567577],[-46.725643,-23.567395],[-46.725637,-23.567346],[-46.725963,-23.566834]]]}},{"type":"Feature","properties":{"id":"way/245697762","inst":"way/74924310","kind":"yes","h":6,"mh":0,"acc":"u","src":"osm"},"geometry":{"type":"Polygon","coordinates":[[[-46.718788,-23.567964],[-46.718624,-23.568137],[-46.718489,-23.568029],[-46.718653,-23.567857],[-46.718788,-23.567964]]]}},{"type":"Feature","properties":{"id":"way/245697763","inst":"way/74924310","kind":"yes","h":6,"mh":0,"acc":"u","src":"osm"},"geometry":{"type":"Polygon","coordinates":[[[-46.718564,-23.56585],[-46.71845,-23.565772],[-46.718499,-23.565711],[-46.718613,-23.565789],[-46.718564,-23.56585]]]}},{"type":"Feature","properties":{"id":"way/245697764","inst":"way/74924310","kind":"yes","h":6,"mh":0,"acc":"u","src":"osm"},"geometry":{"type":"Polygon","coordinates":[[[-46.716968,-23.564573],[-46.717077,-23.564525],[-46.717124,-23.564614],[-46.717015,-23.564663],[-46.716968,-23.564573]]]}},{"type":"Feature","properties":{"id":"way/245697765","inst":"way/74924310","kind":"yes","h":6,"mh":0,"acc":"u","src":"osm"},"geometry":{"type":"Polygon","coordinates":[[[-46.71715,-23.56448],[-46.717284,-23.564413],[-46.71734,-23.564509],[-46.717206,-23.564575],[-46.71715,-23.56448]]]}},{"type":"Feature","properties":{"id":"way/245697766","inst":"way/74924310","kind":"yes","h":6,"mh":0,"acc":"u","src":"osm"},"geometry":{"type":"Polygon","coordinates":[[[-46.714405,-23.566544],[-46.714508,-23.566495],[-46.714768,-23.56695],[-46.714664,-23.566999],[-46.714405,-23.566544]]]}},{"type":"Feature","properties":{"id":"way/245697767","inst":"way/74924310","kind":"yes","h":6,"mh":0,"acc":"u","src":"osm"},"geometry":{"type":"Polygon","coordinates":[[[-46.718505,-23.565131],[-46.71837,-23.565036],[-46.718447,-23.564945],[-46.718581,-23.56504],[-46.718505,-23.565131]]]}},{"type":"Feature","properties":{"id":"way/245697768","inst":"way/74924310","kind":"yes","h":6,"mh":0,"acc":"u","src":"osm"},"geometry":{"type":"Polygon","coordinates":[[[-46.717388,-23.564474],[-46.717475,-23.564538],[-46.717256,-23.564787],[-46.717169,-23.564723],[-46.717388,-23.564474]]]}},{"type":"Feature","properties":{"id":"way/245697770","inst":"way/74924310","kind":"yes","h":6,"mh":0,"acc":"u","src":"osm"},"geometry":{"type":"Polygon","coordinates":[[[-46.716173,-23.566433],[-46.715991,-23.566519],[-46.715744,-23.566077],[-46.715926,-23.565992],[-46.716173,-23.566433]]]}},{"type":"Feature","properties":{"id":"way/245697771","inst":"way/74924310","kind":"yes","h":7.3,"mh":0,"acc":"u","src":"osm"},"geometry":{"type":"Polygon","coordinates":[[[-46.725309,-23.566889],[-46.7256,-23.567044],[-46.725586,-23.567066],[-46.72552,-23.567171],[-46.725229,-23.567017],[-46.725309,-23.566889]]]}},{"type":"Feature","properties":{"id":"way/245697772","inst":"way/74924310","kind":"yes","h":6,"mh":0,"acc":"u","src":"osm"},"geometry":{"type":"Polygon","coordinates":[[[-46.717968,-23.564874],[-46.717861,-23.564796],[-46.718031,-23.564602],[-46.718137,-23.56468],[-46.717968,-23.564874]]]}},{"type":"Feature","properties":{"id":"way/245697773","inst":"way/74924310","kind":"yes","h":6,"mh":0,"acc":"u","src":"osm"},"geometry":{"type":"Polygon","coordinates":[[[-46.716213,-23.564535],[-46.716126,-23.564573],[-46.71608,-23.564483],[-46.716168,-23.564445],[-46.716213,-23.564535]]]}},{"type":"Feature","properties":{"id":"way/245697774","inst":"way/74924310","kind":"yes","h":4.2,"mh":0,"acc":"u","src":"osm"},"geometry":{"type":"Polygon","coordinates":[[[-46.725072,-23.566813],[-46.725241,-23.566906],[-46.725171,-23.567016],[-46.725134,-23.566996],[-46.725118,-23.56702],[-46.725065,-23.566991],[-46.725081,-23.566967],[-46.725057,-23.566954],[-46.725084,-23.566913],[-46.725028,-23.566883],[-46.725039,-23.566864],[-46.725072,-23.566813]]]}},{"type":"Feature","properties":{"id":"way/245697775","inst":"way/74924310","kind":"yes","h":6,"mh":0,"acc":"u","src":"osm"},"geometry":{"type":"Polygon","coordinates":[[[-46.718946,-23.563573],[-46.718408,-23.564176],[-46.718228,-23.564041],[-46.718766,-23.563439],[-46.718946,-23.563573]]]}},{"type":"Feature","properties":{"id":"way/245697776","inst":"way/74924310","kind":"yes","h":6,"mh":0,"acc":"u","src":"osm"},"geometry":{"type":"Polygon","coordinates":[[[-46.719601,-23.563885],[-46.719643,-23.563833],[-46.719728,-23.563891],[-46.719685,-23.563943],[-46.719601,-23.563885]]]}},{"type":"Feature","properties":{"id":"way/245697777","inst":"way/74924310","kind":"yes","h":6,"mh":0,"acc":"u","src":"osm"},"geometry":{"type":"Polygon","coordinates":[[[-46.720173,-23.565598],[-46.720264,-23.56551],[-46.720303,-23.565544],[-46.720212,-23.565632],[-46.720173,-23.565598]]]}},{"type":"Feature","properties":{"id":"way/245697778","inst":"way/74924310","kind":"yes","h":6,"mh":0,"acc":"u","src":"osm"},"geometry":{"type":"Polygon","coordinates":[[[-46.718822,-23.56382],[-46.718859,-23.563774],[-46.718966,-23.563848],[-46.718929,-23.563893],[-46.718822,-23.56382]]]}},{"type":"Feature","properties":{"id":"way/245697779","inst":"way/74924310","kind":"yes","h":6,"mh":0,"acc":"u","src":"osm"},"geometry":{"type":"Polygon","coordinates":[[[-46.714602,-23.566407],[-46.714495,-23.56622],[-46.714654,-23.566144],[-46.714761,-23.56633],[-46.714602,-23.566407]]]}},{"type":"Feature","properties":{"id":"way/245697780","inst":"way/74924310","kind":"yes","h":6,"mh":0,"acc":"u","src":"osm"},"geometry":{"type":"Polygon","coordinates":[[[-46.714683,-23.566706],[-46.714854,-23.566621],[-46.715111,-23.566492],[-46.715492,-23.567132],[-46.715063,-23.567346],[-46.714683,-23.566706]]]}},{"type":"Feature","properties":{"id":"way/245697781","inst":"way/74924310","kind":"yes","h":6,"mh":0,"acc":"u","src":"osm"},"geometry":{"type":"Polygon","coordinates":[[[-46.717669,-23.564326],[-46.71769,-23.56435],[-46.71762,-23.564431],[-46.717554,-23.564471],[-46.717505,-23.564416],[-46.717669,-23.564326]]]}},{"type":"Feature","properties":{"id":"way/245697782","inst":"way/74924310","kind":"yes","h":6,"mh":0,"acc":"u","src":"osm"},"geometry":{"type":"Polygon","coordinates":[[[-46.714724,-23.566402],[-46.714854,-23.566621],[-46.714683,-23.566706],[-46.714598,-23.566563],[-46.714683,-23.566521],[-46.714639,-23.566445],[-46.714724,-23.566402]]]}},{"type":"Feature","properties":{"id":"way/245697783","inst":"way/74924310","kind":"yes","h":6,"mh":0,"acc":"u","src":"osm"},"geometry":{"type":"Polygon","coordinates":[[[-46.719564,-23.567992],[-46.719902,-23.568198],[-46.719747,-23.568412],[-46.719665,-23.568362],[-46.719765,-23.568225],[-46.719509,-23.568069],[-46.719564,-23.567992]]]}},{"type":"Feature","properties":{"id":"way/245697784","inst":"way/74924310","kind":"yes","h":6,"mh":0,"acc":"u","src":"osm"},"geometry":{"type":"Polygon","coordinates":[[[-46.723258,-23.568935],[-46.723543,-23.568884],[-46.723559,-23.56896],[-46.72336,-23.568996],[-46.723365,-23.569017],[-46.723279,-23.569032],[-46.723258,-23.568935]]]}},{"type":"Feature","properties":{"id":"way/245697785","inst":"way/74924310","kind":"yes","h":6,"mh":0,"acc":"u","src":"osm"},"geometry":{"type":"Polygon","coordinates":[[[-46.717848,-23.564186],[-46.717897,-23.564131],[-46.718068,-23.564256],[-46.717995,-23.564339],[-46.717932,-23.564293],[-46.717956,-23.564265],[-46.717848,-23.564186]]]}},{"type":"Feature","properties":{"id":"way/245697786","inst":"way/74924310","kind":"yes","h":6,"mh":0,"acc":"u","src":"osm"},"geometry":{"type":"Polygon","coordinates":[[[-46.717453,-23.564429],[-46.717385,-23.564324],[-46.717711,-23.564148],[-46.717759,-23.564223],[-46.717697,-23.564257],[-46.717716,-23.564287],[-46.717453,-23.564429]]]}},{"type":"Feature","properties":{"id":"way/245697788","inst":"way/74924310","kind":"yes","h":6,"mh":0,"acc":"u","src":"osm"},"geometry":{"type":"Polygon","coordinates":[[[-46.720398,-23.565353],[-46.720328,-23.565438],[-46.720286,-23.565409],[-46.720249,-23.565454],[-46.720177,-23.565405],[-46.720284,-23.565275],[-46.720398,-23.565353]]]}},{"type":"Feature","properties":{"id":"way/245697789","inst":"way/74924310","kind":"yes","h":6,"mh":0,"acc":"u","src":"osm"},"geometry":{"type":"Polygon","coordinates":[[[-46.718012,-23.564506],[-46.717842,-23.564701],[-46.717778,-23.564655],[-46.717798,-23.564632],[-46.717763,-23.564606],[-46.717869,-23.564484],[-46.717904,-23.56451],[-46.717948,-23.56446],[-46.718012,-23.564506]]]}},{"type":"Feature","properties":{"id":"way/245697791","inst":"way/74924310","kind":"yes","h":6,"mh":0,"acc":"u","src":"osm"},"geometry":{"type":"Polygon","coordinates":[[[-46.718953,-23.565],[-46.719081,-23.564855],[-46.719104,-23.564873],[-46.719201,-23.564763],[-46.719393,-23.564905],[-46.719083,-23.565258],[-46.718892,-23.565116],[-46.718978,-23.565018],[-46.718953,-23.565]]]}},{"type":"Feature","properties":{"id":"way/245697792","inst":"way/74924310","kind":"yes","h":6,"mh":0,"acc":"u","src":"osm"},"geometry":{"type":"Polygon","coordinates":[[[-46.714201,-23.566137],[-46.714395,-23.566044],[-46.714495,-23.56622],[-46.714602,-23.566407],[-46.714625,-23.566447],[-46.714531,-23.566492],[-46.714497,-23.566432],[-46.714398,-23.56648],[-46.714201,-23.566137]]]}},{"type":"Feature","properties":{"id":"way/245697793","inst":"way/74924310","kind":"yes","h":12.8,"mh":0,"acc":"u","src":"osm"},"geometry":{"type":"Polygon","coordinates":[[[-46.719247,-23.566799],[-46.71912,-23.566698],[-46.719235,-23.566577],[-46.71922,-23.566565],[-46.719319,-23.56646],[-46.719337,-23.566469],[-46.719456,-23.566338],[-46.719591,-23.566441],[-46.719458,-23.566588],[-46.719464,-23.566597],[-46.719403,-23.56666],[-46.719389,-23.566649],[-46.719247,-23.566799]]]}},{"type":"Feature","properties":{"id":"way/245697795","inst":"way/74924310","kind":"yes","h":6,"mh":0,"acc":"u","src":"osm"},"geometry":{"type":"Polygon","coordinates":[[[-46.718539,-23.567618],[-46.71861,-23.56767],[-46.718621,-23.567691],[-46.718616,-23.567718],[-46.718604,-23.567736],[-46.718581,-23.567748],[-46.718564,-23.567754],[-46.718536,-23.567743],[-46.718464,-23.567692],[-46.718539,-23.567618]]]}},{"type":"Feature","properties":{"id":"way/245697796","inst":"way/74924310","kind":"yes","h":6,"mh":0,"acc":"u","src":"osm"},"geometry":{"type":"Polygon","coordinates":[[[-46.716527,-23.566245],[-46.716611,-23.566364],[-46.716299,-23.56652],[-46.71617,-23.566282],[-46.716286,-23.566231],[-46.716101,-23.565874],[-46.716292,-23.565792],[-46.716527,-23.566245]]]}},{"type":"Feature","properties":{"id":"way/245697798","inst":"way/74924310","kind":"yes","h":10.9,"mh":0,"acc":"u","src":"osm"},"geometry":{"type":"Polygon","coordinates":[[[-46.725347,-23.566533],[-46.725372,-23.566546],[-46.725378,-23.566538],[-46.725764,-23.566743],[-46.725758,-23.566752],[-46.725786,-23.566767],[-46.725717,-23.566878],[-46.725581,-23.566805],[-46.725545,-23.566862],[-46.725488,-23.566832],[-46.725524,-23.566775],[-46.725278,-23.566643],[-46.725347,-23.566533]]]}},{"type":"Feature","properties":{"id":"way/245697799","inst":"way/74924310","kind":"yes","h":6,"mh":0,"acc":"u","src":"osm"},"geometry":{"type":"Polygon","coordinates":[[[-46.718228,-23.564041],[-46.718408,-23.564176],[-46.718452,-23.564209],[-46.718343,-23.564331],[-46.71813,-23.564171],[-46.718168,-23.564129],[-46.718283,-23.564215],[-46.718312,-23.564182],[-46.718186,-23.564088],[-46.718228,-23.564041]]]}},{"type":"Feature","properties":{"id":"way/245697801","inst":"way/74924310","kind":"yes","h":6,"mh":0,"acc":"u","src":"osm"},"geometry":{"type":"Polygon","coordinates":[[[-46.718252,-23.567747],[-46.718242,-23.567758],[-46.718161,-23.567692],[-46.718224,-23.567628],[-46.718247,-23.567647],[-46.718294,-23.567599],[-46.718278,-23.567585],[-46.718333,-23.567526],[-46.71842,-23.56744],[-46.718437,-23.567454],[-46.718467,-23.567423],[-46.718444,-23.567399],[-46.718518,-23.567326],[-46.718594,-23.567391],[-46.718575,-23.567407],[-46.718659,-23.56748],[-46.718673,-23.567467],[-46.718713,-23.567498],[-46.718702,-23.56751],[-46.718735,-23.567537],[-46.718742,-23.567558],[-46.718734,-23.567584],[-46.71871,-23.567593],[-46.718686,-23.567593],[-46.71866,-23.567572],[-46.718653,-23.567579],[-46.718545,-23.567492],[-46.718518,-23.56752],[-46.718507,-23.567511],[-46.718365,-23.56766],[-46.718378,-23.56767],[-46.718337,-23.567712],[-46.718439,-23.567794],[-46.718453,-23.567817],[-46.718457,-23.567847],[-46.718443,-23.567866],[-46.71839,-23.567876],[-46.718368,-23.567868],[-46.718318,-23.567826],[-46.718332,-23.567812],[-46.718252,-23.567747]]]}},{"type":"Feature","properties":{"id":"way/245697802","inst":"way/74924310","kind":"yes","h":6,"mh":0,"acc":"u","src":"osm"},"geometry":{"type":"Polygon","coordinates":[[[-46.718941,-23.566162],[-46.718899,-23.566209],[-46.71881,-23.566142],[-46.718852,-23.566095],[-46.718941,-23.566162]]]}},{"type":"Feature","properties":{"id":"way/251554347","kind":"yes","h":6,"mh":0,"acc":"u","src":"osm"},"geometry":{"type":"Polygon","coordinates":[[[-46.741078,-23.563195],[-46.741027,-23.563251],[-46.74099,-23.563217],[-46.741042,-23.563161],[-46.741078,-23.563195]]]}},{"type":"Feature","properties":{"id":"way/251554348","kind":"yes","h":7.4,"mh":0,"acc":"u","src":"osm"},"geometry":{"type":"Polygon","coordinates":[[[-46.739984,-23.563119],[-46.740071,-23.563037],[-46.740072,-23.563038],[-46.740285,-23.563228],[-46.740359,-23.563157],[-46.740443,-23.563233],[-46.740262,-23.563404],[-46.740178,-23.563329],[-46.740198,-23.56331],[-46.740012,-23.563144],[-46.739984,-23.563119]]]}},{"type":"Feature","properties":{"id":"way/251554349","kind":"yes","h":9.2,"mh":0,"acc":"u","src":"osm"},"geometry":{"type":"Polygon","coordinates":[[[-46.738762,-23.56327],[-46.738961,-23.563449],[-46.738782,-23.563617],[-46.738583,-23.563438],[-46.738762,-23.56327]]]}},{"type":"Feature","properties":{"id":"way/251554350","kind":"yes","h":15.6,"mh":0,"acc":"u","src":"osm"},"geometry":{"type":"Polygon","coordinates":[[[-46.740702,-23.563309],[-46.740487,-23.563117],[-46.740598,-23.563012],[-46.740675,-23.563082],[-46.740692,-23.563096],[-46.740707,-23.56311],[-46.740725,-23.563126],[-46.740745,-23.563144],[-46.740798,-23.563191],[-46.740866,-23.563252],[-46.740756,-23.563357],[-46.740702,-23.563309]]]}},{"type":"Feature","properties":{"id":"way/251554351","kind":"yes","h":8.2,"mh":0,"acc":"u","src":"osm"},"geometry":{"type":"Polygon","coordinates":[[[-46.737921,-23.564868],[-46.73785,-23.564841],[-46.73784,-23.564862],[-46.737738,-23.564822],[-46.737994,-23.564256],[-46.738181,-23.564328],[-46.738139,-23.564422],[-46.738109,-23.564489],[-46.73809,-23.564531],[-46.738003,-23.564498],[-46.737966,-23.564578],[-46.73804,-23.564606],[-46.73799,-23.564717],[-46.737915,-23.564688],[-46.737897,-23.564729],[-46.737971,-23.564758],[-46.737921,-23.564868]]]}},{"type":"Feature","properties":{"id":"way/251554352","kind":"yes","h":4.2,"mh":0,"acc":"u","src":"osm"},"geometry":{"type":"Polygon","coordinates":[[[-46.739264,-23.562959],[-46.73932,-23.563039],[-46.739246,-23.563084],[-46.739276,-23.563127],[-46.739272,-23.56313],[-46.739275,-23.563135],[-46.738898,-23.563368],[-46.738802,-23.563232],[-46.739114,-23.563045],[-46.73912,-23.563052],[-46.73919,-23.56301],[-46.739194,-23.563015],[-46.73921,-23.563005],[-46.739203,-23.562995],[-46.739264,-23.562959]]]}},{"type":"Feature","properties":{"id":"way/251556709","inst":"relation/3375375","kind":"yes","h":6,"mh":0,"acc":"u","src":"osm"},"geometry":{"type":"Polygon","coordinates":[[[-46.735384,-23.56611],[-46.735342,-23.566125],[-46.735374,-23.566198],[-46.735332,-23.566213],[-46.735354,-23.566263],[-46.735251,-23.566301],[-46.735177,-23.56613],[-46.735014,-23.566189],[-46.734908,-23.565945],[-46.735257,-23.565818],[-46.735384,-23.56611]]]}},{"type":"Feature","properties":{"id":"way/251556711","kind":"yes","h":3.8,"mh":0,"acc":"u","src":"osm"},"geometry":{"type":"Polygon","coordinates":[[[-46.740539,-23.563445],[-46.740614,-23.563512],[-46.740575,-23.563549],[-46.740584,-23.563556],[-46.740506,-23.56363],[-46.740497,-23.563622],[-46.74046,-23.563657],[-46.740386,-23.56359],[-46.740539,-23.563445]]]}},{"type":"Feature","properties":{"id":"way/251556712","kind":"yes","h":5.7,"mh":0,"acc":"u","src":"osm"},"geometry":{"type":"Polygon","coordinates":[[[-46.738702,-23.564249],[-46.738686,-23.564235],[-46.738736,-23.564188],[-46.738738,-23.56419],[-46.738775,-23.564156],[-46.738731,-23.564116],[-46.738901,-23.564024],[-46.738969,-23.564085],[-46.738964,-23.564093],[-46.73892,-23.564165],[-46.73887,-23.564245],[-46.738849,-23.564264],[-46.738824,-23.564241],[-46.738826,-23.56424],[-46.738771,-23.56419],[-46.738702,-23.564249]]]}},{"type":"Feature","properties":{"id":"way/251556713","kind":"yes","h":9.6,"mh":0,"acc":"u","src":"osm"},"geometry":{"type":"Polygon","coordinates":[[[-46.738245,-23.563992],[-46.7381,-23.563858],[-46.738308,-23.563667],[-46.738519,-23.563862],[-46.738311,-23.564053],[-46.738277,-23.56402],[-46.738245,-23.563992]]]}},{"type":"Feature","properties":{"id":"way/251556714","kind":"yes","h":4.2,"mh":0,"acc":"u","src":"osm"},"geometry":{"type":"Polygon","coordinates":[[[-46.740333,-23.563621],[-46.740432,-23.56371],[-46.740272,-23.563866],[-46.740264,-23.563859],[-46.740235,-23.563887],[-46.740137,-23.5638],[-46.740168,-23.56377],[-46.740173,-23.563774],[-46.740333,-23.563621]]]}},{"type":"Feature","properties":{"id":"way/251556715","kind":"yes","h":5.3,"mh":0,"acc":"u","src":"osm"},"geometry":{"type":"Polygon","coordinates":[[[-46.738414,-23.563585],[-46.738604,-23.563759],[-46.738532,-23.563823],[-46.738347,-23.56365],[-46.738414,-23.563585]]]}},{"type":"Feature","properties":{"id":"way/251556716","kind":"yes","h":4,"mh":0,"acc":"u","src":"osm"},"geometry":{"type":"Polygon","coordinates":[[[-46.738601,-23.563465],[-46.738684,-23.563583],[-46.738544,-23.563668],[-46.738459,-23.563553],[-46.738601,-23.563465]]]}},{"type":"Feature","properties":{"id":"way/251556717","kind":"yes","h":3.5,"mh":0,"acc":"u","src":"osm"},"geometry":{"type":"Polygon","coordinates":[[[-46.738705,-23.563601],[-46.738756,-23.563649],[-46.738635,-23.56376],[-46.738583,-23.563712],[-46.738705,-23.563601]]]}},{"type":"Feature","properties":{"id":"way/251556718","kind":"yes","h":6,"mh":0,"acc":"u","src":"osm"},"geometry":{"type":"Polygon","coordinates":[[[-46.739024,-23.564421],[-46.738899,-23.564684],[-46.738788,-23.564639],[-46.738918,-23.564383],[-46.739024,-23.564421]]]}},{"type":"Feature","properties":{"id":"way/251556720","kind":"yes","h":4.1,"mh":0,"acc":"u","src":"osm"},"geometry":{"type":"Polygon","coordinates":[[[-46.739384,-23.563991],[-46.739479,-23.564077],[-46.739123,-23.56441],[-46.738944,-23.564248],[-46.739042,-23.564156],[-46.739126,-23.564233],[-46.739384,-23.563991]]]}},{"type":"Feature","properties":{"id":"way/251556722","kind":"yes","h":5.2,"mh":0,"acc":"u","src":"osm"},"geometry":{"type":"Polygon","coordinates":[[[-46.740133,-23.563816],[-46.740192,-23.563911],[-46.739984,-23.564022],[-46.73993,-23.563936],[-46.739984,-23.563908],[-46.739978,-23.563898],[-46.740133,-23.563816]]]}},{"type":"Feature","properties":{"id":"way/251556723","inst":"relation/3375375","kind":"yes","h":9.4,"mh":0,"acc":"u","src":"osm"},"geometry":{"type":"Polygon","coordinates":[[[-46.734952,-23.56684],[-46.734971,-23.566833],[-46.734918,-23.566707],[-46.734975,-23.566687],[-46.734968,-23.56667],[-46.735004,-23.566657],[-46.735011,-23.566674],[-46.735069,-23.566653],[-46.735193,-23.566949],[-46.73517,-23.566957],[-46.73518,-23.566981],[-46.735142,-23.566995],[-46.73511,-23.567006],[-46.7351,-23.566983],[-46.735044,-23.567003],[-46.73499,-23.566876],[-46.73497,-23.566884],[-46.734952,-23.56684]]]}},{"type":"Feature","properties":{"id":"way/251742449","name":"CIETEC","inst":"relation/3375375","kind":"yes","h":11.8,"mh":0,"acc":"u","src":"osm"},"geometry":{"type":"Polygon","coordinates":[[[-46.734889,-23.564525],[-46.734976,-23.564516],[-46.734975,-23.564506],[-46.735168,-23.564486],[-46.735225,-23.564951],[-46.735255,-23.564948],[-46.735251,-23.564917],[-46.735315,-23.56491],[-46.735328,-23.565022],[-46.735263,-23.565029],[-46.735259,-23.564998],[-46.735229,-23.565001],[-46.735274,-23.565375],[-46.735231,-23.565379],[-46.735234,-23.565406],[-46.735239,-23.56544],[-46.735141,-23.56545],[-46.735134,-23.56539],[-46.735079,-23.565396],[-46.735034,-23.565028],[-46.735016,-23.56503],[-46.735019,-23.565051],[-46.734954,-23.565058],[-46.73494,-23.564938],[-46.735008,-23.564931],[-46.735011,-23.564957],[-46.735028,-23.564955],[-46.734985,-23.564603],[-46.734964,-23.564605],[-46.734967,-23.564628],[-46.734902,-23.564634],[-46.734899,-23.564606],[-46.734889,-23.564525]]]}},{"type":"Feature","properties":{"id":"way/251742450","inst":"relation/20199273","kind":"yes","h":7.1,"mh":0,"acc":"u","src":"osm"},"geometry":{"type":"Polygon","coordinates":[[[-46.736225,-23.555376],[-46.736332,-23.555437],[-46.736314,-23.555463],[-46.737859,-23.556343],[-46.737882,-23.556309],[-46.73798,-23.556364],[-46.737958,-23.5564],[-46.738487,-23.556701],[-46.738442,-23.556768],[-46.738185,-23.556621],[-46.738002,-23.556891],[-46.737827,-23.556788],[-46.737856,-23.55674],[-46.73793,-23.556783],[-46.738022,-23.55664],[-46.737986,-23.556617],[-46.738005,-23.556592],[-46.73804,-23.556612],[-46.738044,-23.556607],[-46.738009,-23.556587],[-46.738042,-23.55654],[-46.737898,-23.556457],[-46.737836,-23.556553],[-46.737145,-23.556167],[-46.737141,-23.556173],[-46.736958,-23.556068],[-46.736955,-23.556073],[-46.736079,-23.55557],[-46.736113,-23.555519],[-46.736093,-23.555507],[-46.736116,-23.555473],[-46.736137,-23.555484],[-46.736196,-23.555395],[-46.73621,-23.555403],[-46.736225,-23.555376]]]}},{"type":"Feature","properties":{"id":"way/251742451","inst":"relation/3375375","kind":"yes","h":14.8,"mh":0,"acc":"u","src":"osm"},"geometry":{"type":"Polygon","coordinates":[[[-46.740385,-23.561009],[-46.740389,-23.561027],[-46.740487,-23.561016],[-46.740503,-23.561121],[-46.740409,-23.561135],[-46.740419,-23.5612],[-46.740352,-23.561209],[-46.740362,-23.561274],[-46.740393,-23.56127],[-46.740413,-23.561397],[-46.740473,-23.561389],[-46.740434,-23.561164],[-46.740452,-23.561162],[-46.740451,-23.561154],[-46.740525,-23.561143],[-46.740532,-23.561185],[-46.740545,-23.561184],[-46.740545,-23.561187],[-46.740598,-23.561185],[-46.740605,-23.561226],[-46.740581,-23.561227],[-46.740595,-23.561322],[-46.74063,-23.561342],[-46.740632,-23.561374],[-46.740975,-23.56133],[-46.741007,-23.561535],[-46.740543,-23.561599],[-46.740521,-23.561467],[-46.740485,-23.561472],[-46.740483,-23.561458],[-46.74042,-23.561467],[-46.740455,-23.56173],[-46.740297,-23.561751],[-46.740229,-23.561284],[-46.739963,-23.561321],[-46.740022,-23.561711],[-46.739861,-23.561732],[-46.739772,-23.561119],[-46.739847,-23.561109],[-46.739845,-23.561092],[-46.739828,-23.561093],[-46.73983,-23.561067],[-46.739873,-23.561062],[-46.739882,-23.561086],[-46.739867,-23.561088],[-46.73987,-23.561106],[-46.739926,-23.561096],[-46.739956,-23.561267],[-46.740196,-23.561233],[-46.740167,-23.561037],[-46.740385,-23.561009]]]}},{"type":"Feature","properties":{"id":"way/251742452","inst":"relation/20199273","kind":"yes","h":9.3,"mh":0,"acc":"u","src":"osm"},"geometry":{"type":"Polygon","coordinates":[[[-46.73419,-23.554238],[-46.734781,-23.554575],[-46.734777,-23.554582],[-46.734853,-23.554624],[-46.73471,-23.554837],[-46.734633,-23.554796],[-46.734627,-23.554805],[-46.734036,-23.554468],[-46.73419,-23.554238]]]}},{"type":"Feature","properties":{"id":"way/251742453","inst":"relation/3375375","kind":"yes","h":8.3,"mh":0,"acc":"u","src":"osm"},"geometry":{"type":"Polygon","coordinates":[[[-46.740877,-23.560196],[-46.741071,-23.560197],[-46.741068,-23.560938],[-46.741049,-23.560938],[-46.741049,-23.560994],[-46.740888,-23.560993],[-46.740888,-23.560988],[-46.74086,-23.560987],[-46.740861,-23.560932],[-46.740874,-23.560932],[-46.740877,-23.560196]]]}},{"type":"Feature","properties":{"id":"way/251742454","inst":"relation/3375375","kind":"yes","h":10.6,"mh":0,"acc":"u","src":"osm"},"geometry":{"type":"Polygon","coordinates":[[[-46.741176,-23.562588],[-46.741124,-23.562728],[-46.741298,-23.562783],[-46.741244,-23.562928],[-46.740555,-23.562713],[-46.740661,-23.562427],[-46.741176,-23.562588]]]}},{"type":"Feature","properties":{"id":"way/251742455","inst":"relation/3375375","kind":"yes","h":6,"mh":0,"acc":"u","src":"osm"},"geometry":{"type":"Polygon","coordinates":[[[-46.741723,-23.560853],[-46.741472,-23.560856],[-46.741464,-23.560125],[-46.741714,-23.560123],[-46.741723,-23.560853]]]}},{"type":"Feature","properties":{"id":"way/251742456","inst":"relation/3375375","kind":"yes","h":6,"mh":0,"acc":"u","src":"osm"},"geometry":{"type":"Polygon","coordinates":[[[-46.742104,-23.560858],[-46.741844,-23.560864],[-46.741829,-23.560118],[-46.742088,-23.560112],[-46.742104,-23.560858]]]}},{"type":"Feature","properties":{"id":"way/251742457","name":"36","inst":"relation/20199273","kind":"yes","h":16.1,"mh":0,"acc":"u","src":"osm"},"geometry":{"type":"Polygon","coordinates":[[[-46.735887,-23.557244],[-46.736039,-23.557018],[-46.736019,-23.557007],[-46.736058,-23.55695],[-46.736078,-23.556962],[-46.736198,-23.556783],[-46.736321,-23.556853],[-46.736017,-23.557306],[-46.736011,-23.557315],[-46.735887,-23.557244]]]}},{"type":"Feature","properties":{"id":"way/251742458","inst":"relation/3375375","kind":"yes","h":5.9,"mh":0,"acc":"u","src":"osm"},"geometry":{"type":"Polygon","coordinates":[[[-46.741404,-23.562007],[-46.741435,-23.562194],[-46.741326,-23.562209],[-46.741295,-23.562022],[-46.741404,-23.562007]]]}},{"type":"Feature","properties":{"id":"way/251742459","inst":"relation/3375375","kind":"yes","h":6.3,"mh":0,"acc":"u","src":"osm"},"geometry":{"type":"Polygon","coordinates":[[[-46.741367,-23.561751],[-46.741393,-23.561935],[-46.741288,-23.561948],[-46.741261,-23.561764],[-46.741367,-23.561751]]]}},{"type":"Feature","properties":{"id":"way/251742460","inst":"relation/3375375","kind":"yes","h":8.2,"mh":0,"acc":"u","src":"osm"},"geometry":{"type":"Polygon","coordinates":[[[-46.741094,-23.561903],[-46.741122,-23.562086],[-46.740878,-23.562118],[-46.74085,-23.561934],[-46.741094,-23.561903]]]}},{"type":"Feature","properties":{"id":"way/251742461","inst":"relation/3375375","kind":"yes","h":7.6,"mh":0,"acc":"u","src":"osm"},"geometry":{"type":"Polygon","coordinates":[[[-46.741115,-23.562156],[-46.741133,-23.562274],[-46.740925,-23.562301],[-46.740907,-23.562183],[-46.741115,-23.562156]]]}},{"type":"Feature","properties":{"id":"way/251742462","inst":"relation/20199273","kind":"yes","h":9.7,"mh":0,"acc":"u","src":"osm"},"geometry":{"type":"Polygon","coordinates":[[[-46.734009,-23.554507],[-46.734601,-23.554845],[-46.734473,-23.555036],[-46.73388,-23.554698],[-46.734009,-23.554507]]]}},{"type":"Feature","properties":{"id":"way/251742463","inst":"relation/3375375","kind":"yes","h":5.7,"mh":0,"acc":"u","src":"osm"},"geometry":{"type":"Polygon","coordinates":[[[-46.739506,-23.56229],[-46.739892,-23.562427],[-46.739836,-23.562562],[-46.73945,-23.562425],[-46.739506,-23.56229]]]}},{"type":"Feature","properties":{"id":"way/251742464","inst":"relation/20199273","kind":"yes","h":6.1,"mh":0,"acc":"u","src":"osm"},"geometry":{"type":"Polygon","coordinates":[[[-46.734724,-23.555539],[-46.734865,-23.55533],[-46.735114,-23.555474],[-46.734973,-23.555682],[-46.734724,-23.555539]]]}},{"type":"Feature","properties":{"id":"way/251742465","inst":"relation/20199273","kind":"yes","h":6.1,"mh":0,"acc":"u","src":"osm"},"geometry":{"type":"Polygon","coordinates":[[[-46.734445,-23.555075],[-46.734293,-23.555302],[-46.733702,-23.554965],[-46.733855,-23.554738],[-46.734445,-23.555075]]]}},{"type":"Feature","properties":{"id":"way/251742466","inst":"relation/3375375","kind":"yes","h":3.9,"mh":0,"acc":"u","src":"osm"},"geometry":{"type":"Polygon","coordinates":[[[-46.740691,-23.562053],[-46.740702,-23.562133],[-46.740617,-23.562143],[-46.740606,-23.562063],[-46.740691,-23.562053]]]}},{"type":"Feature","properties":{"id":"way/251742467","inst":"relation/3375375","kind":"yes","h":6,"mh":0,"acc":"u","src":"osm"},"geometry":{"type":"Polygon","coordinates":[[[-46.740688,-23.561992],[-46.740618,-23.562003],[-46.740606,-23.561925],[-46.740676,-23.561914],[-46.740688,-23.561992]]]}},{"type":"Feature","properties":{"id":"way/251742468","inst":"relation/3375375","kind":"yes","h":4.3,"mh":0,"acc":"u","src":"osm"},"geometry":{"type":"Polygon","coordinates":[[[-46.735751,-23.566534],[-46.735908,-23.566904],[-46.735664,-23.566991],[-46.735681,-23.567031],[-46.735632,-23.567048],[-46.735615,-23.567008],[-46.735538,-23.567035],[-46.735402,-23.566716],[-46.73544,-23.566703],[-46.735424,-23.566665],[-46.735523,-23.566629],[-46.735518,-23.566618],[-46.735606,-23.566587],[-46.735626,-23.566636],[-46.735658,-23.566624],[-46.735651,-23.566606],[-46.735685,-23.566594],[-46.735672,-23.566562],[-46.735751,-23.566534]]]}},{"type":"Feature","properties":{"id":"way/251742469","inst":"relation/20199273","kind":"yes","h":3.6,"mh":0,"acc":"u","src":"osm"},"geometry":{"type":"Polygon","coordinates":[[[-46.735182,-23.555509],[-46.735253,-23.555548],[-46.73522,-23.555598],[-46.735206,-23.55559],[-46.735184,-23.555624],[-46.735347,-23.555714],[-46.735258,-23.555852],[-46.735038,-23.555731],[-46.735182,-23.555509]]]}},{"type":"Feature","properties":{"id":"way/251742471","inst":"relation/3375375","kind":"yes","h":5.4,"mh":0,"acc":"u","src":"osm"},"geometry":{"type":"Polygon","coordinates":[[[-46.740503,-23.56215],[-46.740533,-23.562328],[-46.740419,-23.562346],[-46.740414,-23.562313],[-46.740116,-23.562359],[-46.740092,-23.56221],[-46.740503,-23.56215]]]}},{"type":"Feature","properties":{"id":"way/251742472","inst":"relation/20199273","kind":"yes","h":9.6,"mh":0,"acc":"u","src":"osm"},"geometry":{"type":"Polygon","coordinates":[[[-46.73645,-23.555906],[-46.736729,-23.556068],[-46.736544,-23.55634],[-46.736442,-23.556281],[-46.736435,-23.556292],[-46.736674,-23.556429],[-46.736866,-23.556145],[-46.736897,-23.556164],[-46.737615,-23.556575],[-46.737356,-23.556959],[-46.737073,-23.556797],[-46.737041,-23.55684],[-46.736938,-23.556782],[-46.736966,-23.556736],[-46.736367,-23.556393],[-46.736415,-23.556322],[-46.736367,-23.556294],[-46.736343,-23.556329],[-46.736188,-23.556239],[-46.736272,-23.55611],[-46.736313,-23.556107],[-46.736343,-23.556063],[-46.736315,-23.556046],[-46.736369,-23.555968],[-46.736397,-23.555983],[-46.73645,-23.555906]]]}},{"type":"Feature","properties":{"id":"way/251742473","inst":"relation/3375375","kind":"yes","h":5.6,"mh":0,"acc":"u","src":"osm"},"geometry":{"type":"Polygon","coordinates":[[[-46.737707,-23.565395],[-46.737882,-23.565463],[-46.737761,-23.565731],[-46.737536,-23.565645],[-46.737592,-23.565521],[-46.737641,-23.56554],[-46.737707,-23.565395]]]}},{"type":"Feature","properties":{"id":"way/274205497","kind":"yes","h":6.5,"mh":0,"acc":"u","src":"osm"},"geometry":{"type":"Polygon","coordinates":[[[-46.741546,-23.565466],[-46.741484,-23.565423],[-46.74142,-23.565378],[-46.741469,-23.565319],[-46.741585,-23.565179],[-46.741598,-23.565163],[-46.741724,-23.565251],[-46.741546,-23.565466]]]}},{"type":"Feature","properties":{"id":"way/275451969","name":"Escola de Aplicação da Faculdade de Educação da USP","kind":"school","h":6,"mh":0,"acc":"u","src":"osm"},"geometry":{"type":"Polygon","coordinates":[[[-46.714649,-23.562137],[-46.714771,-23.562371],[-46.714669,-23.562424],[-46.714643,-23.562373],[-46.714505,-23.562445],[-46.714528,-23.562489],[-46.714404,-23.562554],[-46.714176,-23.562118],[-46.71428,-23.562064],[-46.714364,-23.562225],[-46.714499,-23.562154],[-46.714317,-23.561808],[-46.714445,-23.561741],[-46.714481,-23.561809],[-46.71456,-23.561767],[-46.714605,-23.561853],[-46.714523,-23.561897],[-46.71454,-23.56193],[-46.714649,-23.562137]]]}},{"type":"Feature","properties":{"id":"way/291407687","name":"Instituto de Relações Internacionais","kind":"university","h":9.6,"mh":0,"acc":"u","src":"osm"},"geometry":{"type":"Polygon","coordinates":[[[-46.728934,-23.556433],[-46.728788,-23.556496],[-46.72853,-23.555986],[-46.728676,-23.555924],[-46.728934,-23.556433]]]}},{"type":"Feature","properties":{"id":"way/291548655","kind":"construction","h":6,"mh":0,"acc":"u","src":"osm"},"geometry":{"type":"Polygon","coordinates":[[[-46.737912,-23.571806],[-46.737705,-23.571673],[-46.737619,-23.571787],[-46.737579,-23.571762],[-46.737524,-23.571835],[-46.737195,-23.571625],[-46.737332,-23.571444],[-46.737065,-23.571274],[-46.737048,-23.571296],[-46.736861,-23.571177],[-46.736878,-23.571154],[-46.736815,-23.571114],[-46.736859,-23.570793],[-46.736922,-23.570801],[-46.736938,-23.570682],[-46.737125,-23.570704],[-46.737237,-23.570743],[-46.737252,-23.570723],[-46.737423,-23.570834],[-46.737406,-23.570856],[-46.737448,-23.570884],[-46.737473,-23.570852],[-46.737798,-23.571064],[-46.737782,-23.571085],[-46.737992,-23.571222],[-46.737942,-23.571287],[-46.737912,-23.571806]]]}},{"type":"Feature","properties":{"id":"way/291548662","kind":"construction","h":6,"mh":0,"acc":"u","src":"osm"},"geometry":{"type":"Polygon","coordinates":[[[-46.735577,-23.569176],[-46.735821,-23.569531],[-46.735437,-23.569753],[-46.735193,-23.569399],[-46.735577,-23.569176]]]}},{"type":"Feature","properties":{"id":"way/291548874","kind":"yes","h":4.8,"mh":0,"acc":"u","src":"osm"},"geometry":{"type":"Polygon","coordinates":[[[-46.743396,-23.559401],[-46.743538,-23.559423],[-46.743542,-23.5594],[-46.743646,-23.559415],[-46.743641,-23.55944],[-46.743651,-23.559441],[-46.743537,-23.560075],[-46.743282,-23.560037],[-46.743396,-23.559401]]]}},{"type":"Feature","properties":{"id":"way/298015384","kind":"yes","h":4.5,"mh":0,"acc":"u","src":"osm"},"geometry":{"type":"Polygon","coordinates":[[[-46.717062,-23.561042],[-46.717097,-23.561206],[-46.717019,-23.56122],[-46.71696,-23.561229],[-46.716986,-23.561358],[-46.716852,-23.561381],[-46.716827,-23.561252],[-46.716693,-23.561272],[-46.716718,-23.561404],[-46.716581,-23.561427],[-46.716558,-23.561297],[-46.716421,-23.56132],[-46.71645,-23.561448],[-46.716314,-23.561473],[-46.716287,-23.561339],[-46.716152,-23.561361],[-46.716148,-23.561344],[-46.716122,-23.561209],[-46.716256,-23.561187],[-46.716283,-23.561312],[-46.716413,-23.56129],[-46.716389,-23.561162],[-46.716524,-23.561137],[-46.71655,-23.561263],[-46.716685,-23.56124],[-46.716659,-23.561111],[-46.716794,-23.561089],[-46.71682,-23.561218],[-46.716954,-23.561194],[-46.716929,-23.561065],[-46.717062,-23.561042]]]}},{"type":"Feature","properties":{"id":"way/298015386","name":"Quadras cobertas","kind":"yes","h":12.3,"mh":0,"acc":"u","src":"osm"},"geometry":{"type":"Polygon","coordinates":[[[-46.715542,-23.561322],[-46.715621,-23.561722],[-46.714745,-23.561871],[-46.714665,-23.561471],[-46.715542,-23.561322]]]}},{"type":"Feature","properties":{"id":"way/298015458","name":"Biblioteca Brasiliana Guita e José Mindlin","kind":"university","h":6,"mh":0,"acc":"u","src":"osm"},"geometry":{"type":"Polygon","coordinates":[[[-46.721834,-23.562203],[-46.721821,-23.562154],[-46.721827,-23.562105],[-46.721852,-23.562062],[-46.721894,-23.562031],[-46.721946,-23.562017],[-46.721999,-23.562022],[-46.722047,-23.562046],[-46.722078,-23.562084],[-46.722965,-23.561642],[-46.723149,-23.561953],[-46.722256,-23.562397],[-46.72235,-23.562556],[-46.722112,-23.562674],[-46.722019,-23.562515],[-46.721965,-23.562542],[-46.721611,-23.562718],[-46.721426,-23.562406],[-46.721783,-23.562228],[-46.721834,-23.562203]]]}},{"type":"Feature","properties":{"id":"way/298015515","inst":"way/158966873","kind":"yes","h":13.2,"mh":0,"acc":"u","src":"osm"},"geometry":{"type":"Polygon","coordinates":[[[-46.730537,-23.557564],[-46.730577,-23.557544],[-46.730604,-23.557591],[-46.730619,-23.557584],[-46.730636,-23.557613],[-46.730646,-23.557608],[-46.73065,-23.557615],[-46.730675,-23.557603],[-46.730712,-23.557668],[-46.73068,-23.557684],[-46.730687,-23.557696],[-46.730747,-23.557666],[-46.730728,-23.557634],[-46.730722,-23.557637],[-46.730695,-23.557591],[-46.730746,-23.557566],[-46.730792,-23.557645],[-46.730921,-23.557582],[-46.730933,-23.557604],[-46.730984,-23.557579],[-46.73105,-23.557694],[-46.73106,-23.557711],[-46.730655,-23.557908],[-46.730578,-23.557774],[-46.730677,-23.557726],[-46.730662,-23.557698],[-46.730585,-23.557735],[-46.73057,-23.557708],[-46.730542,-23.55766],[-46.730582,-23.557641],[-46.730537,-23.557564]]]}},{"type":"Feature","properties":{"id":"way/298015850","kind":"yes","h":6,"mh":0,"acc":"u","src":"osm"},"geometry":{"type":"Polygon","coordinates":[[[-46.7222,-23.555485],[-46.722275,-23.555614],[-46.721292,-23.556097],[-46.721217,-23.555967],[-46.7222,-23.555485]]]}},{"type":"Feature","properties":{"id":"way/298015851","name":"Laboratório de Mecânica Offshore","sn":"LMO","inst":"way/158966873","kind":"yes","h":6,"mh":0,"acc":"u","src":"osm"},"geometry":{"type":"Polygon","coordinates":[[[-46.729411,-23.555389],[-46.729506,-23.555561],[-46.729301,-23.555657],[-46.729243,-23.555554],[-46.729205,-23.555485],[-46.729411,-23.555389]]]}},{"type":"Feature","properties":{"id":"way/298015852","kind":"yes","h":6,"mh":0,"acc":"u","src":"osm"},"geometry":{"type":"Polygon","coordinates":[[[-46.723619,-23.554748],[-46.723669,-23.554817],[-46.723552,-23.554888],[-46.723502,-23.554819],[-46.723619,-23.554748]]]}},{"type":"Feature","properties":{"id":"way/298015853","kind":"sports_centre","h":6,"mh":0,"acc":"u","src":"osm"},"geometry":{"type":"Polygon","coordinates":[[[-46.72031,-23.556521],[-46.720395,-23.556681],[-46.720192,-23.556772],[-46.720107,-23.556613],[-46.72031,-23.556521]]]}},{"type":"Feature","properties":{"id":"way/298015854","kind":"yes","h":6,"mh":0,"acc":"u","src":"osm"},"geometry":{"type":"Polygon","coordinates":[[[-46.722637,-23.555325],[-46.722671,-23.555383],[-46.722502,-23.555467],[-46.722468,-23.555409],[-46.722637,-23.555325]]]}},{"type":"Feature","properties":{"id":"way/298015855","inst":"way/158966873","kind":"university","h":6,"mh":0,"acc":"u","src":"osm"},"geometry":{"type":"Polygon","coordinates":[[[-46.729856,-23.556106],[-46.729935,-23.556244],[-46.729714,-23.55635],[-46.729674,-23.556279],[-46.729635,-23.556212],[-46.729856,-23.556106]]]}},{"type":"Feature","properties":{"id":"way/298015856","name":"Núcleo de Pesquisas em Redes Elétricas Inteligentes","sn":"NAPREI-USP","inst":"way/158966873","kind":"university","h":12.8,"mh":0,"acc":"u","src":"osm"},"geometry":{"type":"Polygon","coordinates":[[[-46.729481,-23.555644],[-46.729649,-23.555946],[-46.729643,-23.555949],[-46.729509,-23.556012],[-46.729408,-23.555831],[-46.72934,-23.555709],[-46.729481,-23.555644]]]}},{"type":"Feature","properties":{"id":"way/298015857","kind":"yes","h":6,"mh":0,"acc":"u","src":"osm"},"geometry":{"type":"Polygon","coordinates":[[[-46.720875,-23.556146],[-46.720942,-23.556262],[-46.720822,-23.556321],[-46.720847,-23.556364],[-46.720613,-23.556478],[-46.720588,-23.556435],[-46.720451,-23.556501],[-46.720384,-23.556385],[-46.720875,-23.556146]]]}},{"type":"Feature","properties":{"id":"way/298016100","kind":"university","h":3.8,"mh":0,"acc":"u","src":"osm"},"geometry":{"type":"Polygon","coordinates":[[[-46.714731,-23.563097],[-46.714795,-23.563304],[-46.714797,-23.563303],[-46.714807,-23.563321],[-46.71482,-23.563316],[-46.714776,-23.563118],[-46.714989,-23.563121],[-46.714939,-23.56332],[-46.714946,-23.563321],[-46.715029,-23.563368],[-46.71504,-23.56335],[-46.714962,-23.563309],[-46.715041,-23.563104],[-46.715215,-23.563201],[-46.715072,-23.563365],[-46.715058,-23.563384],[-46.715062,-23.563386],[-46.715125,-23.563488],[-46.715063,-23.563503],[-46.715017,-23.563424],[-46.714929,-23.563377],[-46.714827,-23.563377],[-46.714817,-23.563381],[-46.714851,-23.563443],[-46.714817,-23.563458],[-46.714782,-23.563397],[-46.714735,-23.563421],[-46.714686,-23.563498],[-46.714627,-23.56348],[-46.714692,-23.563379],[-46.714744,-23.563352],[-46.714735,-23.563338],[-46.71469,-23.56336],[-46.714536,-23.563191],[-46.714731,-23.563097]]]}},{"type":"Feature","properties":{"id":"way/298016101","inst":"way/34317182","kind":"yes","h":6,"mh":0,"acc":"u","src":"osm"},"geometry":{"type":"Polygon","coordinates":[[[-46.715581,-23.562962],[-46.715579,-23.562958],[-46.715941,-23.562789],[-46.715978,-23.562771],[-46.716178,-23.56313],[-46.716035,-23.563197],[-46.715908,-23.56297],[-46.715653,-23.563089],[-46.715582,-23.562962],[-46.715581,-23.562962]]]}},{"type":"Feature","properties":{"id":"way/298017012","inst":"way/74924310","kind":"university","h":4.3,"mh":0,"acc":"u","src":"osm"},"geometry":{"type":"Polygon","coordinates":[[[-46.714213,-23.565153],[-46.714413,-23.564933],[-46.714706,-23.564784],[-46.71473,-23.564717],[-46.714773,-23.564632],[-46.7148,-23.564569],[-46.714848,-23.564526],[-46.715227,-23.56434],[-46.715324,-23.564368],[-46.715201,-23.564428],[-46.715141,-23.564609],[-46.714944,-23.564553],[-46.714858,-23.564805],[-46.714757,-23.564776],[-46.714402,-23.564966],[-46.714319,-23.565144],[-46.714213,-23.565153]]]}},{"type":"Feature","properties":{"id":"way/300146722","name":"Pelletron","inst":"way/158789266","kind":"yes","h":33.9,"mh":0,"acc":"u","src":"osm"},"geometry":{"type":"Polygon","coordinates":[[[-46.734896,-23.561573],[-46.734883,-23.56147],[-46.734955,-23.561463],[-46.735039,-23.561456],[-46.735051,-23.561558],[-46.734896,-23.561573]]]}},{"type":"Feature","properties":{"id":"way/300146723","name":"Sociedade Brasileira de Física","inst":"way/158789266","kind":"yes","h":9.1,"mh":0,"acc":"u","src":"osm"},"geometry":{"type":"Polygon","coordinates":[[[-46.734765,-23.561875],[-46.734786,-23.561896],[-46.734776,-23.56191],[-46.734784,-23.561918],[-46.734783,-23.561932],[-46.734797,-23.561941],[-46.734791,-23.56195],[-46.7348,-23.561957],[-46.734792,-23.561968],[-46.734803,-23.561976],[-46.734795,-23.561984],[-46.734803,-23.561989],[-46.734806,-23.562021],[-46.734688,-23.562031],[-46.734678,-23.561923],[-46.734688,-23.561911],[-46.734688,-23.561897],[-46.734705,-23.561881],[-46.734721,-23.561883],[-46.734727,-23.561877],[-46.734765,-23.561875]]]}},{"type":"Feature","properties":{"id":"way/322203738","name":"Edifício Basílio Jafet","inst":"way/158789266","kind":"university","h":11.1,"mh":0,"acc":"u","src":"osm"},"geometry":{"type":"Polygon","coordinates":[[[-46.736024,-23.561088],[-46.736098,-23.56108],[-46.736374,-23.561055],[-46.736385,-23.561152],[-46.736327,-23.561159],[-46.736346,-23.561334],[-46.736258,-23.561342],[-46.736263,-23.561384],[-46.736172,-23.561392],[-46.736153,-23.561222],[-46.735918,-23.561244],[-46.735943,-23.561471],[-46.735858,-23.561479],[-46.735834,-23.561252],[-46.735436,-23.561289],[-46.735426,-23.5612],[-46.73603,-23.561144],[-46.736024,-23.561088]]]}},{"type":"Feature","properties":{"id":"way/322203739","name":"Dosimetria","inst":"way/158789266","kind":"yes","h":6,"mh":0,"acc":"u","src":"osm"},"geometry":{"type":"Polygon","coordinates":[[[-46.735509,-23.562125],[-46.735239,-23.562153],[-46.735227,-23.562036],[-46.735497,-23.562008],[-46.735509,-23.562125]]]}},{"type":"Feature","properties":{"id":"way/322203740","name":"Laboratório de Física Experimental","inst":"way/158789266","kind":"yes","h":3.9,"mh":0,"acc":"u","src":"osm"},"geometry":{"type":"Polygon","coordinates":[[[-46.735838,-23.561981],[-46.73585,-23.562088],[-46.735518,-23.562119],[-46.735506,-23.562012],[-46.735838,-23.561981]]]}},{"type":"Feature","properties":{"id":"way/322203741","name":"Acelerador Linear","inst":"way/158789266","kind":"yes","h":10.8,"mh":0,"acc":"u","src":"osm"},"geometry":{"type":"Polygon","coordinates":[[[-46.736323,-23.561622],[-46.736297,-23.561625],[-46.736317,-23.561788],[-46.736144,-23.561806],[-46.736104,-23.56147],[-46.736274,-23.561453],[-46.736281,-23.561508],[-46.736299,-23.561506],[-46.736293,-23.561452],[-46.736302,-23.561451],[-46.736323,-23.561622]]]}},{"type":"Feature","properties":{"id":"way/322203742","inst":"way/158789266","kind":"yes","h":3.4,"mh":0,"acc":"u","src":"osm"},"geometry":{"type":"Polygon","coordinates":[[[-46.736233,-23.561942],[-46.736245,-23.562052],[-46.735902,-23.562085],[-46.73589,-23.561976],[-46.736233,-23.561942]]]}},{"type":"Feature","properties":{"id":"way/322203743","name":"Edifício Mário Schemberg","inst":"way/158789266","kind":"yes","h":6,"mh":0,"acc":"u","src":"osm"},"geometry":{"type":"Polygon","coordinates":[[[-46.734029,-23.562089],[-46.734045,-23.562232],[-46.733815,-23.562254],[-46.733767,-23.56183],[-46.733999,-23.561807],[-46.734002,-23.561831],[-46.734012,-23.561935],[-46.734019,-23.561996],[-46.734029,-23.562089]]]}},{"type":"Feature","properties":{"id":"way/322203744","name":"Manutenção","inst":"way/158789266","kind":"yes","h":6,"mh":0,"acc":"u","src":"osm"},"geometry":{"type":"Polygon","coordinates":[[[-46.734852,-23.562208],[-46.734839,-23.562077],[-46.735209,-23.562041],[-46.735222,-23.562171],[-46.734852,-23.562208]]]}},{"type":"Feature","properties":{"id":"way/322203745","name":"Microtron","inst":"way/158789266","kind":"yes","h":10.8,"mh":0,"acc":"u","src":"osm"},"geometry":{"type":"Polygon","coordinates":[[[-46.736323,-23.561622],[-46.736302,-23.561451],[-46.73629,-23.561351],[-46.736415,-23.561338],[-46.73645,-23.561638],[-46.736326,-23.561651],[-46.736323,-23.561622]]]}},{"type":"Feature","properties":{"id":"way/322203747","name":"Bloco F","inst":"way/158789266","kind":"yes","h":6,"mh":0,"acc":"u","src":"osm"},"geometry":{"type":"Polygon","coordinates":[[[-46.734395,-23.562134],[-46.734381,-23.562011],[-46.734397,-23.56201],[-46.734372,-23.561794],[-46.734359,-23.561796],[-46.734356,-23.561773],[-46.734481,-23.561761],[-46.734498,-23.56176],[-46.734517,-23.561758],[-46.734519,-23.561775],[-46.734527,-23.561847],[-46.734529,-23.561864],[-46.734547,-23.562022],[-46.734573,-23.56202],[-46.734569,-23.561985],[-46.73458,-23.561984],[-46.734573,-23.561922],[-46.734634,-23.561916],[-46.734648,-23.562038],[-46.734547,-23.562047],[-46.734554,-23.562109],[-46.734415,-23.562122],[-46.734416,-23.562132],[-46.734395,-23.562134]]]}},{"type":"Feature","properties":{"id":"way/322203748","name":"Edifício Alessandro Volta","inst":"way/158789266","kind":"yes","h":6,"mh":0,"acc":"u","src":"osm"},"geometry":{"type":"Polygon","coordinates":[[[-46.734395,-23.562134],[-46.734402,-23.562196],[-46.734264,-23.562209],[-46.734264,-23.562202],[-46.734227,-23.562206],[-46.734228,-23.562215],[-46.734089,-23.562229],[-46.734073,-23.562085],[-46.734064,-23.562086],[-46.734053,-23.561993],[-46.734064,-23.561992],[-46.734057,-23.56193],[-46.734046,-23.561931],[-46.734036,-23.561827],[-46.734034,-23.561807],[-46.734179,-23.561793],[-46.734193,-23.56191],[-46.734208,-23.561909],[-46.734215,-23.561968],[-46.734237,-23.561966],[-46.734217,-23.561786],[-46.734264,-23.561782],[-46.734277,-23.561781],[-46.734303,-23.561778],[-46.734356,-23.561773],[-46.734359,-23.561796],[-46.734344,-23.561797],[-46.734369,-23.562012],[-46.734381,-23.562011],[-46.734395,-23.562134]]]}},{"type":"Feature","properties":{"id":"way/323236265","inst":"way/158789266","kind":"yes","h":9.7,"mh":0,"acc":"u","src":"osm"},"geometry":{"type":"Polygon","coordinates":[[[-46.734527,-23.561847],[-46.734553,-23.561845],[-46.734545,-23.561772],[-46.734519,-23.561775],[-46.734517,-23.561758],[-46.734543,-23.561755],[-46.734632,-23.561747],[-46.734649,-23.561745],[-46.735149,-23.561697],[-46.735154,-23.561743],[-46.735317,-23.561727],[-46.735324,-23.561787],[-46.734529,-23.561864],[-46.734527,-23.561847]]]}},{"type":"Feature","properties":{"id":"way/323236266","name":"Bloco C","inst":"way/158789266","kind":"yes","h":6,"mh":0,"acc":"u","src":"osm"},"geometry":{"type":"Polygon","coordinates":[[[-46.734647,-23.56172],[-46.734629,-23.561722],[-46.734496,-23.561734],[-46.734478,-23.561735],[-46.734301,-23.561751],[-46.734274,-23.561753],[-46.734261,-23.561755],[-46.734114,-23.561769],[-46.734106,-23.561696],[-46.734667,-23.561642],[-46.734675,-23.561717],[-46.734647,-23.56172]]]}},{"type":"Feature","properties":{"id":"way/34291482","name":"Observatório do Campus","inst":"way/152732604","kind":"yes","h":11.7,"mh":0,"acc":"u","src":"osm"},"geometry":{"type":"Polygon","coordinates":[[[-46.735266,-23.559355],[-46.735266,-23.559347],[-46.735328,-23.559344],[-46.735334,-23.559457],[-46.735272,-23.559459],[-46.735266,-23.559355]]]}},{"type":"Feature","properties":{"id":"way/34317212","name":"Laboratório de Alta Tensão","inst":"way/34381700","kind":"university","h":26.7,"mh":0,"acc":"u","src":"osm"},"geometry":{"type":"Polygon","coordinates":[[[-46.733242,-23.558053],[-46.733264,-23.558255],[-46.732897,-23.558289],[-46.732875,-23.558086],[-46.733242,-23.558053]]]}},{"type":"Feature","properties":{"id":"way/34378976","name":"Posto de Informações","kind":"university","h":6.5,"mh":0,"acc":"u","src":"osm"},"geometry":{"type":"Polygon","coordinates":[[[-46.713347,-23.564108],[-46.71344,-23.56413],[-46.713408,-23.564302],[-46.713256,-23.564258],[-46.713347,-23.564108]]]}},{"type":"Feature","properties":{"id":"way/350999360","inst":"relation/20199273","kind":"yes","h":4.7,"mh":0,"acc":"u","src":"osm"},"geometry":{"type":"Polygon","coordinates":[[[-46.734902,-23.554667],[-46.735423,-23.554966],[-46.735302,-23.555147],[-46.73478,-23.554848],[-46.734757,-23.554834],[-46.734878,-23.554653],[-46.734902,-23.554667]]]}},{"type":"Feature","properties":{"id":"way/351164336","inst":"relation/20199273","kind":"yes","h":11.6,"mh":0,"acc":"u","src":"osm"},"geometry":{"type":"Polygon","coordinates":[[[-46.739961,-23.558397],[-46.739965,-23.558398],[-46.739968,-23.5584],[-46.739971,-23.558404],[-46.739997,-23.558492],[-46.739996,-23.558496],[-46.739993,-23.5585],[-46.73999,-23.558503],[-46.739951,-23.558513],[-46.739946,-23.558512],[-46.739941,-23.558509],[-46.739938,-23.558505],[-46.739932,-23.558487],[-46.739899,-23.558495],[-46.739913,-23.55854],[-46.739348,-23.558694],[-46.739334,-23.558648],[-46.739301,-23.558657],[-46.739307,-23.558674],[-46.739309,-23.558679],[-46.739308,-23.558684],[-46.739306,-23.558687],[-46.739267,-23.558699],[-46.739259,-23.558699],[-46.739253,-23.558699],[-46.739249,-23.558695],[-46.739224,-23.558615],[-46.739223,-23.55861],[-46.739224,-23.558606],[-46.739227,-23.558599],[-46.739264,-23.558589],[-46.739272,-23.558588],[-46.739277,-23.558589],[-46.739282,-23.558592],[-46.739284,-23.558597],[-46.739314,-23.558588],[-46.739305,-23.558561],[-46.739873,-23.558406],[-46.739881,-23.558435],[-46.739915,-23.558426],[-46.739915,-23.558422],[-46.739915,-23.558418],[-46.739918,-23.558411],[-46.739921,-23.558407],[-46.739961,-23.558397]]]}},{"type":"Feature","properties":{"id":"way/351164338","name":"59","inst":"relation/20199273","kind":"yes","h":9.5,"mh":0,"acc":"u","src":"osm"},"geometry":{"type":"Polygon","coordinates":[[[-46.741162,-23.558004],[-46.741169,-23.55816],[-46.740783,-23.558173],[-46.740784,-23.5582],[-46.740887,-23.558197],[-46.74089,-23.558285],[-46.740785,-23.558288],[-46.740786,-23.558314],[-46.741176,-23.558301],[-46.741182,-23.558469],[-46.740743,-23.558483],[-46.740738,-23.558359],[-46.740165,-23.558378],[-46.740158,-23.558207],[-46.740727,-23.558188],[-46.740726,-23.558173],[-46.740679,-23.558174],[-46.740678,-23.558136],[-46.740726,-23.558135],[-46.740726,-23.558117],[-46.740614,-23.558121],[-46.74066,-23.558021],[-46.741162,-23.558004]]]}},{"type":"Feature","properties":{"id":"way/351164340","name":"11","inst":"relation/20199273","kind":"yes","h":8.3,"mh":0,"acc":"u","src":"osm"},"geometry":{"type":"Polygon","coordinates":[[[-46.73455,-23.555768],[-46.734602,-23.555793],[-46.734602,-23.555853],[-46.734628,-23.555866],[-46.734681,-23.555842],[-46.734727,-23.555871],[-46.734728,-23.555922],[-46.734784,-23.555955],[-46.734835,-23.55593],[-46.734885,-23.55596],[-46.734883,-23.556011],[-46.734916,-23.556029],[-46.734974,-23.556008],[-46.73501,-23.556032],[-46.735014,-23.556075],[-46.734937,-23.556197],[-46.734892,-23.556214],[-46.734842,-23.556186],[-46.734842,-23.556134],[-46.734809,-23.556117],[-46.734761,-23.556141],[-46.734714,-23.556115],[-46.734714,-23.556059],[-46.734686,-23.556043],[-46.734657,-23.556027],[-46.734604,-23.556052],[-46.734555,-23.556024],[-46.734555,-23.55597],[-46.734522,-23.555954],[-46.734476,-23.555978],[-46.734428,-23.555954],[-46.734432,-23.555896],[-46.734494,-23.555794],[-46.73455,-23.555768]]]}},{"type":"Feature","properties":{"id":"way/351164344","inst":"relation/20199273","kind":"yes","h":4,"mh":0,"acc":"u","src":"osm"},"geometry":{"type":"Polygon","coordinates":[[[-46.735474,-23.556451],[-46.735583,-23.556514],[-46.735453,-23.556705],[-46.735344,-23.556642],[-46.735474,-23.556451]]]}},{"type":"Feature","properties":{"id":"way/351164346","inst":"relation/20199273","kind":"yes","h":12.6,"mh":0,"acc":"u","src":"osm"},"geometry":{"type":"Polygon","coordinates":[[[-46.736458,-23.557732],[-46.737019,-23.558054],[-46.736928,-23.558189],[-46.736366,-23.557867],[-46.736458,-23.557732]]]}},{"type":"Feature","properties":{"id":"way/351164348","inst":"relation/20199273","kind":"yes","h":3.9,"mh":0,"acc":"u","src":"osm"},"geometry":{"type":"Polygon","coordinates":[[[-46.735378,-23.556221],[-46.735536,-23.556309],[-46.735322,-23.556632],[-46.735165,-23.556543],[-46.735378,-23.556221]]]}},{"type":"Feature","properties":{"id":"way/351164352","name":"50","inst":"relation/20199273","kind":"yes","h":6,"mh":0,"acc":"u","src":"osm"},"geometry":{"type":"Polygon","coordinates":[[[-46.738104,-23.558216],[-46.737298,-23.557748],[-46.737441,-23.557542],[-46.737492,-23.557572],[-46.73754,-23.557501],[-46.738295,-23.557939],[-46.738104,-23.558216]]]}},{"type":"Feature","properties":{"id":"way/384908819","name":"Superintendência de Tecnologia da Informação","sn":"STI","inst":"way/158966873","kind":"university","h":6.4,"mh":0,"acc":"u","src":"osm"},"geometry":{"type":"Polygon","coordinates":[[[-46.732374,-23.557358],[-46.732338,-23.557375],[-46.732,-23.557536],[-46.731911,-23.557378],[-46.731946,-23.557361],[-46.732043,-23.557315],[-46.732061,-23.557345],[-46.732302,-23.55723],[-46.732374,-23.557358]]]}},{"type":"Feature","properties":{"id":"way/393423255","name":"Caixa Econômica Federal","kind":"retail","h":6,"mh":0,"acc":"u","src":"osm"},"geometry":{"type":"Polygon","coordinates":[[[-46.727253,-23.559748],[-46.727368,-23.559938],[-46.727249,-23.559998],[-46.727142,-23.559805],[-46.727253,-23.559748]]]}},{"type":"Feature","properties":{"id":"way/393469143","name":"Posto da Guarda Universitária","kind":"yes","h":3.4,"mh":0,"acc":"u","src":"osm"},"geometry":{"type":"Polygon","coordinates":[[[-46.722942,-23.560465],[-46.723004,-23.560578],[-46.722946,-23.560605],[-46.722884,-23.560492],[-46.722942,-23.560465]]]}},{"type":"Feature","properties":{"id":"way/393899760","inst":"way/403735379","kind":"yes","h":6,"mh":0,"acc":"u","src":"osm"},"geometry":{"type":"Polygon","coordinates":[[[-46.732943,-23.560742],[-46.732741,-23.561094],[-46.732716,-23.561074],[-46.732705,-23.561093],[-46.732701,-23.561137],[-46.732645,-23.561139],[-46.732632,-23.561022],[-46.732617,-23.561023],[-46.732575,-23.560762],[-46.732526,-23.560735],[-46.732525,-23.560693],[-46.732631,-23.560674],[-46.732739,-23.560677],[-46.732845,-23.5607],[-46.732943,-23.560742]]]}},{"type":"Feature","properties":{"id":"way/393899761","inst":"way/158789266","kind":"yes","h":6,"mh":0,"acc":"u","src":"osm"},"geometry":{"type":"Polygon","coordinates":[[[-46.732995,-23.561915],[-46.733005,-23.562158],[-46.732801,-23.562165],[-46.732791,-23.561922],[-46.732995,-23.561915]]]}},{"type":"Feature","properties":{"id":"way/393899762","inst":"way/403735379","kind":"university","h":3.1,"mh":0,"acc":"u","src":"osm"},"geometry":{"type":"Polygon","coordinates":[[[-46.732308,-23.561569],[-46.732351,-23.561834],[-46.732067,-23.561873],[-46.732024,-23.561608],[-46.732308,-23.561569]]]}},{"type":"Feature","properties":{"id":"way/393901777","kind":"yes","h":6,"mh":0,"acc":"u","src":"osm"},"geometry":{"type":"Polygon","coordinates":[[[-46.722481,-23.555381],[-46.722451,-23.555332],[-46.722614,-23.555251],[-46.722643,-23.5553],[-46.722481,-23.555381]]]}},{"type":"Feature","properties":{"id":"way/394937313","inst":"way/34381227","kind":"university","h":8.2,"mh":0,"acc":"u","src":"osm"},"geometry":{"type":"Polygon","coordinates":[[[-46.738839,-23.568035],[-46.73894,-23.568211],[-46.738627,-23.568363],[-46.738527,-23.568188],[-46.738839,-23.568035]]]}},{"type":"Feature","properties":{"id":"way/394937314","inst":"way/34381227","kind":"university","h":8.7,"mh":0,"acc":"u","src":"osm"},"geometry":{"type":"Polygon","coordinates":[[[-46.738392,-23.567902],[-46.738426,-23.56796],[-46.738489,-23.567929],[-46.738594,-23.56811],[-46.738458,-23.568177],[-46.738392,-23.568063],[-46.738329,-23.568094],[-46.738256,-23.567969],[-46.738392,-23.567902]]]}},{"type":"Feature","properties":{"id":"way/395511210","inst":"way/158966873","kind":"university","h":6,"mh":0,"acc":"u","src":"osm"},"geometry":{"type":"Polygon","coordinates":[[[-46.7297,-23.555968],[-46.729728,-23.556019],[-46.729659,-23.556051],[-46.729631,-23.556001],[-46.7297,-23.555968]]]}},{"type":"Feature","properties":{"id":"way/395588407","inst":"way/34380707","kind":"storage_tank","h":18,"mh":0,"acc":"u","src":"osm"},"geometry":{"type":"Polygon","coordinates":[[[-46.723505,-23.564359],[-46.723517,-23.564381],[-46.723509,-23.564404],[-46.723486,-23.564416],[-46.72346,-23.564408],[-46.723448,-23.564387],[-46.723456,-23.564363],[-46.72348,-23.564352],[-46.723505,-23.564359]]]}},{"type":"Feature","properties":{"id":"way/395915148","name":"Bradesco","kind":"retail","h":5.7,"mh":0,"acc":"u","src":"osm"},"geometry":{"type":"Polygon","coordinates":[[[-46.726715,-23.560004],[-46.726828,-23.56019],[-46.726692,-23.560258],[-46.726579,-23.560071],[-46.726715,-23.560004]]]}},{"type":"Feature","properties":{"id":"way/396570189","name":"Universidade de São Paulo (Portaria 1)","kind":"guardhouse","h":3.8,"mh":0,"acc":"u","src":"osm"},"geometry":{"type":"Polygon","coordinates":[[[-46.712578,-23.565285],[-46.712573,-23.565288],[-46.712552,-23.565251],[-46.712566,-23.565244],[-46.71255,-23.565217],[-46.712536,-23.565224],[-46.712514,-23.565186],[-46.712519,-23.565184],[-46.712577,-23.565156],[-46.712635,-23.565257],[-46.712578,-23.565285]]]}},{"type":"Feature","properties":{"id":"way/396570433","name":"Portaria 2","kind":"yes","h":3.3,"mh":0,"acc":"u","src":"osm"},"geometry":{"type":"Polygon","coordinates":[[[-46.732103,-23.551034],[-46.732122,-23.551063],[-46.732117,-23.551083],[-46.732065,-23.551106],[-46.732012,-23.55113],[-46.731983,-23.551069],[-46.731995,-23.551044],[-46.732039,-23.551023],[-46.732056,-23.551055],[-46.732103,-23.551034]]]}},{"type":"Feature","properties":{"id":"way/396589468","inst":"way/158966873","kind":"yes","h":4.4,"mh":0,"acc":"u","src":"osm"},"geometry":{"type":"Polygon","coordinates":[[[-46.73143,-23.557182],[-46.731468,-23.557254],[-46.731405,-23.557282],[-46.731367,-23.557209],[-46.73143,-23.557182]]]}},{"type":"Feature","properties":{"id":"way/396591140","inst":"way/158966874","kind":"yes","h":6,"mh":0,"acc":"u","src":"osm"},"geometry":{"type":"Polygon","coordinates":[[[-46.73003,-23.558205],[-46.729955,-23.558242],[-46.729915,-23.558174],[-46.72999,-23.558137],[-46.73003,-23.558205]]]}},{"type":"Feature","properties":{"id":"way/400433552","inst":"way/158788584","kind":"yes","h":3.7,"mh":0,"acc":"u","src":"osm"},"geometry":{"type":"Polygon","coordinates":[[[-46.741191,-23.56485],[-46.741232,-23.564828],[-46.741243,-23.564846],[-46.741317,-23.564806],[-46.741335,-23.564835],[-46.741321,-23.564842],[-46.741348,-23.564885],[-46.741247,-23.564938],[-46.741191,-23.56485]]]}},{"type":"Feature","properties":{"id":"way/400433554","name":"Marellas","inst":"way/158788584","kind":"yes","h":5,"mh":0,"acc":"u","src":"osm"},"geometry":{"type":"Polygon","coordinates":[[[-46.741586,-23.564809],[-46.741631,-23.564881],[-46.741546,-23.564927],[-46.741593,-23.565001],[-46.741431,-23.565088],[-46.741382,-23.56501],[-46.741348,-23.565028],[-46.741319,-23.564982],[-46.741351,-23.564965],[-46.741336,-23.564941],[-46.741586,-23.564809]]]}},{"type":"Feature","properties":{"id":"way/400447462","name":"Portaria 1 do Hospital Universitário","inst":"way/158788584","kind":"yes","h":6,"mh":0,"acc":"u","src":"osm"},"geometry":{"type":"Polygon","coordinates":[[[-46.741061,-23.56408],[-46.741089,-23.564128],[-46.741034,-23.564155],[-46.741005,-23.564108],[-46.741061,-23.56408]]]}},{"type":"Feature","properties":{"id":"way/400449003","kind":"yes","h":6.5,"mh":0,"acc":"u","src":"osm"},"geometry":{"type":"Polygon","coordinates":[[[-46.741023,-23.565821],[-46.741111,-23.565962],[-46.740592,-23.566238],[-46.740504,-23.566096],[-46.741023,-23.565821]]]}},{"type":"Feature","properties":{"id":"way/400449004","kind":"yes","h":5.8,"mh":0,"acc":"u","src":"osm"},"geometry":{"type":"Polygon","coordinates":[[[-46.740897,-23.565718],[-46.740901,-23.565726],[-46.740683,-23.565841],[-46.740629,-23.565755],[-46.740847,-23.565639],[-46.740853,-23.565649],[-46.740897,-23.565718]]]}},{"type":"Feature","properties":{"id":"way/400449005","kind":"yes","h":4.1,"mh":0,"acc":"u","src":"osm"},"geometry":{"type":"Polygon","coordinates":[[[-46.740897,-23.565718],[-46.740853,-23.565649],[-46.741077,-23.56553],[-46.741079,-23.565534],[-46.741221,-23.565459],[-46.741234,-23.56548],[-46.741209,-23.565493],[-46.74122,-23.565511],[-46.741135,-23.565557],[-46.741151,-23.565583],[-46.740897,-23.565718]]]}},{"type":"Feature","properties":{"id":"way/400460826","kind":"yes","h":6,"mh":0,"acc":"u","src":"osm"},"geometry":{"type":"Polygon","coordinates":[[[-46.739845,-23.565994],[-46.739832,-23.565979],[-46.739827,-23.565959],[-46.73983,-23.56594],[-46.739841,-23.565923],[-46.739859,-23.565911],[-46.73988,-23.565906],[-46.739901,-23.565909],[-46.73992,-23.565919],[-46.739932,-23.565935],[-46.739938,-23.565954],[-46.739935,-23.565974],[-46.739923,-23.565991],[-46.739906,-23.566003],[-46.739885,-23.566008],[-46.739864,-23.566005],[-46.739845,-23.565994]]]}},{"type":"Feature","properties":{"id":"way/400460827","kind":"yes","h":6.4,"mh":0,"acc":"u","src":"osm"},"geometry":{"type":"Polygon","coordinates":[[[-46.739759,-23.565964],[-46.739834,-23.566062],[-46.739593,-23.566218],[-46.739518,-23.566119],[-46.739759,-23.565964]]]}},{"type":"Feature","properties":{"id":"way/400460828","kind":"yes","h":10.4,"mh":0,"acc":"u","src":"osm"},"geometry":{"type":"Polygon","coordinates":[[[-46.739205,-23.56573],[-46.739216,-23.565724],[-46.739323,-23.565894],[-46.739274,-23.56592],[-46.739188,-23.565965],[-46.739178,-23.565971],[-46.739072,-23.5658],[-46.739205,-23.56573]]]}},{"type":"Feature","properties":{"id":"way/400469324","inst":"way/34381227","kind":"yes","h":36,"mh":0,"acc":"u","src":"osm"},"geometry":{"type":"Polygon","coordinates":[[[-46.7382,-23.566974],[-46.738195,-23.566968],[-46.738193,-23.566961],[-46.738194,-23.566954],[-46.738198,-23.566948],[-46.738204,-23.566943],[-46.738212,-23.566941],[-46.73822,-23.566942],[-46.738227,-23.566946],[-46.738232,-23.566952],[-46.738234,-23.566959],[-46.738233,-23.566966],[-46.738229,-23.566972],[-46.738222,-23.566977],[-46.738215,-23.566979],[-46.738207,-23.566978],[-46.7382,-23.566974]]]}},{"type":"Feature","properties":{"id":"way/400470878","inst":"way/34381227","kind":"construction","h":3.7,"mh":0,"acc":"u","src":"osm"},"geometry":{"type":"Polygon","coordinates":[[[-46.73928,-23.567665],[-46.739299,-23.567695],[-46.739307,-23.567691],[-46.739348,-23.567763],[-46.739115,-23.567879],[-46.73906,-23.567783],[-46.739066,-23.56778],[-46.739062,-23.567771],[-46.73928,-23.567665]]]}},{"type":"Feature","properties":{"id":"way/400477220","kind":"yes","h":6,"mh":0,"acc":"u","src":"osm"},"geometry":{"type":"Polygon","coordinates":[[[-46.721043,-23.55912],[-46.720984,-23.559149],[-46.720933,-23.559061],[-46.720991,-23.559032],[-46.721043,-23.55912]]]}},{"type":"Feature","properties":{"id":"way/400901276","inst":"way/158967597","kind":"yes","h":3.1,"mh":0,"acc":"u","src":"osm"},"geometry":{"type":"Polygon","coordinates":[[[-46.738879,-23.570946],[-46.738926,-23.570978],[-46.738931,-23.570972],[-46.738982,-23.571007],[-46.738954,-23.57104],[-46.738963,-23.571046],[-46.738944,-23.571069],[-46.738936,-23.571063],[-46.738829,-23.571194],[-46.738731,-23.571126],[-46.738865,-23.570963],[-46.738879,-23.570946]]]}},{"type":"Feature","properties":{"id":"way/400901277","inst":"way/158967597","kind":"yes","h":8.5,"mh":0,"acc":"u","src":"osm"},"geometry":{"type":"Polygon","coordinates":[[[-46.740135,-23.568961],[-46.74027,-23.569053],[-46.740132,-23.569221],[-46.740142,-23.569228],[-46.740104,-23.569275],[-46.740066,-23.56925],[-46.739923,-23.569426],[-46.739817,-23.569354],[-46.739959,-23.569177],[-46.739963,-23.56918],[-46.740002,-23.569132],[-46.739997,-23.569129],[-46.740135,-23.568961]]]}},{"type":"Feature","properties":{"id":"way/400901278","inst":"way/158967597","kind":"yes","h":7.7,"mh":0,"acc":"u","src":"osm"},"geometry":{"type":"Polygon","coordinates":[[[-46.739973,-23.56885],[-46.740079,-23.568922],[-46.739942,-23.569092],[-46.739937,-23.569088],[-46.739899,-23.569135],[-46.739903,-23.569138],[-46.73976,-23.569314],[-46.739654,-23.569241],[-46.739798,-23.569066],[-46.73976,-23.569039],[-46.739797,-23.568992],[-46.739835,-23.569017],[-46.739973,-23.56885]]]}},{"type":"Feature","properties":{"id":"way/400901279","inst":"way/158967597","kind":"yes","h":5.6,"mh":0,"acc":"u","src":"osm"},"geometry":{"type":"Polygon","coordinates":[[[-46.73906,-23.569602],[-46.739183,-23.569687],[-46.73893,-23.569997],[-46.738945,-23.570008],[-46.73897,-23.569977],[-46.739002,-23.569998],[-46.738976,-23.57003],[-46.738989,-23.570039],[-46.73925,-23.569724],[-46.739372,-23.569809],[-46.739056,-23.570194],[-46.738983,-23.570144],[-46.738981,-23.570147],[-46.738748,-23.569985],[-46.73906,-23.569602]]]}},{"type":"Feature","properties":{"id":"way/400901280","inst":"way/158967597","kind":"yes","h":3.3,"mh":0,"acc":"u","src":"osm"},"geometry":{"type":"Polygon","coordinates":[[[-46.738232,-23.570513],[-46.738266,-23.570537],[-46.73828,-23.57052],[-46.73831,-23.570541],[-46.738292,-23.570563],[-46.738372,-23.570618],[-46.738386,-23.570601],[-46.738513,-23.57069],[-46.738456,-23.570759],[-46.738429,-23.57074],[-46.738423,-23.570748],[-46.738323,-23.570678],[-46.738337,-23.570661],[-46.738257,-23.570605],[-46.738238,-23.570628],[-46.73821,-23.570608],[-46.738223,-23.570591],[-46.738188,-23.570566],[-46.738232,-23.570513]]]}},{"type":"Feature","properties":{"id":"way/400901281","inst":"way/158967597","kind":"yes","h":5,"mh":0,"acc":"u","src":"osm"},"geometry":{"type":"Polygon","coordinates":[[[-46.738644,-23.569628],[-46.738757,-23.569711],[-46.738521,-23.570021],[-46.738528,-23.570025],[-46.738496,-23.570065],[-46.738488,-23.570059],[-46.738424,-23.570137],[-46.738465,-23.570161],[-46.738431,-23.57021],[-46.738392,-23.570185],[-46.738395,-23.570179],[-46.73839,-23.570176],[-46.73838,-23.570186],[-46.738332,-23.570151],[-46.738373,-23.570101],[-46.738135,-23.569936],[-46.738231,-23.569822],[-46.738391,-23.569933],[-46.738576,-23.569711],[-46.738546,-23.569689],[-46.738589,-23.569639],[-46.738618,-23.56966],[-46.738644,-23.569628]]]}},{"type":"Feature","properties":{"id":"way/400901283","inst":"way/158967597","kind":"yes","h":4.9,"mh":0,"acc":"u","src":"osm"},"geometry":{"type":"Polygon","coordinates":[[[-46.738628,-23.570139],[-46.738712,-23.570196],[-46.738687,-23.570228],[-46.738725,-23.570254],[-46.738735,-23.570241],[-46.738759,-23.570257],[-46.738747,-23.570271],[-46.738842,-23.570336],[-46.738853,-23.570322],[-46.738876,-23.570337],[-46.738865,-23.570351],[-46.738906,-23.570379],[-46.738916,-23.570366],[-46.738947,-23.570388],[-46.738937,-23.570401],[-46.739,-23.570444],[-46.739011,-23.570431],[-46.739038,-23.570449],[-46.739027,-23.570463],[-46.739054,-23.570481],[-46.739064,-23.570467],[-46.739107,-23.570496],[-46.738921,-23.570729],[-46.738639,-23.570537],[-46.738707,-23.570451],[-46.738523,-23.570327],[-46.738512,-23.570341],[-46.738457,-23.570304],[-46.738592,-23.570144],[-46.738613,-23.570158],[-46.738628,-23.570139]]]}},{"type":"Feature","properties":{"id":"way/400901284","inst":"way/158967597","kind":"yes","h":5.2,"mh":0,"acc":"u","src":"osm"},"geometry":{"type":"Polygon","coordinates":[[[-46.739509,-23.569162],[-46.739602,-23.569224],[-46.739507,-23.569341],[-46.739556,-23.569376],[-46.739651,-23.569259],[-46.739743,-23.569321],[-46.739647,-23.569439],[-46.739719,-23.569489],[-46.739812,-23.569371],[-46.739906,-23.569433],[-46.739809,-23.569551],[-46.73986,-23.569586],[-46.739955,-23.56947],[-46.740047,-23.569532],[-46.73994,-23.569663],[-46.740005,-23.569706],[-46.739788,-23.569974],[-46.739637,-23.56987],[-46.739789,-23.569683],[-46.739773,-23.56967],[-46.739619,-23.569857],[-46.739468,-23.569752],[-46.739619,-23.569565],[-46.739603,-23.569553],[-46.739449,-23.56974],[-46.739298,-23.569636],[-46.73945,-23.569448],[-46.739434,-23.569436],[-46.73928,-23.569624],[-46.739129,-23.569519],[-46.739346,-23.569254],[-46.739405,-23.569292],[-46.739509,-23.569162]]]}},{"type":"Feature","properties":{"id":"way/400901285","inst":"way/158967597","kind":"yes","h":6,"mh":0,"acc":"u","src":"osm"},"geometry":{"type":"Polygon","coordinates":[[[-46.738678,-23.570779],[-46.738569,-23.570909],[-46.738445,-23.570821],[-46.738554,-23.570691],[-46.738678,-23.570779]]]}},{"type":"Feature","properties":{"id":"way/400901286","inst":"way/158967597","kind":"yes","h":6,"mh":0,"acc":"u","src":"osm"},"geometry":{"type":"Polygon","coordinates":[[[-46.738953,-23.569473],[-46.738776,-23.569695],[-46.738654,-23.569614],[-46.738831,-23.569392],[-46.738953,-23.569473]]]}},{"type":"Feature","properties":{"id":"way/400901287","inst":"way/158967597","kind":"yes","h":3,"mh":0,"acc":"u","src":"osm"},"geometry":{"type":"Polygon","coordinates":[[[-46.739025,-23.570694],[-46.739108,-23.570749],[-46.739085,-23.570779],[-46.739001,-23.570724],[-46.739025,-23.570694]]]}},{"type":"Feature","properties":{"id":"way/400901288","inst":"way/158967597","kind":"yes","h":6,"mh":0,"acc":"u","src":"osm"},"geometry":{"type":"Polygon","coordinates":[[[-46.739188,-23.570371],[-46.739045,-23.57027],[-46.739431,-23.569806],[-46.739574,-23.569906],[-46.739188,-23.570371]]]}},{"type":"Feature","properties":{"id":"way/400901289","inst":"way/158967597","kind":"yes","h":6,"mh":0,"acc":"u","src":"osm"},"geometry":{"type":"Polygon","coordinates":[[[-46.740751,-23.569824],[-46.740582,-23.570037],[-46.74051,-23.569988],[-46.740679,-23.569775],[-46.740751,-23.569824]]]}},{"type":"Feature","properties":{"id":"way/400901290","inst":"way/158967597","kind":"yes","h":3.8,"mh":0,"acc":"u","src":"osm"},"geometry":{"type":"Polygon","coordinates":[[[-46.739182,-23.570726],[-46.739234,-23.570761],[-46.739168,-23.570846],[-46.739116,-23.570811],[-46.739182,-23.570726]]]}},{"type":"Feature","properties":{"id":"way/400901291","inst":"way/158967597","kind":"yes","h":3,"mh":0,"acc":"u","src":"osm"},"geometry":{"type":"Polygon","coordinates":[[[-46.739129,-23.570842],[-46.739154,-23.570859],[-46.739135,-23.570882],[-46.739111,-23.570865],[-46.739129,-23.570842]]]}},{"type":"Feature","properties":{"id":"way/400901292","inst":"way/158967597","kind":"yes","h":3.1,"mh":0,"acc":"u","src":"osm"},"geometry":{"type":"Polygon","coordinates":[[[-46.739291,-23.570671],[-46.739311,-23.570685],[-46.739287,-23.570713],[-46.739268,-23.5707],[-46.739291,-23.570671]]]}},{"type":"Feature","properties":{"id":"way/400901293","inst":"way/158967597","kind":"yes","h":3.1,"mh":0,"acc":"u","src":"osm"},"geometry":{"type":"Polygon","coordinates":[[[-46.739212,-23.57057],[-46.739164,-23.570627],[-46.739116,-23.570595],[-46.739161,-23.570537],[-46.739212,-23.57057]]]}},{"type":"Feature","properties":{"id":"way/400901294","name":"Recepção do Hospital Veterinário","inst":"way/158967597","kind":"yes","h":5.3,"mh":0,"acc":"u","src":"osm"},"geometry":{"type":"Polygon","coordinates":[[[-46.740177,-23.569244],[-46.740254,-23.569299],[-46.740131,-23.569447],[-46.740055,-23.569394],[-46.740177,-23.569244]]]}},{"type":"Feature","properties":{"id":"way/400901296","inst":"way/158967597","kind":"yes","h":6,"mh":0,"acc":"u","src":"osm"},"geometry":{"type":"Polygon","coordinates":[[[-46.739721,-23.57121],[-46.739671,-23.571174],[-46.739982,-23.570807],[-46.740033,-23.570843],[-46.739721,-23.57121]]]}},{"type":"Feature","properties":{"id":"way/400901297","inst":"way/158967597","kind":"yes","h":6,"mh":0,"acc":"u","src":"osm"},"geometry":{"type":"Polygon","coordinates":[[[-46.738716,-23.571065],[-46.738587,-23.570976],[-46.738722,-23.570814],[-46.73885,-23.570903],[-46.738716,-23.571065]]]}},{"type":"Feature","properties":{"id":"way/400901298","inst":"way/158967597","kind":"yes","h":3.1,"mh":0,"acc":"u","src":"osm"},"geometry":{"type":"Polygon","coordinates":[[[-46.739228,-23.570582],[-46.739278,-23.570615],[-46.739232,-23.570674],[-46.73918,-23.570639],[-46.739228,-23.570582]]]}},{"type":"Feature","properties":{"id":"way/400901300","inst":"way/158967597","kind":"yes","h":4,"mh":0,"acc":"u","src":"osm"},"geometry":{"type":"Polygon","coordinates":[[[-46.740466,-23.569987],[-46.740519,-23.570025],[-46.740459,-23.570096],[-46.740406,-23.570057],[-46.740466,-23.569987]]]}},{"type":"Feature","properties":{"id":"way/400901302","inst":"way/158967597","kind":"yes","h":3.1,"mh":0,"acc":"u","src":"osm"},"geometry":{"type":"Polygon","coordinates":[[[-46.739956,-23.570706],[-46.739981,-23.570724],[-46.739934,-23.57078],[-46.739893,-23.570751],[-46.739908,-23.570733],[-46.739925,-23.570744],[-46.739956,-23.570706]]]}},{"type":"Feature","properties":{"id":"way/400901303","inst":"way/158967597","kind":"yes","h":3,"mh":0,"acc":"u","src":"osm"},"geometry":{"type":"Polygon","coordinates":[[[-46.739083,-23.57062],[-46.739148,-23.570663],[-46.739145,-23.570666],[-46.739163,-23.570678],[-46.739134,-23.570715],[-46.739116,-23.570703],[-46.739112,-23.570707],[-46.739048,-23.570664],[-46.739083,-23.57062]]]}},{"type":"Feature","properties":{"id":"way/400901304","inst":"way/158967597","kind":"yes","h":9.3,"mh":0,"acc":"u","src":"osm"},"geometry":{"type":"Polygon","coordinates":[[[-46.73937,-23.57049],[-46.739266,-23.570418],[-46.739462,-23.570176],[-46.739425,-23.57015],[-46.739461,-23.570105],[-46.739496,-23.570129],[-46.739638,-23.569954],[-46.739746,-23.570028],[-46.73937,-23.57049]]]}},{"type":"Feature","properties":{"id":"way/401130812","name":"Edifício Felix K. Rawitscher \"Minas Gerais\"","inst":"way/158966876","kind":"university","h":3.1,"mh":0,"acc":"u","src":"osm"},"geometry":{"type":"Polygon","coordinates":[[[-46.729961,-23.566036],[-46.729975,-23.566121],[-46.730075,-23.566731],[-46.729933,-23.566758],[-46.729817,-23.566056],[-46.729961,-23.566036]]]}},{"type":"Feature","properties":{"id":"way/401132029","name":"Centro de Pesquisa sobre o Genoma Humano e Células-Tronco","inst":"way/158966876","kind":"university","h":9.7,"mh":0,"acc":"u","src":"osm"},"geometry":{"type":"Polygon","coordinates":[[[-46.730737,-23.566685],[-46.730769,-23.56686],[-46.730748,-23.566863],[-46.730759,-23.566928],[-46.730771,-23.566993],[-46.730594,-23.567021],[-46.730555,-23.566807],[-46.730587,-23.566803],[-46.730584,-23.566788],[-46.730608,-23.566785],[-46.730602,-23.566752],[-46.730673,-23.566741],[-46.730681,-23.566789],[-46.730713,-23.566784],[-46.730696,-23.566691],[-46.730737,-23.566685]]]}},{"type":"Feature","properties":{"id":"way/401132030","inst":"way/158966876","kind":"university","h":3.8,"mh":0,"acc":"u","src":"osm"},"geometry":{"type":"Polygon","coordinates":[[[-46.73051,-23.566646],[-46.730515,-23.56668],[-46.730452,-23.566689],[-46.730448,-23.566665],[-46.730481,-23.56666],[-46.730479,-23.56665],[-46.73051,-23.566646]]]}},{"type":"Feature","properties":{"id":"way/401132031","inst":"way/158966876","kind":"university","h":3.1,"mh":0,"acc":"u","src":"osm"},"geometry":{"type":"Polygon","coordinates":[[[-46.730491,-23.566693],[-46.730504,-23.566768],[-46.730482,-23.566771],[-46.730485,-23.566785],[-46.730456,-23.566788],[-46.730442,-23.5667],[-46.730491,-23.566693]]]}},{"type":"Feature","properties":{"id":"way/401132707","kind":"yes","h":10,"mh":0,"acc":"u","src":"osm"},"geometry":{"type":"Polygon","coordinates":[[[-46.732141,-23.566517],[-46.732148,-23.566517],[-46.732155,-23.566517],[-46.732163,-23.566518],[-46.73217,-23.566519],[-46.732177,-23.56652],[-46.732184,-23.566522],[-46.732191,-23.566524],[-46.732198,-23.566527],[-46.732204,-23.56653],[-46.732211,-23.566533],[-46.732217,-23.566537],[-46.732223,-23.566541],[-46.732229,-23.566545],[-46.732234,-23.566549],[-46.732239,-23.566554],[-46.732244,-23.566559],[-46.732249,-23.566564],[-46.732253,-23.56657],[-46.732257,-23.566576],[-46.73226,-23.566582],[-46.732263,-23.566588],[-46.732266,-23.566594],[-46.732269,-23.5666],[-46.732271,-23.566607],[-46.732272,-23.566613],[-46.732273,-23.56662],[-46.732274,-23.566627],[-46.732274,-23.566634],[-46.732274,-23.56664],[-46.732274,-23.566647],[-46.732273,-23.566654],[-46.732271,-23.56666],[-46.732269,-23.566667],[-46.732267,-23.566673],[-46.732265,-23.56668],[-46.732262,-23.566686],[-46.732258,-23.566692],[-46.732255,-23.566698],[-46.732251,-23.566703],[-46.732246,-23.566709],[-46.732242,-23.566714],[-46.732236,-23.566719],[-46.732231,-23.566723],[-46.732226,-23.566728],[-46.73222,-23.566732],[-46.732214,-23.566735],[-46.732207,-23.566739],[-46.732201,-23.566742],[-46.732194,-23.566745],[-46.732187,-23.566747],[-46.73218,-23.566749],[-46.732173,-23.566751],[-46.732166,-23.566752],[-46.732159,-23.566753],[-46.732151,-23.566753],[-46.732144,-23.566753],[-46.732137,-23.566753],[-46.732129,-23.566752],[-46.732122,-23.566751],[-46.732115,-23.56675],[-46.732108,-23.566748],[-46.732101,-23.566746],[-46.732094,-23.566743],[-46.732088,-23.56674],[-46.732081,-23.566737],[-46.732075,-23.566733],[-46.732069,-23.566729],[-46.732063,-23.566725],[-46.732058,-23.566721],[-46.732053,-23.566716],[-46.732048,-23.566711],[-46.732043,-23.566706],[-46.732039,-23.5667],[-46.732035,-23.566694],[-46.732032,-23.566688],[-46.732029,-23.566682],[-46.732026,-23.566676],[-46.732023,-23.56667],[-46.732022,-23.566663],[-46.73202,-23.566657],[-46.732019,-23.56665],[-46.732018,-23.566643],[-46.732018,-23.566636],[-46.732018,-23.56663],[-46.732019,-23.566623],[-46.732019,-23.566616],[-46.732021,-23.56661],[-46.732023,-23.566603],[-46.732025,-23.566597],[-46.732027,-23.56659],[-46.73203,-23.566584],[-46.732034,-23.566578],[-46.732037,-23.566572],[-46.732041,-23.566567],[-46.732046,-23.566561],[-46.732051,-23.566556],[-46.732056,-23.566551],[-46.732061,-23.566547],[-46.732067,-23.566542],[-46.732072,-23.566538],[-46.732079,-23.566535],[-46.732085,-23.566531],[-46.732091,-23.566528],[-46.732098,-23.566525],[-46.732105,-23.566523],[-46.732112,-23.566521],[-46.732119,-23.56652],[-46.732126,-23.566518],[-46.732134,-23.566517],[-46.732141,-23.566517]]]}},{"type":"Feature","properties":{"id":"way/401132782","inst":"way/34381459","kind":"yes","h":3.5,"mh":0,"acc":"u","src":"osm"},"geometry":{"type":"Polygon","coordinates":[[[-46.732349,-23.567014],[-46.732367,-23.567045],[-46.732318,-23.567069],[-46.7323,-23.567038],[-46.732349,-23.567014]]]}},{"type":"Feature","properties":{"id":"way/401293199","name":"Bloco A","inst":"way/34317182","kind":"yes","h":10.4,"mh":0,"acc":"u","src":"osm"},"geometry":{"type":"Polygon","coordinates":[[[-46.715751,-23.562478],[-46.71579,-23.562546],[-46.715828,-23.562613],[-46.715783,-23.562635],[-46.715767,-23.562605],[-46.715746,-23.562616],[-46.715755,-23.562631],[-46.715344,-23.562832],[-46.715361,-23.562862],[-46.715318,-23.562883],[-46.71523,-23.562733],[-46.715274,-23.562712],[-46.715268,-23.562701],[-46.715679,-23.562499],[-46.715684,-23.562511],[-46.715751,-23.562478]]]}},{"type":"Feature","properties":{"id":"way/401293200","name":"Bloco B","inst":"way/34317182","kind":"yes","h":9.7,"mh":0,"acc":"u","src":"osm"},"geometry":{"type":"Polygon","coordinates":[[[-46.714515,-23.562741],[-46.716236,-23.561899],[-46.716331,-23.562056],[-46.716303,-23.56207],[-46.715629,-23.562399],[-46.715611,-23.562408],[-46.715592,-23.562417],[-46.71447,-23.562966],[-46.71438,-23.562807],[-46.714387,-23.562803],[-46.714515,-23.562741]]]}},{"type":"Feature","properties":{"id":"way/401294354","name":"Escola de Aplicação da Faculdade de Educação da USP","kind":"school","h":6,"mh":0,"acc":"u","src":"osm"},"geometry":{"type":"Polygon","coordinates":[[[-46.714816,-23.562012],[-46.715129,-23.56186],[-46.715281,-23.562136],[-46.714975,-23.562285],[-46.714816,-23.562012]]]}},{"type":"Feature","properties":{"id":"way/401314613","inst":"way/158966876","kind":"yes","h":4,"mh":0,"acc":"u","src":"osm"},"geometry":{"type":"Polygon","coordinates":[[[-46.731031,-23.56491],[-46.731121,-23.564911],[-46.731158,-23.564942],[-46.731141,-23.564957],[-46.731138,-23.564954],[-46.731105,-23.564954],[-46.731104,-23.565112],[-46.730975,-23.565111],[-46.730975,-23.564951],[-46.73103,-23.564951],[-46.731031,-23.56491]]]}},{"type":"Feature","properties":{"id":"way/401314615","inst":"way/158966876","kind":"yes","h":3.8,"mh":0,"acc":"u","src":"osm"},"geometry":{"type":"Polygon","coordinates":[[[-46.730886,-23.565129],[-46.73122,-23.56513],[-46.731219,-23.565194],[-46.730885,-23.565193],[-46.730886,-23.565129]]]}},{"type":"Feature","properties":{"id":"way/401314617","inst":"way/158966876","kind":"greenhouse","h":3.1,"mh":0,"acc":"u","src":"osm"},"geometry":{"type":"Polygon","coordinates":[[[-46.730916,-23.565236],[-46.730984,-23.565236],[-46.730984,-23.565344],[-46.730915,-23.565344],[-46.730916,-23.565236]]]}},{"type":"Feature","properties":{"id":"way/401314618","inst":"way/158966876","kind":"yes","h":3.3,"mh":0,"acc":"u","src":"osm"},"geometry":{"type":"Polygon","coordinates":[[[-46.731435,-23.565261],[-46.731478,-23.565261],[-46.731478,-23.565308],[-46.731435,-23.565307],[-46.731435,-23.565261]]]}},{"type":"Feature","properties":{"id":"way/401314619","name":"Centro Acadêmico Bio-USP","inst":"way/158966876","kind":"yes","h":5.8,"mh":0,"acc":"u","src":"osm"},"geometry":{"type":"Polygon","coordinates":[[[-46.73076,-23.564439],[-46.731036,-23.564649],[-46.730941,-23.564754],[-46.730665,-23.564548],[-46.73076,-23.564439]]]}},{"type":"Feature","properties":{"id":"way/401314620","inst":"way/158966876","kind":"yes","h":4.3,"mh":0,"acc":"u","src":"osm"},"geometry":{"type":"Polygon","coordinates":[[[-46.731348,-23.565165],[-46.731411,-23.565165],[-46.731411,-23.565331],[-46.731347,-23.565331],[-46.731348,-23.565165]]]}},{"type":"Feature","properties":{"id":"way/401314621","inst":"way/158966876","kind":"yes","h":5,"mh":0,"acc":"u","src":"osm"},"geometry":{"type":"Polygon","coordinates":[[[-46.73047,-23.565103],[-46.730487,-23.56519],[-46.730438,-23.5652],[-46.730425,-23.565112],[-46.73047,-23.565103]]]}},{"type":"Feature","properties":{"id":"way/401314622","inst":"way/158966876","kind":"greenhouse","h":4.2,"mh":0,"acc":"u","src":"osm"},"geometry":{"type":"Polygon","coordinates":[[[-46.730801,-23.565263],[-46.73083,-23.565427],[-46.730766,-23.565437],[-46.730737,-23.565273],[-46.730801,-23.565263]]]}},{"type":"Feature","properties":{"id":"way/401314623","inst":"way/158966876","kind":"yes","h":3.1,"mh":0,"acc":"u","src":"osm"},"geometry":{"type":"Polygon","coordinates":[[[-46.731203,-23.565381],[-46.731362,-23.565381],[-46.731362,-23.565448],[-46.731203,-23.565448],[-46.731203,-23.565381]]]}},{"type":"Feature","properties":{"id":"way/401314624","inst":"way/158966876","kind":"greenhouse","h":3.1,"mh":0,"acc":"u","src":"osm"},"geometry":{"type":"Polygon","coordinates":[[[-46.731023,-23.565238],[-46.731088,-23.565238],[-46.731088,-23.565343],[-46.731023,-23.565343],[-46.731023,-23.565238]]]}},{"type":"Feature","properties":{"id":"way/401314625","inst":"way/158966876","kind":"greenhouse","h":3.5,"mh":0,"acc":"u","src":"osm"},"geometry":{"type":"Polygon","coordinates":[[[-46.731122,-23.56524],[-46.731196,-23.56524],[-46.731196,-23.565345],[-46.731189,-23.565345],[-46.731189,-23.56537],[-46.731131,-23.56537],[-46.731131,-23.565343],[-46.731122,-23.565343],[-46.731122,-23.56524]]]}},{"type":"Feature","properties":{"id":"way/401314626","name":"Laboratório de Abelhas","inst":"way/158966876","kind":"yes","h":6,"mh":0,"acc":"u","src":"osm"},"geometry":{"type":"Polygon","coordinates":[[[-46.731054,-23.56471],[-46.731156,-23.564787],[-46.731216,-23.564834],[-46.731149,-23.564911],[-46.731089,-23.564865],[-46.731117,-23.564834],[-46.731109,-23.564828],[-46.731102,-23.564836],[-46.731008,-23.564763],[-46.731054,-23.56471]]]}},{"type":"Feature","properties":{"id":"way/401314762","name":"Auditório Geral da Zoologia","inst":"way/158966876","kind":"university","h":5.9,"mh":0,"acc":"u","src":"osm"},"geometry":{"type":"Polygon","coordinates":[[[-46.72982,-23.564694],[-46.729832,-23.564677],[-46.729802,-23.564659],[-46.729922,-23.564483],[-46.729872,-23.564454],[-46.729962,-23.564322],[-46.730041,-23.564368],[-46.730079,-23.564302],[-46.730064,-23.564294],[-46.730147,-23.564172],[-46.730165,-23.564182],[-46.730173,-23.56417],[-46.730212,-23.564193],[-46.730077,-23.564395],[-46.730133,-23.564428],[-46.730131,-23.564437],[-46.730129,-23.564444],[-46.730126,-23.56445],[-46.730124,-23.564457],[-46.730121,-23.564463],[-46.730118,-23.564469],[-46.730115,-23.564475],[-46.730112,-23.564481],[-46.730108,-23.564487],[-46.730104,-23.564493],[-46.7301,-23.564498],[-46.730096,-23.564504],[-46.730092,-23.564509],[-46.730087,-23.564515],[-46.730082,-23.56452],[-46.730077,-23.564525],[-46.730072,-23.564529],[-46.730067,-23.564534],[-46.730061,-23.564538],[-46.730056,-23.564543],[-46.73005,-23.564547],[-46.730015,-23.564526],[-46.730008,-23.564535],[-46.729988,-23.564524],[-46.729856,-23.564715],[-46.72982,-23.564694]]]}},{"type":"Feature","properties":{"id":"way/401315063","inst":"way/158966876","kind":"university","h":4.3,"mh":0,"acc":"u","src":"osm"},"geometry":{"type":"Polygon","coordinates":[[[-46.730593,-23.566425],[-46.730687,-23.566411],[-46.730697,-23.566471],[-46.730604,-23.566485],[-46.730593,-23.566425]]]}},{"type":"Feature","properties":{"id":"way/401315064","inst":"way/158966876","kind":"university","h":4,"mh":0,"acc":"u","src":"osm"},"geometry":{"type":"Polygon","coordinates":[[[-46.730415,-23.565387],[-46.730507,-23.565374],[-46.730515,-23.565433],[-46.730424,-23.565446],[-46.730415,-23.565387]]]}},{"type":"Feature","properties":{"id":"way/401315065","name":"Auditório geral da botânica","inst":"way/158966876","kind":"university","h":6.1,"mh":0,"acc":"u","src":"osm"},"geometry":{"type":"Polygon","coordinates":[[[-46.730545,-23.566224],[-46.730665,-23.5662],[-46.730663,-23.566186],[-46.730661,-23.566166],[-46.730659,-23.566146],[-46.730658,-23.566125],[-46.730657,-23.566105],[-46.730657,-23.566085],[-46.730658,-23.566065],[-46.730659,-23.566044],[-46.730661,-23.566024],[-46.730664,-23.566001],[-46.730596,-23.565998],[-46.730509,-23.566011],[-46.730503,-23.565978],[-46.730584,-23.565967],[-46.730562,-23.565841],[-46.730621,-23.565811],[-46.730621,-23.565804],[-46.730619,-23.565797],[-46.730618,-23.565791],[-46.730616,-23.565784],[-46.730613,-23.565778],[-46.73061,-23.565772],[-46.730606,-23.565766],[-46.730602,-23.565759],[-46.730595,-23.565739],[-46.730589,-23.56572],[-46.730583,-23.5657],[-46.730579,-23.56568],[-46.730575,-23.56566],[-46.730571,-23.56564],[-46.730569,-23.565625],[-46.730445,-23.565643],[-46.73044,-23.565612],[-46.730598,-23.565589],[-46.730604,-23.565589],[-46.730605,-23.565596],[-46.730608,-23.565615],[-46.730611,-23.565635],[-46.730615,-23.565655],[-46.73062,-23.565675],[-46.730625,-23.565694],[-46.730631,-23.565713],[-46.730638,-23.565733],[-46.730645,-23.565751],[-46.730653,-23.56577],[-46.730656,-23.565776],[-46.730661,-23.565786],[-46.730667,-23.565798],[-46.730672,-23.565809],[-46.730677,-23.565821],[-46.730681,-23.565833],[-46.730686,-23.565846],[-46.730689,-23.565858],[-46.730693,-23.565871],[-46.730696,-23.565885],[-46.730698,-23.565898],[-46.730701,-23.565911],[-46.730702,-23.565924],[-46.730704,-23.565937],[-46.730705,-23.56595],[-46.730705,-23.565963],[-46.730705,-23.565975],[-46.730702,-23.565995],[-46.730701,-23.566015],[-46.730699,-23.566034],[-46.730699,-23.566054],[-46.730699,-23.566074],[-46.730699,-23.566094],[-46.7307,-23.566114],[-46.730702,-23.566134],[-46.730704,-23.566154],[-46.730706,-23.566174],[-46.730709,-23.566194],[-46.730713,-23.566214],[-46.730717,-23.566233],[-46.730711,-23.566235],[-46.730553,-23.566266],[-46.730545,-23.566224]]]}},{"type":"Feature","properties":{"id":"way/401318229","inst":"way/34381459","kind":"yes","h":6,"mh":0,"acc":"u","src":"osm"},"geometry":{"type":"Polygon","coordinates":[[[-46.734488,-23.567454],[-46.73448,-23.567444],[-46.734477,-23.567431],[-46.73448,-23.567419],[-46.734487,-23.567408],[-46.734498,-23.567401],[-46.734512,-23.567398],[-46.734525,-23.5674],[-46.734537,-23.567407],[-46.734545,-23.567418],[-46.734548,-23.56743],[-46.734546,-23.567442],[-46.734538,-23.567453],[-46.734527,-23.56746],[-46.734513,-23.567463],[-46.7345,-23.567461],[-46.734488,-23.567454]]]}},{"type":"Feature","properties":{"id":"way/401318230","inst":"way/34381459","kind":"yes","h":6,"mh":0,"acc":"u","src":"osm"},"geometry":{"type":"Polygon","coordinates":[[[-46.734717,-23.56748],[-46.734658,-23.567517],[-46.73463,-23.567479],[-46.734689,-23.567442],[-46.734717,-23.56748]]]}},{"type":"Feature","properties":{"id":"way/401318231","inst":"way/34381459","kind":"yes","h":6,"mh":0,"acc":"u","src":"osm"},"geometry":{"type":"Polygon","coordinates":[[[-46.734889,-23.567376],[-46.734809,-23.567425],[-46.734776,-23.56738],[-46.734856,-23.567331],[-46.734889,-23.567376]]]}},{"type":"Feature","properties":{"id":"way/401318232","inst":"way/34381459","kind":"yes","h":6,"mh":0,"acc":"u","src":"osm"},"geometry":{"type":"Polygon","coordinates":[[[-46.73483,-23.567342],[-46.734777,-23.567375],[-46.734721,-23.567298],[-46.734773,-23.567265],[-46.73483,-23.567342]]]}},{"type":"Feature","properties":{"id":"way/401318233","inst":"way/34381459","kind":"yes","h":6,"mh":0,"acc":"u","src":"osm"},"geometry":{"type":"Polygon","coordinates":[[[-46.734974,-23.567392],[-46.734847,-23.567469],[-46.734815,-23.567426],[-46.734942,-23.567348],[-46.734974,-23.567392]]]}},{"type":"Feature","properties":{"id":"way/401521894","inst":"relation/20199273","kind":"yes","h":4.9,"mh":0,"acc":"u","src":"osm"},"geometry":{"type":"Polygon","coordinates":[[[-46.741221,-23.558497],[-46.741481,-23.558525],[-46.741478,-23.558549],[-46.741504,-23.558552],[-46.741496,-23.558615],[-46.741475,-23.558613],[-46.741467,-23.558674],[-46.741301,-23.558656],[-46.741309,-23.55859],[-46.741211,-23.55858],[-46.741221,-23.558497]]]}},{"type":"Feature","properties":{"id":"way/401521895","kind":"yes","h":4.6,"mh":0,"acc":"u","src":"osm"},"geometry":{"type":"Polygon","coordinates":[[[-46.742795,-23.55925],[-46.742901,-23.559253],[-46.742899,-23.559322],[-46.743061,-23.559327],[-46.743053,-23.559982],[-46.742916,-23.559978],[-46.742919,-23.559912],[-46.742894,-23.559911],[-46.742893,-23.559936],[-46.742853,-23.559934],[-46.742854,-23.55991],[-46.742882,-23.559911],[-46.742885,-23.559838],[-46.742795,-23.559836],[-46.74279,-23.559719],[-46.742795,-23.55925]]]}},{"type":"Feature","properties":{"id":"way/401521896","kind":"yes","h":5.6,"mh":0,"acc":"u","src":"osm"},"geometry":{"type":"Polygon","coordinates":[[[-46.741671,-23.558765],[-46.742271,-23.558774],[-46.742273,-23.559018],[-46.74225,-23.559018],[-46.742249,-23.559086],[-46.742207,-23.559085],[-46.742207,-23.559075],[-46.742144,-23.559074],[-46.742143,-23.559118],[-46.742085,-23.559117],[-46.742086,-23.559074],[-46.741964,-23.559072],[-46.741964,-23.559038],[-46.741921,-23.559038],[-46.741922,-23.55895],[-46.741965,-23.55895],[-46.741965,-23.558924],[-46.741669,-23.558919],[-46.741671,-23.558765]]]}},{"type":"Feature","properties":{"id":"way/401521897","inst":"way/79195487","kind":"yes","h":6.8,"mh":0,"acc":"u","src":"osm"},"geometry":{"type":"Polygon","coordinates":[[[-46.73979,-23.559191],[-46.740393,-23.559197],[-46.740391,-23.559344],[-46.740474,-23.559345],[-46.74047,-23.559621],[-46.740452,-23.55962],[-46.740451,-23.559689],[-46.740308,-23.559687],[-46.740309,-23.559617],[-46.740147,-23.559616],[-46.739788,-23.559612],[-46.739788,-23.559603],[-46.739719,-23.559602],[-46.739721,-23.559472],[-46.739786,-23.559473],[-46.739786,-23.559464],[-46.740383,-23.55947],[-46.740384,-23.559426],[-46.740349,-23.559426],[-46.740349,-23.559389],[-46.740386,-23.55939],[-46.740386,-23.559349],[-46.739788,-23.559343],[-46.73979,-23.559191]]]}},{"type":"Feature","properties":{"id":"way/401521898","inst":"relation/20199273","kind":"yes","h":13.8,"mh":0,"acc":"u","src":"osm"},"geometry":{"type":"Polygon","coordinates":[[[-46.741583,-23.558129],[-46.741834,-23.558239],[-46.741809,-23.558287],[-46.741878,-23.558317],[-46.741832,-23.558407],[-46.741514,-23.558268],[-46.741485,-23.558325],[-46.741549,-23.558353],[-46.741526,-23.558397],[-46.741727,-23.558485],[-46.741706,-23.558525],[-46.741695,-23.55852],[-46.741667,-23.558575],[-46.741315,-23.55842],[-46.741343,-23.558365],[-46.741332,-23.55836],[-46.741337,-23.558352],[-46.741295,-23.558333],[-46.741332,-23.558261],[-46.741375,-23.55828],[-46.741377,-23.558276],[-46.741449,-23.558308],[-46.741476,-23.558257],[-46.741435,-23.55824],[-46.741484,-23.558145],[-46.741558,-23.558178],[-46.741583,-23.558129]]]}},{"type":"Feature","properties":{"id":"way/401521899","inst":"way/79195487","kind":"yes","h":3.8,"mh":0,"acc":"u","src":"osm"},"geometry":{"type":"Polygon","coordinates":[[[-46.742092,-23.559203],[-46.742091,-23.55936],[-46.741962,-23.559359],[-46.741528,-23.559356],[-46.741158,-23.559354],[-46.741157,-23.559452],[-46.741114,-23.559452],[-46.741115,-23.559362],[-46.740846,-23.559361],[-46.740845,-23.559441],[-46.740828,-23.559441],[-46.740828,-23.559484],[-46.740627,-23.559483],[-46.740628,-23.559435],[-46.740791,-23.559437],[-46.740792,-23.559357],[-46.740527,-23.559356],[-46.740528,-23.559203],[-46.741122,-23.559206],[-46.741122,-23.559202],[-46.741265,-23.559203],[-46.741265,-23.559208],[-46.742013,-23.559213],[-46.742013,-23.559203],[-46.742031,-23.559203],[-46.74203,-23.559213],[-46.742049,-23.559213],[-46.742049,-23.559203],[-46.742092,-23.559203]]]}},{"type":"Feature","properties":{"id":"way/401521900","kind":"yes","h":5.4,"mh":0,"acc":"u","src":"osm"},"geometry":{"type":"Polygon","coordinates":[[[-46.742568,-23.559243],[-46.742641,-23.559245],[-46.742636,-23.559394],[-46.742685,-23.559396],[-46.742683,-23.55946],[-46.742728,-23.559462],[-46.74272,-23.559667],[-46.742742,-23.559668],[-46.742745,-23.559596],[-46.742733,-23.559596],[-46.742734,-23.559556],[-46.742766,-23.559557],[-46.742764,-23.55961],[-46.742786,-23.55961],[-46.742789,-23.559673],[-46.742749,-23.559672],[-46.742748,-23.559695],[-46.742765,-23.559696],[-46.742761,-23.559798],[-46.742766,-23.559798],[-46.742765,-23.559807],[-46.742782,-23.559808],[-46.742781,-23.559838],[-46.742711,-23.559835],[-46.742681,-23.559814],[-46.742681,-23.559798],[-46.742673,-23.559797],[-46.742674,-23.559758],[-46.742714,-23.559759],[-46.742714,-23.55974],[-46.742561,-23.559735],[-46.742571,-23.559458],[-46.742566,-23.559458],[-46.742568,-23.559243]]]}},{"type":"Feature","properties":{"id":"way/401521901","kind":"yes","h":6.8,"mh":0,"acc":"u","src":"osm"},"geometry":{"type":"Polygon","coordinates":[[[-46.739057,-23.559385],[-46.739146,-23.559387],[-46.739143,-23.559523],[-46.739056,-23.559522],[-46.739057,-23.559385]]]}},{"type":"Feature","properties":{"id":"way/401521902","inst":"relation/20199273","kind":"yes","h":3.3,"mh":0,"acc":"u","src":"osm"},"geometry":{"type":"Polygon","coordinates":[[[-46.740913,-23.558495],[-46.740917,-23.558563],[-46.740786,-23.558569],[-46.740783,-23.558501],[-46.740913,-23.558495]]]}},{"type":"Feature","properties":{"id":"way/401521903","kind":"yes","h":4.2,"mh":0,"acc":"u","src":"osm"},"geometry":{"type":"Polygon","coordinates":[[[-46.739918,-23.558671],[-46.740048,-23.558675],[-46.740045,-23.558769],[-46.739915,-23.558765],[-46.739918,-23.558671]]]}},{"type":"Feature","properties":{"id":"way/401521904","inst":"way/79195487","kind":"yes","h":4.8,"mh":0,"acc":"u","src":"osm"},"geometry":{"type":"Polygon","coordinates":[[[-46.740759,-23.558793],[-46.740861,-23.558794],[-46.740858,-23.55908],[-46.740756,-23.559079],[-46.740759,-23.558793]]]}},{"type":"Feature","properties":{"id":"way/401521905","inst":"relation/20199273","kind":"yes","h":5,"mh":0,"acc":"u","src":"osm"},"geometry":{"type":"Polygon","coordinates":[[[-46.741189,-23.558501],[-46.741193,-23.558582],[-46.740963,-23.558566],[-46.740959,-23.558509],[-46.741189,-23.558501]]]}},{"type":"Feature","properties":{"id":"way/401521906","kind":"yes","h":4.1,"mh":0,"acc":"u","src":"osm"},"geometry":{"type":"Polygon","coordinates":[[[-46.742745,-23.55941],[-46.742788,-23.55941],[-46.742787,-23.559525],[-46.742744,-23.559524],[-46.742745,-23.55941]]]}},{"type":"Feature","properties":{"id":"way/401521907","kind":"yes","h":5.7,"mh":0,"acc":"u","src":"osm"},"geometry":{"type":"Polygon","coordinates":[[[-46.743847,-23.559307],[-46.743978,-23.559326],[-46.743812,-23.560273],[-46.743681,-23.560253],[-46.743847,-23.559307]]]}},{"type":"Feature","properties":{"id":"way/401521908","kind":"yes","h":3.2,"mh":0,"acc":"u","src":"osm"},"geometry":{"type":"Polygon","coordinates":[[[-46.743255,-23.559058],[-46.743473,-23.559075],[-46.743466,-23.559138],[-46.74325,-23.559119],[-46.743255,-23.559058]]]}},{"type":"Feature","properties":{"id":"way/401521909","inst":"way/79195487","kind":"yes","h":4.4,"mh":0,"acc":"u","src":"osm"},"geometry":{"type":"Polygon","coordinates":[[[-46.740035,-23.558954],[-46.740069,-23.558955],[-46.740066,-23.559029],[-46.740032,-23.559028],[-46.740035,-23.558954]]]}},{"type":"Feature","properties":{"id":"way/401521911","inst":"relation/20199273","kind":"yes","h":4,"mh":0,"acc":"u","src":"osm"},"geometry":{"type":"Polygon","coordinates":[[[-46.741623,-23.558355],[-46.741726,-23.5584],[-46.741699,-23.558453],[-46.741596,-23.558408],[-46.741623,-23.558355]]]}},{"type":"Feature","properties":{"id":"way/401521913","kind":"yes","h":4.1,"mh":0,"acc":"u","src":"osm"},"geometry":{"type":"Polygon","coordinates":[[[-46.740449,-23.55872],[-46.740678,-23.558722],[-46.740677,-23.558778],[-46.740449,-23.558776],[-46.740449,-23.55872]]]}},{"type":"Feature","properties":{"id":"way/401521914","kind":"university","h":3.8,"mh":0,"acc":"u","src":"osm"},"geometry":{"type":"Polygon","coordinates":[[[-46.741916,-23.559595],[-46.741586,-23.5596],[-46.741585,-23.559508],[-46.741914,-23.559504],[-46.741916,-23.559595]]]}},{"type":"Feature","properties":{"id":"way/401521915","kind":"yes","h":3,"mh":0,"acc":"u","src":"osm"},"geometry":{"type":"Polygon","coordinates":[[[-46.743996,-23.559064],[-46.744024,-23.559068],[-46.743983,-23.559297],[-46.743955,-23.559293],[-46.743996,-23.559064]]]}},{"type":"Feature","properties":{"id":"way/401521916","kind":"roof","h":3.1,"mh":2.5,"acc":"u","src":"osm"},"geometry":{"type":"Polygon","coordinates":[[[-46.742119,-23.559649],[-46.74223,-23.55965],[-46.74223,-23.559683],[-46.742119,-23.559682],[-46.742119,-23.559649]]]}},{"type":"Feature","properties":{"id":"way/401521917","inst":"relation/20199273","kind":"yes","h":6.7,"mh":0,"acc":"u","src":"osm"},"geometry":{"type":"Polygon","coordinates":[[[-46.740607,-23.558433],[-46.740613,-23.558556],[-46.740347,-23.558566],[-46.740342,-23.558443],[-46.740607,-23.558433]]]}},{"type":"Feature","properties":{"id":"way/401521918","kind":"yes","h":6,"mh":0,"acc":"u","src":"osm"},"geometry":{"type":"Polygon","coordinates":[[[-46.74351,-23.559014],[-46.743261,-23.558991],[-46.74327,-23.558909],[-46.743519,-23.558932],[-46.74351,-23.559014]]]}},{"type":"Feature","properties":{"id":"way/401521920","kind":"yes","h":7.7,"mh":0,"acc":"u","src":"osm"},"geometry":{"type":"Polygon","coordinates":[[[-46.742401,-23.558843],[-46.742586,-23.558846],[-46.742583,-23.559013],[-46.742568,-23.559012],[-46.742566,-23.559121],[-46.742396,-23.559119],[-46.742401,-23.558843]]]}},{"type":"Feature","properties":{"id":"way/401521921","name":"Atelier de Escultura","kind":"university","h":5.5,"mh":0,"acc":"u","src":"osm"},"geometry":{"type":"Polygon","coordinates":[[[-46.742367,-23.559257],[-46.74254,-23.55926],[-46.742536,-23.559426],[-46.742397,-23.559423],[-46.742398,-23.559376],[-46.742366,-23.559376],[-46.742367,-23.559257]]]}},{"type":"Feature","properties":{"id":"way/401521922","inst":"way/79195487","kind":"yes","h":4.7,"mh":0,"acc":"u","src":"osm"},"geometry":{"type":"Polygon","coordinates":[[[-46.739327,-23.559472],[-46.739436,-23.559472],[-46.739435,-23.559593],[-46.7394,-23.559593],[-46.739401,-23.559513],[-46.739327,-23.559512],[-46.739327,-23.559472]]]}},{"type":"Feature","properties":{"id":"way/401521923","inst":"way/79195487","kind":"yes","h":5,"mh":0,"acc":"u","src":"osm"},"geometry":{"type":"Polygon","coordinates":[[[-46.740139,-23.558777],[-46.740329,-23.558779],[-46.740328,-23.558794],[-46.740734,-23.558798],[-46.740731,-23.559078],[-46.740136,-23.559073],[-46.740139,-23.558777]]]}},{"type":"Feature","properties":{"id":"way/401521924","kind":"yes","h":3.5,"mh":0,"acc":"u","src":"osm"},"geometry":{"type":"Polygon","coordinates":[[[-46.743514,-23.559086],[-46.743568,-23.559092],[-46.743569,-23.559087],[-46.743595,-23.55909],[-46.743589,-23.559139],[-46.74356,-23.559136],[-46.743561,-23.559131],[-46.743509,-23.559125],[-46.743514,-23.559086]]]}},{"type":"Feature","properties":{"id":"way/401521925","inst":"way/79195487","kind":"yes","h":4.5,"mh":0,"acc":"u","src":"osm"},"geometry":{"type":"Polygon","coordinates":[[[-46.740872,-23.558798],[-46.741469,-23.558801],[-46.741467,-23.559084],[-46.740993,-23.559081],[-46.740993,-23.559097],[-46.740934,-23.559097],[-46.740934,-23.559081],[-46.74087,-23.559081],[-46.740872,-23.558798]]]}},{"type":"Feature","properties":{"id":"way/401521926","inst":"relation/20199273","kind":"yes","h":4.4,"mh":0,"acc":"u","src":"osm"},"geometry":{"type":"Polygon","coordinates":[[[-46.74072,-23.558394],[-46.740729,-23.55855],[-46.740722,-23.55855],[-46.740723,-23.558573],[-46.740683,-23.558575],[-46.740682,-23.558552],[-46.740669,-23.558553],[-46.740661,-23.558397],[-46.74072,-23.558394]]]}},{"type":"Feature","properties":{"id":"way/401521928","kind":"yes","h":3.1,"mh":0,"acc":"u","src":"osm"},"geometry":{"type":"Polygon","coordinates":[[[-46.740522,-23.559542],[-46.740925,-23.559546],[-46.741121,-23.559547],[-46.741121,-23.559596],[-46.741151,-23.559596],[-46.741151,-23.559646],[-46.740919,-23.559644],[-46.74092,-23.559599],[-46.740522,-23.559596],[-46.740522,-23.559542]]]}},{"type":"Feature","properties":{"id":"way/401523178","inst":"relation/20199273","kind":"yes","h":14.5,"mh":0,"acc":"u","src":"osm"},"geometry":{"type":"Polygon","coordinates":[[[-46.741324,-23.557324],[-46.741596,-23.557444],[-46.741613,-23.557413],[-46.741779,-23.557487],[-46.741712,-23.557615],[-46.741274,-23.557422],[-46.741324,-23.557324]]]}},{"type":"Feature","properties":{"id":"way/401523179","inst":"relation/20199273","kind":"yes","h":2.9,"mh":0,"acc":"u","src":"osm"},"geometry":{"type":"Polygon","coordinates":[[[-46.741914,-23.557588],[-46.742109,-23.557671],[-46.742066,-23.557759],[-46.741833,-23.55766],[-46.741865,-23.557596],[-46.741903,-23.557612],[-46.741914,-23.557588]]]}},{"type":"Feature","properties":{"id":"way/401523182","name":"62","inst":"relation/20199273","kind":"yes","h":14.4,"mh":0,"acc":"u","src":"osm"},"geometry":{"type":"Polygon","coordinates":[[[-46.741162,-23.557423],[-46.741173,-23.55765],[-46.740616,-23.557672],[-46.74061,-23.557539],[-46.740584,-23.55754],[-46.740581,-23.557479],[-46.740608,-23.557478],[-46.740605,-23.557402],[-46.740572,-23.557403],[-46.74057,-23.557359],[-46.740961,-23.557344],[-46.740963,-23.557389],[-46.740647,-23.557401],[-46.740649,-23.557443],[-46.741162,-23.557423]]]}},{"type":"Feature","properties":{"id":"way/401524093","inst":"relation/20199273","kind":"yes","h":9.2,"mh":0,"acc":"u","src":"osm"},"geometry":{"type":"Polygon","coordinates":[[[-46.739403,-23.557548],[-46.73956,-23.557638],[-46.739538,-23.557669],[-46.739613,-23.557712],[-46.739695,-23.55759],[-46.739866,-23.557688],[-46.739729,-23.557892],[-46.739692,-23.55787],[-46.739657,-23.557922],[-46.739292,-23.557714],[-46.739325,-23.557665],[-46.739179,-23.557582],[-46.739245,-23.557484],[-46.739391,-23.557566],[-46.739403,-23.557548]]]}},{"type":"Feature","properties":{"id":"way/401524094","inst":"relation/20199273","kind":"yes","h":16.1,"mh":0,"acc":"u","src":"osm"},"geometry":{"type":"Polygon","coordinates":[[[-46.738385,-23.557158],[-46.73837,-23.557178],[-46.73844,-23.557218],[-46.73839,-23.557296],[-46.738384,-23.557293],[-46.738287,-23.55744],[-46.738204,-23.557393],[-46.738222,-23.557366],[-46.738144,-23.557322],[-46.738273,-23.557125],[-46.738336,-23.55716],[-46.738351,-23.557139],[-46.738385,-23.557158]]]}},{"type":"Feature","properties":{"id":"way/401524095","inst":"relation/20199273","kind":"yes","h":3,"mh":0,"acc":"u","src":"osm"},"geometry":{"type":"Polygon","coordinates":[[[-46.73821,-23.55667],[-46.738517,-23.556843],[-46.738509,-23.556856],[-46.738533,-23.55687],[-46.738524,-23.556882],[-46.738579,-23.556913],[-46.73854,-23.556972],[-46.738461,-23.556928],[-46.738452,-23.556941],[-46.738355,-23.556886],[-46.738317,-23.556943],[-46.738205,-23.55688],[-46.738245,-23.55682],[-46.738147,-23.556764],[-46.73821,-23.55667]]]}},{"type":"Feature","properties":{"id":"way/401524096","inst":"relation/20199273","kind":"yes","h":3.6,"mh":0,"acc":"u","src":"osm"},"geometry":{"type":"Polygon","coordinates":[[[-46.738579,-23.556804],[-46.738601,-23.556815],[-46.738571,-23.556868],[-46.738548,-23.556857],[-46.738579,-23.556804]]]}},{"type":"Feature","properties":{"id":"way/401524097","inst":"relation/20199273","kind":"yes","h":12.9,"mh":0,"acc":"u","src":"osm"},"geometry":{"type":"Polygon","coordinates":[[[-46.738351,-23.557139],[-46.738336,-23.55716],[-46.738273,-23.557125],[-46.738144,-23.557322],[-46.738222,-23.557366],[-46.738204,-23.557393],[-46.738115,-23.557342],[-46.738279,-23.557098],[-46.738351,-23.557139]]]}},{"type":"Feature","properties":{"id":"way/401524098","inst":"relation/20199273","kind":"yes","h":12.7,"mh":0,"acc":"u","src":"osm"},"geometry":{"type":"Polygon","coordinates":[[[-46.738287,-23.55744],[-46.738384,-23.557293],[-46.73839,-23.557296],[-46.73844,-23.557218],[-46.73837,-23.557178],[-46.738385,-23.557158],[-46.738464,-23.557203],[-46.7383,-23.557448],[-46.738287,-23.55744]]]}},{"type":"Feature","properties":{"id":"way/401524149","inst":"relation/20199273","kind":"yes","h":6,"mh":0,"acc":"u","src":"osm"},"geometry":{"type":"Polygon","coordinates":[[[-46.739715,-23.557393],[-46.739577,-23.557593],[-46.738619,-23.557034],[-46.738758,-23.556835],[-46.739715,-23.557393]]]}},{"type":"Feature","properties":{"id":"way/401524271","inst":"relation/20199273","kind":"yes","h":6,"mh":0,"acc":"u","src":"osm"},"geometry":{"type":"Polygon","coordinates":[[[-46.738845,-23.557206],[-46.738817,-23.557245],[-46.738746,-23.557202],[-46.738774,-23.557163],[-46.738845,-23.557206]]]}},{"type":"Feature","properties":{"id":"way/401524488","inst":"relation/20199273","kind":"yes","h":6,"mh":0,"acc":"u","src":"osm"},"geometry":{"type":"Polygon","coordinates":[[[-46.737979,-23.556582],[-46.737869,-23.556516],[-46.7379,-23.556473],[-46.73801,-23.556539],[-46.737979,-23.556582]]]}},{"type":"Feature","properties":{"id":"way/401704840","inst":"way/34317182","kind":"roof","h":3,"mh":2.4,"acc":"u","src":"osm"},"geometry":{"type":"Polygon","coordinates":[[[-46.715592,-23.562417],[-46.715611,-23.562408],[-46.715629,-23.562399],[-46.715655,-23.562449],[-46.715787,-23.562386],[-46.715799,-23.56241],[-46.716346,-23.562146],[-46.716303,-23.56207],[-46.716331,-23.562056],[-46.716334,-23.562055],[-46.71634,-23.562052],[-46.716405,-23.562154],[-46.716381,-23.562166],[-46.715818,-23.562445],[-46.715905,-23.562594],[-46.715877,-23.562608],[-46.715865,-23.562614],[-46.715766,-23.562445],[-46.715675,-23.562485],[-46.715677,-23.562489],[-46.715636,-23.562507],[-46.715592,-23.562417]]]}},{"type":"Feature","properties":{"id":"way/401707815","inst":"way/34379613","kind":"yes","h":6,"mh":0,"acc":"u","src":"osm"},"geometry":{"type":"Polygon","coordinates":[[[-46.713453,-23.561206],[-46.713436,-23.561595],[-46.713429,-23.561595],[-46.713427,-23.561622],[-46.713346,-23.561619],[-46.713347,-23.561592],[-46.713304,-23.56159],[-46.713316,-23.561327],[-46.713396,-23.56133],[-46.713401,-23.561204],[-46.713453,-23.561206]]]}},{"type":"Feature","properties":{"id":"way/401707819","inst":"way/34379613","kind":"yes","h":5.6,"mh":0,"acc":"u","src":"osm"},"geometry":{"type":"Polygon","coordinates":[[[-46.71349,-23.561824],[-46.713313,-23.561817],[-46.713321,-23.561648],[-46.713497,-23.561655],[-46.71349,-23.561824]]]}},{"type":"Feature","properties":{"id":"way/401707821","inst":"way/34379613","kind":"yes","h":3.2,"mh":0,"acc":"u","src":"osm"},"geometry":{"type":"Polygon","coordinates":[[[-46.713248,-23.561911],[-46.713282,-23.561913],[-46.71328,-23.561943],[-46.713246,-23.561942],[-46.713248,-23.561911]]]}},{"type":"Feature","properties":{"id":"way/401707823","inst":"way/34379613","kind":"yes","h":5.6,"mh":0,"acc":"u","src":"osm"},"geometry":{"type":"Polygon","coordinates":[[[-46.713448,-23.562029],[-46.71332,-23.562024],[-46.713328,-23.561837],[-46.713456,-23.561842],[-46.713448,-23.562029]]]}},{"type":"Feature","properties":{"id":"way/401806279","kind":"yes","h":3.1,"mh":0,"acc":"u","src":"osm"},"geometry":{"type":"Polygon","coordinates":[[[-46.72198,-23.558963],[-46.722023,-23.559037],[-46.721955,-23.55907],[-46.721913,-23.558996],[-46.72198,-23.558963]]]}},{"type":"Feature","properties":{"id":"way/401806624","kind":"yes","h":4.8,"mh":0,"acc":"u","src":"osm"},"geometry":{"type":"Polygon","coordinates":[[[-46.721769,-23.559884],[-46.721806,-23.559949],[-46.721762,-23.559971],[-46.721724,-23.559906],[-46.721769,-23.559884]]]}},{"type":"Feature","properties":{"id":"way/401806625","kind":"yes","h":7.1,"mh":0,"acc":"u","src":"osm"},"geometry":{"type":"Polygon","coordinates":[[[-46.721881,-23.560075],[-46.721913,-23.560133],[-46.721946,-23.560191],[-46.721877,-23.560225],[-46.721811,-23.560108],[-46.721881,-23.560075]]]}},{"type":"Feature","properties":{"id":"way/401806627","kind":"yes","h":5,"mh":0,"acc":"u","src":"osm"},"geometry":{"type":"Polygon","coordinates":[[[-46.721813,-23.559967],[-46.72184,-23.560016],[-46.721858,-23.56002],[-46.721853,-23.560041],[-46.721807,-23.560063],[-46.721766,-23.55999],[-46.721813,-23.559967]]]}},{"type":"Feature","properties":{"id":"way/401809985","inst":"relation/20199273","kind":"yes","h":3,"mh":0,"acc":"u","src":"osm"},"geometry":{"type":"Polygon","coordinates":[[[-46.737242,-23.558089],[-46.737314,-23.558132],[-46.737293,-23.558162],[-46.737221,-23.558118],[-46.737242,-23.558089]]]}},{"type":"Feature","properties":{"id":"way/401809986","inst":"relation/20199273","kind":"yes","h":4.3,"mh":0,"acc":"u","src":"osm"},"geometry":{"type":"Polygon","coordinates":[[[-46.737219,-23.5582],[-46.737281,-23.558235],[-46.737236,-23.558303],[-46.737279,-23.558327],[-46.737254,-23.558365],[-46.737157,-23.558311],[-46.737177,-23.558281],[-46.737169,-23.558276],[-46.737219,-23.5582]]]}},{"type":"Feature","properties":{"id":"way/401810792","name":"31","inst":"relation/20199273","kind":"yes","h":12.7,"mh":0,"acc":"u","src":"osm"},"geometry":{"type":"Polygon","coordinates":[[[-46.735842,-23.556619],[-46.73594,-23.556675],[-46.736072,-23.55675],[-46.735981,-23.556887],[-46.735852,-23.556813],[-46.735795,-23.556898],[-46.735789,-23.556895],[-46.735755,-23.556947],[-46.735888,-23.557023],[-46.735796,-23.55716],[-46.73563,-23.557066],[-46.735611,-23.557095],[-46.735651,-23.557118],[-46.735596,-23.557202],[-46.735551,-23.557176],[-46.735534,-23.557201],[-46.735705,-23.557298],[-46.735615,-23.557434],[-46.735247,-23.557225],[-46.735338,-23.557088],[-46.735511,-23.557186],[-46.735526,-23.557163],[-46.735489,-23.557141],[-46.735544,-23.557059],[-46.73558,-23.55708],[-46.735602,-23.557047],[-46.735429,-23.556949],[-46.735521,-23.556812],[-46.735694,-23.55691],[-46.73571,-23.556886],[-46.735674,-23.556866],[-46.735728,-23.556784],[-46.735765,-23.556805],[-46.735785,-23.556775],[-46.735613,-23.556677],[-46.735704,-23.556541],[-46.735842,-23.556619]]]}},{"type":"Feature","properties":{"id":"way/401810795","inst":"relation/20199273","kind":"yes","h":7.5,"mh":0,"acc":"u","src":"osm"},"geometry":{"type":"Polygon","coordinates":[[[-46.736087,-23.557483],[-46.736226,-23.557561],[-46.736089,-23.557769],[-46.73595,-23.557691],[-46.736087,-23.557483]]]}},{"type":"Feature","properties":{"id":"way/401810797","inst":"relation/20199273","kind":"roof","h":4.5,"mh":3.9,"acc":"u","src":"osm"},"geometry":{"type":"Polygon","coordinates":[[[-46.734694,-23.556803],[-46.734725,-23.556757],[-46.734823,-23.556812],[-46.734792,-23.556859],[-46.734694,-23.556803]]]}},{"type":"Feature","properties":{"id":"way/401810798","name":"Portaria IPT","inst":"relation/20199273","kind":"yes","h":3.1,"mh":0,"acc":"u","src":"osm"},"geometry":{"type":"Polygon","coordinates":[[[-46.734698,-23.556793],[-46.734661,-23.556801],[-46.734605,-23.556771],[-46.7346,-23.556735],[-46.734689,-23.556725],[-46.734698,-23.556793]]]}},{"type":"Feature","properties":{"id":"way/401810800","inst":"relation/20199273","kind":"yes","h":4.6,"mh":0,"acc":"u","src":"osm"},"geometry":{"type":"Polygon","coordinates":[[[-46.735095,-23.556689],[-46.735203,-23.556752],[-46.735238,-23.556701],[-46.735391,-23.55679],[-46.735268,-23.55697],[-46.735006,-23.556818],[-46.735095,-23.556689]]]}},{"type":"Feature","properties":{"id":"way/401810801","inst":"relation/20199273","kind":"yes","h":7.5,"mh":0,"acc":"u","src":"osm"},"geometry":{"type":"Polygon","coordinates":[[[-46.735887,-23.557244],[-46.736011,-23.557315],[-46.736017,-23.557306],[-46.736135,-23.557374],[-46.735954,-23.557643],[-46.735691,-23.557492],[-46.735865,-23.557232],[-46.735887,-23.557244]]]}},{"type":"Feature","properties":{"id":"way/401810802","inst":"relation/20199273","kind":"yes","h":3.1,"mh":0,"acc":"u","src":"osm"},"geometry":{"type":"Polygon","coordinates":[[[-46.735531,-23.556359],[-46.735622,-23.55641],[-46.735582,-23.556471],[-46.73555,-23.556452],[-46.735533,-23.556477],[-46.735461,-23.556437],[-46.735492,-23.556389],[-46.735506,-23.556397],[-46.735531,-23.556359]]]}},{"type":"Feature","properties":{"id":"way/401810803","inst":"relation/20199273","kind":"yes","h":5.1,"mh":0,"acc":"u","src":"osm"},"geometry":{"type":"Polygon","coordinates":[[[-46.736413,-23.557526],[-46.73651,-23.55758],[-46.736441,-23.557685],[-46.736432,-23.557679],[-46.736285,-23.557903],[-46.736208,-23.55786],[-46.736355,-23.557636],[-46.736345,-23.557629],[-46.736413,-23.557526]]]}},{"type":"Feature","properties":{"id":"way/401811830","inst":"relation/20199273","kind":"university","h":4.8,"mh":0,"acc":"u","src":"osm"},"geometry":{"type":"Polygon","coordinates":[[[-46.73374,-23.555355],[-46.733904,-23.555642],[-46.733892,-23.555648],[-46.733915,-23.555689],[-46.733936,-23.555724],[-46.733956,-23.555715],[-46.734114,-23.55599],[-46.734196,-23.555951],[-46.734274,-23.556087],[-46.734059,-23.556191],[-46.733803,-23.555743],[-46.733615,-23.555415],[-46.73374,-23.555355]]]}},{"type":"Feature","properties":{"id":"way/401811831","inst":"relation/20199273","kind":"yes","h":9.9,"mh":0,"acc":"u","src":"osm"},"geometry":{"type":"Polygon","coordinates":[[[-46.734547,-23.556364],[-46.734571,-23.556403],[-46.734531,-23.556424],[-46.734507,-23.556386],[-46.734547,-23.556364]]]}},{"type":"Feature","properties":{"id":"way/401811833","inst":"relation/20199273","kind":"yes","h":4.6,"mh":0,"acc":"u","src":"osm"},"geometry":{"type":"Polygon","coordinates":[[[-46.734141,-23.555621],[-46.734181,-23.555693],[-46.734095,-23.555735],[-46.734054,-23.555663],[-46.734141,-23.555621]]]}},{"type":"Feature","properties":{"id":"way/401811835","inst":"relation/20199273","kind":"yes","h":8.9,"mh":0,"acc":"u","src":"osm"},"geometry":{"type":"Polygon","coordinates":[[[-46.734446,-23.556348],[-46.73453,-23.556492],[-46.734281,-23.556616],[-46.734196,-23.556472],[-46.734446,-23.556348]]]}},{"type":"Feature","properties":{"id":"way/401811836","inst":"relation/20199273","kind":"yes","h":3.7,"mh":0,"acc":"u","src":"osm"},"geometry":{"type":"Polygon","coordinates":[[[-46.734368,-23.555592],[-46.734496,-23.555675],[-46.734387,-23.555838],[-46.734366,-23.555828],[-46.734359,-23.555832],[-46.734298,-23.555731],[-46.734323,-23.555691],[-46.734284,-23.555632],[-46.734368,-23.555592]]]}},{"type":"Feature","properties":{"id":"way/401818487","inst":"relation/20199273","kind":"yes","h":6.1,"mh":0,"acc":"u","src":"osm"},"geometry":{"type":"Polygon","coordinates":[[[-46.735809,-23.555579],[-46.736091,-23.555734],[-46.73601,-23.555859],[-46.736006,-23.555856],[-46.735956,-23.555934],[-46.735835,-23.555859],[-46.735875,-23.555802],[-46.735831,-23.555778],[-46.735842,-23.555762],[-46.73573,-23.555701],[-46.735809,-23.555579]]]}},{"type":"Feature","properties":{"id":"way/401818488","inst":"relation/20199273","kind":"yes","h":7.4,"mh":0,"acc":"u","src":"osm"},"geometry":{"type":"Polygon","coordinates":[[[-46.736167,-23.55572],[-46.736338,-23.555807],[-46.736341,-23.555808],[-46.736361,-23.55582],[-46.736344,-23.555846],[-46.736367,-23.55586],[-46.736284,-23.555982],[-46.736224,-23.555948],[-46.73619,-23.555998],[-46.736202,-23.556005],[-46.736183,-23.556033],[-46.73621,-23.556048],[-46.736146,-23.556148],[-46.736117,-23.556131],[-46.73608,-23.556187],[-46.735925,-23.556099],[-46.736024,-23.555953],[-46.736005,-23.555942],[-46.736029,-23.555908],[-46.736046,-23.555919],[-46.736164,-23.555744],[-46.736155,-23.555739],[-46.736167,-23.55572]]]}},{"type":"Feature","properties":{"id":"way/401818489","inst":"relation/20199273","kind":"yes","h":10.6,"mh":0,"acc":"u","src":"osm"},"geometry":{"type":"Polygon","coordinates":[[[-46.735619,-23.555843],[-46.735751,-23.555916],[-46.735665,-23.556046],[-46.735534,-23.555973],[-46.735619,-23.555843]]]}},{"type":"Feature","properties":{"id":"way/401818490","inst":"relation/20199273","kind":"yes","h":7.1,"mh":0,"acc":"u","src":"osm"},"geometry":{"type":"Polygon","coordinates":[[[-46.735823,-23.55591],[-46.735873,-23.555938],[-46.735842,-23.555985],[-46.735792,-23.555957],[-46.735823,-23.55591]]]}},{"type":"Feature","properties":{"id":"way/401818491","inst":"relation/20199273","kind":"yes","h":3.1,"mh":0,"acc":"u","src":"osm"},"geometry":{"type":"Polygon","coordinates":[[[-46.735804,-23.555989],[-46.735872,-23.556028],[-46.735853,-23.556056],[-46.735785,-23.556017],[-46.735804,-23.555989]]]}},{"type":"Feature","properties":{"id":"way/401818492","inst":"relation/20199273","kind":"yes","h":3.1,"mh":0,"acc":"u","src":"osm"},"geometry":{"type":"Polygon","coordinates":[[[-46.735682,-23.555791],[-46.735763,-23.555839],[-46.73573,-23.555887],[-46.735648,-23.555839],[-46.735682,-23.555791]]]}},{"type":"Feature","properties":{"id":"way/401818493","inst":"relation/20199273","kind":"yes","h":3.1,"mh":0,"acc":"u","src":"osm"},"geometry":{"type":"Polygon","coordinates":[[[-46.735907,-23.555922],[-46.735969,-23.555957],[-46.73593,-23.556014],[-46.735869,-23.55598],[-46.735907,-23.555922]]]}},{"type":"Feature","properties":{"id":"way/401818494","inst":"relation/20199273","kind":"yes","h":3.1,"mh":0,"acc":"u","src":"osm"},"geometry":{"type":"Polygon","coordinates":[[[-46.735783,-23.55585],[-46.735813,-23.555868],[-46.735791,-23.555898],[-46.735762,-23.555881],[-46.735783,-23.55585]]]}},{"type":"Feature","properties":{"id":"way/401818495","inst":"relation/20199273","kind":"yes","h":3.1,"mh":0,"acc":"u","src":"osm"},"geometry":{"type":"Polygon","coordinates":[[[-46.736754,-23.556133],[-46.736792,-23.556154],[-46.736715,-23.556272],[-46.736677,-23.556251],[-46.736754,-23.556133]]]}},{"type":"Feature","properties":{"id":"way/401822143","inst":"relation/20199273","kind":"yes","h":3.6,"mh":0,"acc":"u","src":"osm"},"geometry":{"type":"Polygon","coordinates":[[[-46.734777,-23.554985],[-46.734813,-23.555006],[-46.734956,-23.555081],[-46.734867,-23.555224],[-46.734724,-23.555148],[-46.734726,-23.555145],[-46.734688,-23.555124],[-46.734701,-23.555103],[-46.73463,-23.555065],[-46.734654,-23.555026],[-46.734726,-23.555064],[-46.734777,-23.554985]]]}},{"type":"Feature","properties":{"id":"way/401822145","inst":"relation/20199273","kind":"yes","h":3.9,"mh":0,"acc":"u","src":"osm"},"geometry":{"type":"Polygon","coordinates":[[[-46.735534,-23.554998],[-46.735884,-23.555191],[-46.735818,-23.555293],[-46.735467,-23.5551],[-46.735534,-23.554998]]]}},{"type":"Feature","properties":{"id":"way/401822146","inst":"relation/20199273","kind":"yes","h":6.1,"mh":0,"acc":"u","src":"osm"},"geometry":{"type":"Polygon","coordinates":[[[-46.73486,-23.555334],[-46.734721,-23.555537],[-46.734636,-23.555489],[-46.734774,-23.555284],[-46.73486,-23.555334]]]}},{"type":"Feature","properties":{"id":"way/401822147","inst":"relation/20199273","kind":"yes","h":4.4,"mh":0,"acc":"u","src":"osm"},"geometry":{"type":"Polygon","coordinates":[[[-46.735458,-23.555374],[-46.735552,-23.555426],[-46.735456,-23.555575],[-46.735362,-23.555524],[-46.735458,-23.555374]]]}},{"type":"Feature","properties":{"id":"way/401822148","inst":"relation/20199273","kind":"yes","h":3.8,"mh":0,"acc":"u","src":"osm"},"geometry":{"type":"Polygon","coordinates":[[[-46.73497,-23.555079],[-46.735059,-23.555128],[-46.735024,-23.555183],[-46.734935,-23.555133],[-46.73497,-23.555079]]]}},{"type":"Feature","properties":{"id":"way/401822149","inst":"relation/20199273","kind":"yes","h":6.1,"mh":0,"acc":"u","src":"osm"},"geometry":{"type":"Polygon","coordinates":[[[-46.734422,-23.555388],[-46.734582,-23.555153],[-46.734777,-23.555269],[-46.734624,-23.555503],[-46.734422,-23.555388]]]}},{"type":"Feature","properties":{"id":"way/401822150","inst":"relation/20199273","kind":"yes","h":3.1,"mh":0,"acc":"u","src":"osm"},"geometry":{"type":"Polygon","coordinates":[[[-46.735075,-23.555139],[-46.735153,-23.555181],[-46.735125,-23.555227],[-46.735046,-23.555185],[-46.735075,-23.555139]]]}},{"type":"Feature","properties":{"id":"way/401822151","inst":"relation/20199273","kind":"yes","h":3.6,"mh":0,"acc":"u","src":"osm"},"geometry":{"type":"Polygon","coordinates":[[[-46.735407,-23.555347],[-46.735456,-23.555374],[-46.735372,-23.555504],[-46.735282,-23.555455],[-46.735343,-23.55536],[-46.735385,-23.555382],[-46.735407,-23.555347]]]}},{"type":"Feature","properties":{"id":"way/401822152","inst":"relation/20199273","kind":"yes","h":5.2,"mh":0,"acc":"u","src":"osm"},"geometry":{"type":"Polygon","coordinates":[[[-46.73591,-23.555198],[-46.736012,-23.555255],[-46.735985,-23.555296],[-46.735949,-23.555276],[-46.735921,-23.555315],[-46.735858,-23.555277],[-46.735883,-23.555239],[-46.73591,-23.555198]]]}},{"type":"Feature","properties":{"id":"way/401822153","inst":"relation/20199273","kind":"yes","h":12.3,"mh":0,"acc":"u","src":"osm"},"geometry":{"type":"Polygon","coordinates":[[[-46.736037,-23.555296],[-46.736194,-23.555388],[-46.736142,-23.555465],[-46.736109,-23.555445],[-46.736094,-23.555466],[-46.736025,-23.555425],[-46.736039,-23.555405],[-46.735984,-23.555373],[-46.736037,-23.555296]]]}},{"type":"Feature","properties":{"id":"way/401822424","inst":"relation/20199273","kind":"yes","h":9.9,"mh":0,"acc":"u","src":"osm"},"geometry":{"type":"Polygon","coordinates":[[[-46.733479,-23.554154],[-46.733495,-23.55413],[-46.733719,-23.554258],[-46.733705,-23.554279],[-46.733479,-23.554154]]]}},{"type":"Feature","properties":{"id":"way/401822426","inst":"relation/20199273","kind":"yes","h":9.6,"mh":0,"acc":"u","src":"osm"},"geometry":{"type":"Polygon","coordinates":[[[-46.733511,-23.554572],[-46.733285,-23.554443],[-46.733302,-23.554418],[-46.733524,-23.554551],[-46.733511,-23.554572]]]}},{"type":"Feature","properties":{"id":"way/401822427","inst":"relation/20199273","kind":"yes","h":11,"mh":0,"acc":"u","src":"osm"},"geometry":{"type":"Polygon","coordinates":[[[-46.733414,-23.55425],[-46.733585,-23.554316],[-46.733577,-23.554346],[-46.733568,-23.554364],[-46.733555,-23.554384],[-46.733542,-23.554402],[-46.733527,-23.554417],[-46.733506,-23.554434],[-46.733366,-23.554322],[-46.733414,-23.55425]]]}},{"type":"Feature","properties":{"id":"way/401822689","kind":"yes","h":4.2,"mh":0,"acc":"u","src":"osm"},"geometry":{"type":"Polygon","coordinates":[[[-46.733095,-23.553444],[-46.733122,-23.553461],[-46.733129,-23.553465],[-46.733114,-23.553485],[-46.733106,-23.55348],[-46.73308,-23.553463],[-46.733095,-23.553444]]]}},{"type":"Feature","properties":{"id":"way/401822690","kind":"yes","h":10.4,"mh":0,"acc":"u","src":"osm"},"geometry":{"type":"Polygon","coordinates":[[[-46.732818,-23.553237],[-46.732951,-23.553479],[-46.732604,-23.55364],[-46.732471,-23.553398],[-46.732818,-23.553237]]]}},{"type":"Feature","properties":{"id":"way/401822975","kind":"yes","h":3.4,"mh":0,"acc":"u","src":"osm"},"geometry":{"type":"Polygon","coordinates":[[[-46.731848,-23.552411],[-46.731902,-23.552501],[-46.731872,-23.552516],[-46.731818,-23.552426],[-46.731848,-23.552411]]]}},{"type":"Feature","properties":{"id":"way/401822976","kind":"yes","h":3.6,"mh":0,"acc":"u","src":"osm"},"geometry":{"type":"Polygon","coordinates":[[[-46.731754,-23.55165],[-46.731774,-23.551682],[-46.731732,-23.551706],[-46.731711,-23.551673],[-46.731754,-23.55165]]]}},{"type":"Feature","properties":{"id":"way/401822977","kind":"yes","h":3,"mh":0,"acc":"u","src":"osm"},"geometry":{"type":"Polygon","coordinates":[[[-46.731956,-23.551543],[-46.731974,-23.551576],[-46.731873,-23.551624],[-46.731855,-23.551591],[-46.731956,-23.551543]]]}},{"type":"Feature","properties":{"id":"way/401822978","kind":"yes","h":3.1,"mh":0,"acc":"u","src":"osm"},"geometry":{"type":"Polygon","coordinates":[[[-46.732125,-23.551218],[-46.732132,-23.551232],[-46.732099,-23.551246],[-46.732092,-23.551232],[-46.732125,-23.551218]]]}},{"type":"Feature","properties":{"id":"way/401822979","kind":"yes","h":7.7,"mh":0,"acc":"u","src":"osm"},"geometry":{"type":"Polygon","coordinates":[[[-46.731792,-23.551467],[-46.731851,-23.551573],[-46.731593,-23.551695],[-46.731534,-23.55159],[-46.731792,-23.551467]]]}},{"type":"Feature","properties":{"id":"way/401828260","inst":"relation/3375375","kind":"yes","h":3.7,"mh":0,"acc":"u","src":"osm"},"geometry":{"type":"Polygon","coordinates":[[[-46.738364,-23.562307],[-46.738434,-23.562353],[-46.738426,-23.562363],[-46.738474,-23.562394],[-46.738405,-23.562481],[-46.738357,-23.56245],[-46.738334,-23.562479],[-46.738267,-23.562435],[-46.738314,-23.562374],[-46.738312,-23.562373],[-46.738364,-23.562307]]]}},{"type":"Feature","properties":{"id":"way/401828261","inst":"relation/3375375","kind":"yes","h":3.5,"mh":0,"acc":"u","src":"osm"},"geometry":{"type":"Polygon","coordinates":[[[-46.739306,-23.561206],[-46.739307,-23.561218],[-46.739339,-23.561214],[-46.73936,-23.561358],[-46.739318,-23.561364],[-46.739305,-23.561282],[-46.739282,-23.561285],[-46.739273,-23.56122],[-46.739287,-23.561219],[-46.739285,-23.561209],[-46.739306,-23.561206]]]}},{"type":"Feature","properties":{"id":"way/401828262","inst":"relation/3375375","kind":"yes","h":3.7,"mh":0,"acc":"u","src":"osm"},"geometry":{"type":"Polygon","coordinates":[[[-46.739995,-23.561858],[-46.740006,-23.561926],[-46.74003,-23.561923],[-46.740036,-23.561958],[-46.74001,-23.561961],[-46.740018,-23.562014],[-46.739923,-23.562026],[-46.739933,-23.562092],[-46.73986,-23.562101],[-46.739827,-23.56188],[-46.739995,-23.561858]]]}},{"type":"Feature","properties":{"id":"way/401828263","inst":"relation/3375375","kind":"yes","h":6,"mh":0,"acc":"u","src":"osm"},"geometry":{"type":"Polygon","coordinates":[[[-46.740493,-23.560444],[-46.740494,-23.56045],[-46.740508,-23.560448],[-46.740512,-23.560475],[-46.740497,-23.560477],[-46.740503,-23.560518],[-46.740499,-23.560518],[-46.740504,-23.560549],[-46.740436,-23.560557],[-46.740432,-23.560528],[-46.740421,-23.560529],[-46.74041,-23.560455],[-46.740493,-23.560444]]]}},{"type":"Feature","properties":{"id":"way/401828264","inst":"relation/3375375","kind":"yes","h":4.5,"mh":0,"acc":"u","src":"osm"},"geometry":{"type":"Polygon","coordinates":[[[-46.738432,-23.560082],[-46.738623,-23.560099],[-46.738615,-23.56017],[-46.738429,-23.560153],[-46.738426,-23.560185],[-46.738377,-23.560181],[-46.738382,-23.560139],[-46.738424,-23.560143],[-46.738425,-23.560138],[-46.738374,-23.560133],[-46.738378,-23.560098],[-46.73843,-23.560102],[-46.738432,-23.560082]]]}},{"type":"Feature","properties":{"id":"way/401828265","inst":"relation/3375375","kind":"yes","h":9.6,"mh":0,"acc":"u","src":"osm"},"geometry":{"type":"Polygon","coordinates":[[[-46.738539,-23.560806],[-46.738555,-23.560905],[-46.738512,-23.560911],[-46.73852,-23.560962],[-46.738453,-23.56097],[-46.738458,-23.561003],[-46.738479,-23.561],[-46.738483,-23.561025],[-46.738412,-23.561034],[-46.738403,-23.560972],[-46.738448,-23.560966],[-46.738441,-23.560919],[-46.738401,-23.560923],[-46.738387,-23.560826],[-46.738539,-23.560806]]]}},{"type":"Feature","properties":{"id":"way/401828266","inst":"relation/3375375","kind":"yes","h":6.8,"mh":0,"acc":"u","src":"osm"},"geometry":{"type":"Polygon","coordinates":[[[-46.738625,-23.56099],[-46.738727,-23.561061],[-46.738536,-23.561297],[-46.738829,-23.561498],[-46.738793,-23.561541],[-46.738824,-23.561562],[-46.738794,-23.561599],[-46.738764,-23.561578],[-46.73874,-23.561608],[-46.738447,-23.561406],[-46.738282,-23.561609],[-46.738181,-23.561539],[-46.738339,-23.561345],[-46.738253,-23.561286],[-46.738354,-23.56116],[-46.73844,-23.561219],[-46.738625,-23.56099]]]}},{"type":"Feature","properties":{"id":"way/401828267","inst":"relation/3375375","kind":"yes","h":5.5,"mh":0,"acc":"u","src":"osm"},"geometry":{"type":"Polygon","coordinates":[[[-46.73863,-23.561954],[-46.738767,-23.562045],[-46.738679,-23.562157],[-46.738677,-23.562156],[-46.738635,-23.562209],[-46.738616,-23.562196],[-46.738539,-23.562296],[-46.738542,-23.562298],[-46.738483,-23.562374],[-46.738375,-23.562303],[-46.738415,-23.562252],[-46.7384,-23.562243],[-46.73842,-23.562217],[-46.73844,-23.56223],[-46.738504,-23.562148],[-46.738474,-23.562128],[-46.738492,-23.562105],[-46.738503,-23.562113],[-46.738549,-23.562054],[-46.738551,-23.562056],[-46.73863,-23.561954]]]}},{"type":"Feature","properties":{"id":"way/401828268","inst":"relation/3375375","kind":"yes","h":6.2,"mh":0,"acc":"u","src":"osm"},"geometry":{"type":"Polygon","coordinates":[[[-46.73806,-23.5601],[-46.738142,-23.560107],[-46.73814,-23.560123],[-46.738177,-23.560126],[-46.738177,-23.56013],[-46.738238,-23.560136],[-46.738183,-23.560669],[-46.738114,-23.560664],[-46.738071,-23.56066],[-46.73807,-23.560677],[-46.738013,-23.560672],[-46.738014,-23.560656],[-46.737973,-23.560653],[-46.737974,-23.560645],[-46.73791,-23.56064],[-46.737935,-23.560402],[-46.737918,-23.560401],[-46.737924,-23.560347],[-46.737946,-23.560349],[-46.737971,-23.56011],[-46.738036,-23.560116],[-46.738037,-23.560111],[-46.738059,-23.560113],[-46.73806,-23.5601]]]}},{"type":"Feature","properties":{"id":"way/401828269","inst":"relation/3375375","kind":"yes","h":10.2,"mh":0,"acc":"u","src":"osm"},"geometry":{"type":"Polygon","coordinates":[[[-46.73915,-23.56023],[-46.73922,-23.56069],[-46.738715,-23.560757],[-46.738706,-23.56069],[-46.738832,-23.560671],[-46.738825,-23.560632],[-46.73878,-23.560637],[-46.73877,-23.560572],[-46.738787,-23.56057],[-46.73878,-23.560532],[-46.738815,-23.560527],[-46.738786,-23.560342],[-46.738865,-23.560331],[-46.738854,-23.560269],[-46.739005,-23.560247],[-46.739048,-23.560485],[-46.738901,-23.56051],[-46.738903,-23.560529],[-46.738868,-23.560533],[-46.738884,-23.560634],[-46.738906,-23.560631],[-46.738897,-23.560566],[-46.738957,-23.560558],[-46.738954,-23.560546],[-46.739066,-23.56053],[-46.739065,-23.560521],[-46.739091,-23.560518],[-46.739044,-23.560244],[-46.73915,-23.56023]]]}},{"type":"Feature","properties":{"id":"way/401828270","inst":"relation/3375375","kind":"yes","h":5.6,"mh":0,"acc":"u","src":"osm"},"geometry":{"type":"Polygon","coordinates":[[[-46.739296,-23.560982],[-46.739302,-23.561021],[-46.739312,-23.561019],[-46.739323,-23.561088],[-46.739273,-23.561095],[-46.739273,-23.561098],[-46.739452,-23.561074],[-46.739552,-23.561707],[-46.739432,-23.561723],[-46.739397,-23.561503],[-46.739355,-23.561508],[-46.739352,-23.561492],[-46.739269,-23.561503],[-46.739274,-23.561536],[-46.739326,-23.561529],[-46.739364,-23.561771],[-46.739229,-23.56179],[-46.73919,-23.561545],[-46.739247,-23.561537],[-46.739242,-23.56151],[-46.739086,-23.561531],[-46.739082,-23.561503],[-46.739009,-23.561513],[-46.739004,-23.561484],[-46.739059,-23.561477],[-46.739059,-23.561483],[-46.739079,-23.56148],[-46.739075,-23.561456],[-46.739341,-23.56142],[-46.739338,-23.561403],[-46.739378,-23.561397],[-46.739341,-23.561167],[-46.739218,-23.561184],[-46.7392,-23.561072],[-46.739218,-23.56107],[-46.739206,-23.560994],[-46.739296,-23.560982]]]}},{"type":"Feature","properties":{"id":"way/401828271","inst":"relation/3375375","kind":"yes","h":3.1,"mh":0,"acc":"u","src":"osm"},"geometry":{"type":"Polygon","coordinates":[[[-46.738778,-23.560772],[-46.738784,-23.560816],[-46.738724,-23.560823],[-46.738717,-23.560779],[-46.738778,-23.560772]]]}},{"type":"Feature","properties":{"id":"way/401828272","inst":"relation/3375375","kind":"yes","h":6,"mh":0,"acc":"u","src":"osm"},"geometry":{"type":"Polygon","coordinates":[[[-46.740079,-23.562217],[-46.740101,-23.56236],[-46.740008,-23.562372],[-46.739986,-23.56223],[-46.740079,-23.562217]]]}},{"type":"Feature","properties":{"id":"way/401828273","inst":"relation/3375375","kind":"yes","h":6.2,"mh":0,"acc":"u","src":"osm"},"geometry":{"type":"Polygon","coordinates":[[[-46.738705,-23.560789],[-46.738716,-23.560865],[-46.738616,-23.560924],[-46.738599,-23.560801],[-46.738705,-23.560789]]]}},{"type":"Feature","properties":{"id":"way/401828274","inst":"relation/3375375","kind":"yes","h":6.8,"mh":0,"acc":"u","src":"osm"},"geometry":{"type":"Polygon","coordinates":[[[-46.738329,-23.561637],[-46.738429,-23.561705],[-46.738381,-23.561764],[-46.738281,-23.561696],[-46.738329,-23.561637]]]}},{"type":"Feature","properties":{"id":"way/401828275","inst":"relation/3375375","kind":"yes","h":5.4,"mh":0,"acc":"u","src":"osm"},"geometry":{"type":"Polygon","coordinates":[[[-46.738234,-23.562415],[-46.738349,-23.562494],[-46.738302,-23.562552],[-46.738187,-23.562473],[-46.738234,-23.562415]]]}},{"type":"Feature","properties":{"id":"way/401828276","inst":"relation/3375375","kind":"yes","h":4,"mh":0,"acc":"u","src":"osm"},"geometry":{"type":"Polygon","coordinates":[[[-46.73827,-23.560518],[-46.738426,-23.560546],[-46.738393,-23.560702],[-46.738236,-23.560673],[-46.73827,-23.560518]]]}},{"type":"Feature","properties":{"id":"way/401828277","inst":"relation/3375375","kind":"yes","h":6.9,"mh":0,"acc":"u","src":"osm"},"geometry":{"type":"Polygon","coordinates":[[[-46.73877,-23.5606],[-46.738779,-23.560653],[-46.738631,-23.560674],[-46.738622,-23.560621],[-46.73877,-23.5606]]]}},{"type":"Feature","properties":{"id":"way/401828278","inst":"relation/3375375","kind":"yes","h":4.2,"mh":0,"acc":"u","src":"osm"},"geometry":{"type":"Polygon","coordinates":[[[-46.738357,-23.560829],[-46.738371,-23.560927],[-46.73819,-23.56095],[-46.738175,-23.560852],[-46.738357,-23.560829]]]}},{"type":"Feature","properties":{"id":"way/401828279","kind":"roof","h":3.2,"mh":2.6,"acc":"u","src":"osm"},"geometry":{"type":"Polygon","coordinates":[[[-46.73934,-23.559844],[-46.739397,-23.559844],[-46.739397,-23.559876],[-46.73934,-23.559876],[-46.73934,-23.559844]]]}},{"type":"Feature","properties":{"id":"way/401828280","inst":"relation/3375375","kind":"yes","h":3.2,"mh":0,"acc":"u","src":"osm"},"geometry":{"type":"Polygon","coordinates":[[[-46.739099,-23.561298],[-46.739135,-23.561323],[-46.739115,-23.561347],[-46.73908,-23.561322],[-46.739099,-23.561298]]]}},{"type":"Feature","properties":{"id":"way/401828281","kind":"yes","h":3.1,"mh":0,"acc":"u","src":"osm"},"geometry":{"type":"Polygon","coordinates":[[[-46.738724,-23.559865],[-46.73877,-23.559878],[-46.738754,-23.559928],[-46.738707,-23.559913],[-46.738724,-23.559865]]]}},{"type":"Feature","properties":{"id":"way/401828282","kind":"yes","h":3.2,"mh":0,"acc":"u","src":"osm"},"geometry":{"type":"Polygon","coordinates":[[[-46.736976,-23.562269],[-46.73702,-23.562323],[-46.736987,-23.562345],[-46.736943,-23.562291],[-46.736976,-23.562269]]]}},{"type":"Feature","properties":{"id":"way/401828283","inst":"relation/3375375","kind":"yes","h":7.9,"mh":0,"acc":"u","src":"osm"},"geometry":{"type":"Polygon","coordinates":[[[-46.740249,-23.561671],[-46.740256,-23.561719],[-46.740221,-23.561723],[-46.740214,-23.561676],[-46.740249,-23.561671]]]}},{"type":"Feature","properties":{"id":"way/401828284","inst":"relation/3375375","kind":"yes","h":4.2,"mh":0,"acc":"u","src":"osm"},"geometry":{"type":"Polygon","coordinates":[[[-46.738508,-23.560545],[-46.738526,-23.560646],[-46.738475,-23.560654],[-46.738458,-23.560553],[-46.738508,-23.560545]]]}},{"type":"Feature","properties":{"id":"way/401828285","inst":"relation/3375375","kind":"yes","h":6,"mh":0,"acc":"u","src":"osm"},"geometry":{"type":"Polygon","coordinates":[[[-46.740536,-23.562344],[-46.740544,-23.562386],[-46.740426,-23.562404],[-46.740419,-23.562362],[-46.740536,-23.562344]]]}},{"type":"Feature","properties":{"id":"way/401828286","inst":"relation/3375375","kind":"yes","h":3.1,"mh":0,"acc":"u","src":"osm"},"geometry":{"type":"Polygon","coordinates":[[[-46.737832,-23.5613],[-46.737906,-23.561309],[-46.737894,-23.561402],[-46.737819,-23.561394],[-46.737832,-23.5613]]]}},{"type":"Feature","properties":{"id":"way/401828287","kind":"yes","h":4.7,"mh":0,"acc":"u","src":"osm"},"geometry":{"type":"Polygon","coordinates":[[[-46.737747,-23.560975],[-46.737855,-23.560984],[-46.737829,-23.561242],[-46.737721,-23.561233],[-46.737747,-23.560975]]]}},{"type":"Feature","properties":{"id":"way/401828288","inst":"relation/3375375","kind":"yes","h":4,"mh":0,"acc":"u","src":"osm"},"geometry":{"type":"Polygon","coordinates":[[[-46.738062,-23.562585],[-46.738087,-23.562646],[-46.738046,-23.56266],[-46.738021,-23.562599],[-46.738062,-23.562585]]]}},{"type":"Feature","properties":{"id":"way/401828289","inst":"relation/3375375","kind":"yes","h":4.4,"mh":0,"acc":"u","src":"osm"},"geometry":{"type":"Polygon","coordinates":[[[-46.738644,-23.561615],[-46.738721,-23.561666],[-46.73867,-23.561731],[-46.738593,-23.56168],[-46.738644,-23.561615]]]}},{"type":"Feature","properties":{"id":"way/401828290","inst":"relation/3375375","kind":"yes","h":3.1,"mh":0,"acc":"u","src":"osm"},"geometry":{"type":"Polygon","coordinates":[[[-46.738977,-23.561066],[-46.739019,-23.561095],[-46.738992,-23.56113],[-46.738949,-23.561101],[-46.738977,-23.561066]]]}},{"type":"Feature","properties":{"id":"way/401828291","inst":"relation/3375375","kind":"yes","h":5.3,"mh":0,"acc":"u","src":"osm"},"geometry":{"type":"Polygon","coordinates":[[[-46.740287,-23.560422],[-46.740335,-23.560723],[-46.74027,-23.560732],[-46.740222,-23.560431],[-46.740287,-23.560422]]]}},{"type":"Feature","properties":{"id":"way/401828292","kind":"yes","h":3,"mh":0,"acc":"u","src":"osm"},"geometry":{"type":"Polygon","coordinates":[[[-46.738824,-23.559858],[-46.738872,-23.559872],[-46.738851,-23.559935],[-46.738803,-23.559922],[-46.738824,-23.559858]]]}},{"type":"Feature","properties":{"id":"way/401828293","inst":"relation/3375375","kind":"yes","h":5.1,"mh":0,"acc":"u","src":"osm"},"geometry":{"type":"Polygon","coordinates":[[[-46.736876,-23.562871],[-46.736883,-23.562872],[-46.736891,-23.562872],[-46.736898,-23.562874],[-46.736905,-23.562876],[-46.736911,-23.562879],[-46.736917,-23.562883],[-46.736923,-23.562887],[-46.736928,-23.562892],[-46.736933,-23.562897],[-46.736937,-23.562903],[-46.73694,-23.562909],[-46.736942,-23.562915],[-46.736944,-23.562922],[-46.736945,-23.562929],[-46.736945,-23.562935],[-46.736944,-23.562942],[-46.736943,-23.562949],[-46.736941,-23.562955],[-46.736938,-23.562961],[-46.736934,-23.562967],[-46.736929,-23.562972],[-46.736924,-23.562977],[-46.736919,-23.562982],[-46.736913,-23.562985],[-46.736906,-23.562989],[-46.736899,-23.562991],[-46.736892,-23.562993],[-46.736885,-23.562994],[-46.736878,-23.562994],[-46.73687,-23.562994],[-46.736863,-23.562992],[-46.736856,-23.56299],[-46.736849,-23.562988],[-46.736843,-23.562984],[-46.736837,-23.562981],[-46.736832,-23.562976],[-46.736827,-23.562971],[-46.736822,-23.562965],[-46.736819,-23.56296],[-46.736816,-23.562953],[-46.736814,-23.562947],[-46.736813,-23.56294],[-46.736812,-23.562933],[-46.736812,-23.562927],[-46.736814,-23.56292],[-46.736815,-23.562914],[-46.736818,-23.562907],[-46.736822,-23.562901],[-46.736826,-23.562896],[-46.73683,-23.562891],[-46.736836,-23.562886],[-46.736842,-23.562882],[-46.736848,-23.562878],[-46.736855,-23.562876],[-46.736862,-23.562873],[-46.736869,-23.562872],[-46.736876,-23.562871]]]}},{"type":"Feature","properties":{"id":"way/401828294","kind":"retail","h":3.1,"mh":0,"acc":"u","src":"osm"},"geometry":{"type":"Polygon","coordinates":[[[-46.736931,-23.561998],[-46.736959,-23.562222],[-46.7368,-23.562239],[-46.736779,-23.562073],[-46.736811,-23.562069],[-46.736804,-23.562012],[-46.736931,-23.561998]]]}},{"type":"Feature","properties":{"id":"way/401828295","inst":"relation/3375375","kind":"yes","h":9.5,"mh":0,"acc":"u","src":"osm"},"geometry":{"type":"Polygon","coordinates":[[[-46.740285,-23.56237],[-46.740299,-23.562458],[-46.740155,-23.562478],[-46.740164,-23.562532],[-46.740055,-23.562547],[-46.740031,-23.562406],[-46.740285,-23.56237]]]}},{"type":"Feature","properties":{"id":"way/401828296","kind":"yes","h":3,"mh":0,"acc":"u","src":"osm"},"geometry":{"type":"Polygon","coordinates":[[[-46.736764,-23.562021],[-46.736774,-23.562094],[-46.736733,-23.562099],[-46.736726,-23.562052],[-46.736737,-23.562051],[-46.736733,-23.562025],[-46.736764,-23.562021]]]}},{"type":"Feature","properties":{"id":"way/401828297","inst":"relation/3375375","kind":"yes","h":6.8,"mh":0,"acc":"u","src":"osm"},"geometry":{"type":"Polygon","coordinates":[[[-46.740476,-23.560144],[-46.740487,-23.560215],[-46.740464,-23.560218],[-46.740477,-23.560312],[-46.740386,-23.560323],[-46.740363,-23.560158],[-46.740476,-23.560144]]]}},{"type":"Feature","properties":{"id":"way/401828298","inst":"relation/3375375","kind":"yes","h":6.4,"mh":0,"acc":"u","src":"osm"},"geometry":{"type":"Polygon","coordinates":[[[-46.738499,-23.560204],[-46.738609,-23.560216],[-46.738603,-23.560279],[-46.738564,-23.560275],[-46.738558,-23.560321],[-46.738551,-23.56033],[-46.738481,-23.560323],[-46.738499,-23.560204]]]}},{"type":"Feature","properties":{"id":"way/401828299","inst":"relation/3375375","kind":"yes","h":6.5,"mh":0,"acc":"u","src":"osm"},"geometry":{"type":"Polygon","coordinates":[[[-46.738776,-23.560353],[-46.738792,-23.560458],[-46.738758,-23.560462],[-46.738772,-23.560549],[-46.738601,-23.560571],[-46.738578,-23.560419],[-46.738605,-23.560375],[-46.738776,-23.560353]]]}},{"type":"Feature","properties":{"id":"way/401828300","inst":"relation/3375375","kind":"yes","h":5.7,"mh":0,"acc":"u","src":"osm"},"geometry":{"type":"Polygon","coordinates":[[[-46.73858,-23.561721],[-46.738668,-23.561781],[-46.738128,-23.562455],[-46.73812,-23.56245],[-46.738068,-23.562516],[-46.737984,-23.562459],[-46.738043,-23.562386],[-46.738045,-23.562388],[-46.73858,-23.561721]]]}},{"type":"Feature","properties":{"id":"way/401836958","kind":"yes","h":3.1,"mh":0,"acc":"u","src":"osm"},"geometry":{"type":"Polygon","coordinates":[[[-46.739382,-23.564339],[-46.73939,-23.564352],[-46.739393,-23.564351],[-46.739407,-23.564374],[-46.73935,-23.564405],[-46.739347,-23.5644],[-46.739326,-23.564411],[-46.739312,-23.564388],[-46.739332,-23.564376],[-46.739328,-23.564369],[-46.739382,-23.564339]]]}},{"type":"Feature","properties":{"id":"way/401836959","kind":"yes","h":3.4,"mh":0,"acc":"u","src":"osm"},"geometry":{"type":"Polygon","coordinates":[[[-46.73835,-23.564243],[-46.738396,-23.564261],[-46.738394,-23.564269],[-46.738422,-23.56428],[-46.738419,-23.564287],[-46.738446,-23.564298],[-46.738444,-23.564306],[-46.738469,-23.564315],[-46.738449,-23.564369],[-46.73832,-23.56432],[-46.73835,-23.564243]]]}},{"type":"Feature","properties":{"id":"way/401836960","inst":"relation/3375375","kind":"yes","h":8.6,"mh":0,"acc":"u","src":"osm"},"geometry":{"type":"Polygon","coordinates":[[[-46.737012,-23.56422],[-46.737041,-23.564159],[-46.737129,-23.564194],[-46.737101,-23.564253],[-46.737155,-23.564275],[-46.737184,-23.564287],[-46.737134,-23.564392],[-46.737105,-23.56438],[-46.737049,-23.564357],[-46.737023,-23.564414],[-46.736936,-23.564379],[-46.736966,-23.564317],[-46.737012,-23.56422]]]}},{"type":"Feature","properties":{"id":"way/401836961","kind":"yes","h":10.8,"mh":0,"acc":"u","src":"osm"},"geometry":{"type":"Polygon","coordinates":[[[-46.739404,-23.563502],[-46.739277,-23.563388],[-46.739245,-23.563418],[-46.739372,-23.563532],[-46.739313,-23.563588],[-46.739309,-23.563592],[-46.739126,-23.563425],[-46.739366,-23.563204],[-46.739573,-23.563388],[-46.739517,-23.56344],[-46.73951,-23.563447],[-46.739486,-23.563425],[-46.739404,-23.563502]]]}},{"type":"Feature","properties":{"id":"way/401836962","kind":"yes","h":4,"mh":0,"acc":"u","src":"osm"},"geometry":{"type":"Polygon","coordinates":[[[-46.740725,-23.563126],[-46.740707,-23.56311],[-46.740816,-23.563005],[-46.740836,-23.563023],[-46.740855,-23.563004],[-46.740925,-23.563067],[-46.74091,-23.563081],[-46.740912,-23.563083],[-46.740798,-23.563191],[-46.740745,-23.563144],[-46.74082,-23.563073],[-46.7408,-23.563055],[-46.740725,-23.563126]]]}},{"type":"Feature","properties":{"id":"way/401836963","kind":"yes","h":4.8,"mh":0,"acc":"u","src":"osm"},"geometry":{"type":"Polygon","coordinates":[[[-46.739895,-23.56388],[-46.739933,-23.563914],[-46.739927,-23.563919],[-46.739929,-23.563922],[-46.739851,-23.563996],[-46.739844,-23.56399],[-46.739831,-23.564003],[-46.739794,-23.563969],[-46.739829,-23.563935],[-46.739823,-23.56393],[-46.739858,-23.563897],[-46.739864,-23.563903],[-46.739886,-23.563882],[-46.739889,-23.563885],[-46.739895,-23.56388]]]}},{"type":"Feature","properties":{"id":"way/401836964","kind":"yes","h":6.3,"mh":0,"acc":"u","src":"osm"},"geometry":{"type":"Polygon","coordinates":[[[-46.738736,-23.564188],[-46.738727,-23.564181],[-46.738712,-23.564195],[-46.738697,-23.564181],[-46.738617,-23.564254],[-46.73858,-23.56422],[-46.738675,-23.564133],[-46.738661,-23.56412],[-46.738679,-23.564104],[-46.738709,-23.564133],[-46.73873,-23.564114],[-46.738731,-23.564116],[-46.738775,-23.564156],[-46.738738,-23.56419],[-46.738736,-23.564188]]]}},{"type":"Feature","properties":{"id":"way/401836965","kind":"yes","h":6.2,"mh":0,"acc":"u","src":"osm"},"geometry":{"type":"Polygon","coordinates":[[[-46.739983,-23.563665],[-46.739987,-23.563669],[-46.739938,-23.563715],[-46.739898,-23.56368],[-46.739755,-23.563551],[-46.739726,-23.563525],[-46.739718,-23.563532],[-46.739704,-23.563519],[-46.739583,-23.563411],[-46.739535,-23.563456],[-46.739517,-23.56344],[-46.739573,-23.563388],[-46.739366,-23.563204],[-46.739416,-23.563157],[-46.739979,-23.56367],[-46.739983,-23.563665]]]}},{"type":"Feature","properties":{"id":"way/401836966","inst":"relation/3375375","kind":"yes","h":6.7,"mh":0,"acc":"u","src":"osm"},"geometry":{"type":"Polygon","coordinates":[[[-46.73874,-23.563072],[-46.738612,-23.562935],[-46.738651,-23.562904],[-46.738776,-23.56304],[-46.738787,-23.56303],[-46.738662,-23.562898],[-46.738783,-23.5628],[-46.73891,-23.562937],[-46.73892,-23.562928],[-46.738793,-23.562791],[-46.739049,-23.562577],[-46.739184,-23.562725],[-46.738963,-23.562905],[-46.738958,-23.562899],[-46.738945,-23.562911],[-46.738959,-23.562926],[-46.73877,-23.563078],[-46.738755,-23.56306],[-46.73874,-23.563072]]]}},{"type":"Feature","properties":{"id":"way/401836967","kind":"yes","h":5.3,"mh":0,"acc":"u","src":"osm"},"geometry":{"type":"Polygon","coordinates":[[[-46.73951,-23.563447],[-46.739652,-23.563574],[-46.739672,-23.563555],[-46.739651,-23.563536],[-46.739676,-23.563512],[-46.739694,-23.563528],[-46.739704,-23.563519],[-46.739718,-23.563532],[-46.739726,-23.563525],[-46.739755,-23.563551],[-46.739712,-23.563591],[-46.739694,-23.563575],[-46.739719,-23.563551],[-46.739712,-23.563544],[-46.739666,-23.563588],[-46.739828,-23.563734],[-46.739835,-23.563727],[-46.739737,-23.563639],[-46.73978,-23.563599],[-46.739885,-23.563692],[-46.739898,-23.56368],[-46.739938,-23.563715],[-46.739869,-23.56378],[-46.739847,-23.56376],[-46.739803,-23.563802],[-46.739816,-23.563814],[-46.739793,-23.563837],[-46.739802,-23.563845],[-46.739774,-23.563872],[-46.739766,-23.563864],[-46.739744,-23.563885],[-46.73973,-23.563872],[-46.739684,-23.563915],[-46.73968,-23.56391],[-46.739676,-23.563914],[-46.739313,-23.563588],[-46.739372,-23.563532],[-46.739404,-23.563502],[-46.739486,-23.563425],[-46.73951,-23.563447]]]}},{"type":"Feature","properties":{"id":"way/401836968","inst":"relation/3375375","kind":"yes","h":3.1,"mh":0,"acc":"u","src":"osm"},"geometry":{"type":"Polygon","coordinates":[[[-46.736949,-23.564633],[-46.736996,-23.564652],[-46.736974,-23.564698],[-46.736927,-23.564679],[-46.736949,-23.564633]]]}},{"type":"Feature","properties":{"id":"way/401836969","kind":"yes","h":3,"mh":0,"acc":"u","src":"osm"},"geometry":{"type":"Polygon","coordinates":[[[-46.739289,-23.563068],[-46.739316,-23.563107],[-46.739293,-23.56312],[-46.739266,-23.563082],[-46.739289,-23.563068]]]}},{"type":"Feature","properties":{"id":"way/401836970","kind":"yes","h":3.1,"mh":0,"acc":"u","src":"osm"},"geometry":{"type":"Polygon","coordinates":[[[-46.740692,-23.563096],[-46.740675,-23.563082],[-46.740717,-23.563042],[-46.740733,-23.563057],[-46.740692,-23.563096]]]}},{"type":"Feature","properties":{"id":"way/401836971","kind":"yes","h":3,"mh":0,"acc":"u","src":"osm"},"geometry":{"type":"Polygon","coordinates":[[[-46.740527,-23.562965],[-46.740543,-23.562979],[-46.740411,-23.563104],[-46.740395,-23.56309],[-46.740527,-23.562965]]]}},{"type":"Feature","properties":{"id":"way/401836972","kind":"yes","h":3.5,"mh":0,"acc":"u","src":"osm"},"geometry":{"type":"Polygon","coordinates":[[[-46.738197,-23.564835],[-46.738261,-23.56486],[-46.738194,-23.565007],[-46.738131,-23.564983],[-46.738197,-23.564835]]]}},{"type":"Feature","properties":{"id":"way/401836973","kind":"yes","h":3.2,"mh":0,"acc":"u","src":"osm"},"geometry":{"type":"Polygon","coordinates":[[[-46.739704,-23.56404],[-46.739748,-23.564042],[-46.739745,-23.564127],[-46.7397,-23.564124],[-46.739704,-23.56404]]]}},{"type":"Feature","properties":{"id":"way/401836974","kind":"yes","h":3,"mh":0,"acc":"u","src":"osm"},"geometry":{"type":"Polygon","coordinates":[[[-46.740104,-23.563666],[-46.740139,-23.563698],[-46.739933,-23.563892],[-46.739898,-23.56386],[-46.740104,-23.563666]]]}},{"type":"Feature","properties":{"id":"way/401836975","kind":"yes","h":6.6,"mh":0,"acc":"u","src":"osm"},"geometry":{"type":"Polygon","coordinates":[[[-46.739159,-23.564581],[-46.739221,-23.564634],[-46.739156,-23.564699],[-46.739093,-23.564646],[-46.739159,-23.564581]]]}},{"type":"Feature","properties":{"id":"way/401836976","inst":"relation/3375375","kind":"yes","h":4.8,"mh":0,"acc":"u","src":"osm"},"geometry":{"type":"Polygon","coordinates":[[[-46.737588,-23.56525],[-46.737559,-23.565316],[-46.737546,-23.565311],[-46.737576,-23.565245],[-46.737588,-23.56525]]]}},{"type":"Feature","properties":{"id":"way/401836977","inst":"relation/3375375","kind":"yes","h":3.1,"mh":0,"acc":"u","src":"osm"},"geometry":{"type":"Polygon","coordinates":[[[-46.73631,-23.564821],[-46.736339,-23.564835],[-46.736324,-23.564865],[-46.736296,-23.564854],[-46.73631,-23.564821]]]}},{"type":"Feature","properties":{"id":"way/401836978","kind":"yes","h":3.7,"mh":0,"acc":"u","src":"osm"},"geometry":{"type":"Polygon","coordinates":[[[-46.738384,-23.564378],[-46.73849,-23.564415],[-46.738471,-23.564463],[-46.738365,-23.564425],[-46.738384,-23.564378]]]}},{"type":"Feature","properties":{"id":"way/401836979","inst":"relation/3375375","kind":"yes","h":4.7,"mh":0,"acc":"u","src":"osm"},"geometry":{"type":"Polygon","coordinates":[[[-46.737609,-23.563573],[-46.73775,-23.56363],[-46.737666,-23.563805],[-46.737521,-23.563747],[-46.737609,-23.563573]]]}},{"type":"Feature","properties":{"id":"way/401836980","kind":"yes","h":4,"mh":0,"acc":"u","src":"osm"},"geometry":{"type":"Polygon","coordinates":[[[-46.738625,-23.564277],[-46.738729,-23.564373],[-46.738615,-23.564478],[-46.73851,-23.564382],[-46.738625,-23.564277]]]}},{"type":"Feature","properties":{"id":"way/401836981","kind":"yes","h":4,"mh":0,"acc":"u","src":"osm"},"geometry":{"type":"Polygon","coordinates":[[[-46.738487,-23.564155],[-46.738544,-23.564207],[-46.738453,-23.56429],[-46.738397,-23.564238],[-46.738487,-23.564155]]]}},{"type":"Feature","properties":{"id":"way/401836982","inst":"relation/3375375","kind":"yes","h":5.3,"mh":0,"acc":"u","src":"osm"},"geometry":{"type":"Polygon","coordinates":[[[-46.737551,-23.565336],[-46.737486,-23.56548],[-46.737461,-23.565471],[-46.737526,-23.565326],[-46.737551,-23.565336]]]}},{"type":"Feature","properties":{"id":"way/401836983","kind":"yes","h":4,"mh":0,"acc":"u","src":"osm"},"geometry":{"type":"Polygon","coordinates":[[[-46.739984,-23.563119],[-46.740012,-23.563144],[-46.739994,-23.563162],[-46.739966,-23.563137],[-46.739984,-23.563119]]]}},{"type":"Feature","properties":{"id":"way/401836984","kind":"yes","h":3.1,"mh":0,"acc":"u","src":"osm"},"geometry":{"type":"Polygon","coordinates":[[[-46.738248,-23.564651],[-46.738339,-23.564686],[-46.738293,-23.564788],[-46.738208,-23.564755],[-46.738248,-23.564651]]]}},{"type":"Feature","properties":{"id":"way/401836985","kind":"yes","h":3.3,"mh":0,"acc":"u","src":"osm"},"geometry":{"type":"Polygon","coordinates":[[[-46.739071,-23.564683],[-46.739129,-23.564713],[-46.73907,-23.564807],[-46.739012,-23.564776],[-46.739071,-23.564683]]]}},{"type":"Feature","properties":{"id":"way/401836986","kind":"yes","h":3.1,"mh":0,"acc":"u","src":"osm"},"geometry":{"type":"Polygon","coordinates":[[[-46.73799,-23.564717],[-46.737971,-23.564758],[-46.737897,-23.564729],[-46.737915,-23.564688],[-46.73799,-23.564717]]]}},{"type":"Feature","properties":{"id":"way/401836987","kind":"yes","h":4.5,"mh":0,"acc":"u","src":"osm"},"geometry":{"type":"Polygon","coordinates":[[[-46.738258,-23.56443],[-46.73837,-23.564474],[-46.738321,-23.56458],[-46.738209,-23.564536],[-46.738258,-23.56443]]]}},{"type":"Feature","properties":{"id":"way/401836988","kind":"yes","h":3,"mh":0,"acc":"u","src":"osm"},"geometry":{"type":"Polygon","coordinates":[[[-46.738139,-23.564422],[-46.738179,-23.564437],[-46.738149,-23.564504],[-46.738109,-23.564489],[-46.738139,-23.564422]]]}},{"type":"Feature","properties":{"id":"way/401836989","kind":"yes","h":4,"mh":0,"acc":"u","src":"osm"},"geometry":{"type":"Polygon","coordinates":[[[-46.740496,-23.563293],[-46.740532,-23.563325],[-46.740339,-23.563508],[-46.740303,-23.563476],[-46.740496,-23.563293]]]}},{"type":"Feature","properties":{"id":"way/401836990","kind":"yes","h":4,"mh":0,"acc":"u","src":"osm"},"geometry":{"type":"Polygon","coordinates":[[[-46.738843,-23.563987],[-46.738866,-23.564009],[-46.738839,-23.564034],[-46.738815,-23.564012],[-46.738843,-23.563987]]]}},{"type":"Feature","properties":{"id":"way/401836991","kind":"yes","h":7.3,"mh":0,"acc":"u","src":"osm"},"geometry":{"type":"Polygon","coordinates":[[[-46.739404,-23.563502],[-46.739372,-23.563532],[-46.739245,-23.563418],[-46.739277,-23.563388],[-46.739404,-23.563502]]]}},{"type":"Feature","properties":{"id":"way/401836992","kind":"yes","h":3.1,"mh":0,"acc":"u","src":"osm"},"geometry":{"type":"Polygon","coordinates":[[[-46.738151,-23.564014],[-46.738066,-23.563966],[-46.7381,-23.563882],[-46.738196,-23.563971],[-46.738151,-23.564014]]]}},{"type":"Feature","properties":{"id":"way/401836993","inst":"relation/3375375","kind":"yes","h":14.8,"mh":0,"acc":"u","src":"osm"},"geometry":{"type":"Polygon","coordinates":[[[-46.737592,-23.565521],[-46.737486,-23.56548],[-46.737551,-23.565336],[-46.737707,-23.565395],[-46.737641,-23.56554],[-46.737592,-23.565521]]]}},{"type":"Feature","properties":{"id":"way/401836994","kind":"yes","h":4.4,"mh":0,"acc":"u","src":"osm"},"geometry":{"type":"Polygon","coordinates":[[[-46.738213,-23.564022],[-46.738186,-23.564046],[-46.738151,-23.564014],[-46.738196,-23.563971],[-46.738231,-23.564005],[-46.738213,-23.564022]]]}},{"type":"Feature","properties":{"id":"way/401836995","inst":"relation/3375375","kind":"yes","h":7.5,"mh":0,"acc":"u","src":"osm"},"geometry":{"type":"Polygon","coordinates":[[[-46.737588,-23.56525],[-46.73759,-23.565247],[-46.737804,-23.565329],[-46.737773,-23.565398],[-46.737559,-23.565316],[-46.737588,-23.56525]]]}},{"type":"Feature","properties":{"id":"way/401836996","kind":"yes","h":3.5,"mh":0,"acc":"u","src":"osm"},"geometry":{"type":"Polygon","coordinates":[[[-46.740702,-23.563309],[-46.740756,-23.563357],[-46.740709,-23.563401],[-46.740679,-23.563374],[-46.740678,-23.563332],[-46.740702,-23.563309]]]}},{"type":"Feature","properties":{"id":"way/401836997","kind":"yes","h":9.5,"mh":0,"acc":"u","src":"osm"},"geometry":{"type":"Polygon","coordinates":[[[-46.740041,-23.563458],[-46.739917,-23.563345],[-46.739934,-23.563329],[-46.739986,-23.563279],[-46.740111,-23.563392],[-46.740041,-23.563458]]]}},{"type":"Feature","properties":{"id":"way/401836998","kind":"yes","h":3,"mh":0,"acc":"u","src":"osm"},"geometry":{"type":"Polygon","coordinates":[[[-46.740358,-23.563019],[-46.740397,-23.563059],[-46.740384,-23.563072],[-46.740383,-23.56307],[-46.74037,-23.563083],[-46.740333,-23.563043],[-46.740358,-23.563019]]]}},{"type":"Feature","properties":{"id":"way/401836999","inst":"relation/3375375","kind":"yes","h":7,"mh":0,"acc":"u","src":"osm"},"geometry":{"type":"Polygon","coordinates":[[[-46.73874,-23.563072],[-46.738747,-23.56308],[-46.738523,-23.563257],[-46.738387,-23.56311],[-46.738611,-23.562933],[-46.738612,-23.562935],[-46.73874,-23.563072]]]}},{"type":"Feature","properties":{"id":"way/401837000","kind":"yes","h":11.4,"mh":0,"acc":"u","src":"osm"},"geometry":{"type":"Polygon","coordinates":[[[-46.738661,-23.56412],[-46.738589,-23.564187],[-46.73848,-23.564086],[-46.738724,-23.563862],[-46.738833,-23.563963],[-46.738679,-23.564104],[-46.738661,-23.56412]]]}},{"type":"Feature","properties":{"id":"way/401837001","kind":"yes","h":3,"mh":0,"acc":"u","src":"osm"},"geometry":{"type":"Polygon","coordinates":[[[-46.738964,-23.564093],[-46.738984,-23.564111],[-46.738987,-23.564108],[-46.739004,-23.564124],[-46.73894,-23.564183],[-46.73892,-23.564165],[-46.738964,-23.564093]]]}},{"type":"Feature","properties":{"id":"way/401837002","kind":"yes","h":7.7,"mh":0,"acc":"u","src":"osm"},"geometry":{"type":"Polygon","coordinates":[[[-46.738245,-23.563992],[-46.738277,-23.56402],[-46.738263,-23.564031],[-46.738267,-23.564036],[-46.738245,-23.564054],[-46.738213,-23.564022],[-46.738231,-23.564005],[-46.738245,-23.563992]]]}},{"type":"Feature","properties":{"id":"way/401837003","kind":"yes","h":4,"mh":0,"acc":"u","src":"osm"},"geometry":{"type":"Polygon","coordinates":[[[-46.740072,-23.563038],[-46.74013,-23.562983],[-46.740289,-23.563125],[-46.740321,-23.563094],[-46.740361,-23.56313],[-46.740345,-23.563145],[-46.740359,-23.563157],[-46.740285,-23.563228],[-46.740072,-23.563038]]]}},{"type":"Feature","properties":{"id":"way/401837004","inst":"relation/3375375","kind":"yes","h":4.7,"mh":0,"acc":"u","src":"osm"},"geometry":{"type":"Polygon","coordinates":[[[-46.736966,-23.564317],[-46.736936,-23.564379],[-46.737023,-23.564414],[-46.737049,-23.564357],[-46.737105,-23.56438],[-46.737046,-23.564506],[-46.73685,-23.564428],[-46.736913,-23.564295],[-46.736966,-23.564317]]]}},{"type":"Feature","properties":{"id":"way/401837005","kind":"yes","h":11.7,"mh":0,"acc":"u","src":"osm"},"geometry":{"type":"Polygon","coordinates":[[[-46.737921,-23.564868],[-46.737971,-23.564758],[-46.73799,-23.564717],[-46.73804,-23.564606],[-46.738054,-23.564575],[-46.73822,-23.564639],[-46.738074,-23.564962],[-46.737908,-23.564898],[-46.737921,-23.564868]]]}},{"type":"Feature","properties":{"id":"way/401837006","kind":"yes","h":6,"mh":0,"acc":"u","src":"osm"},"geometry":{"type":"Polygon","coordinates":[[[-46.737752,-23.564893],[-46.737807,-23.564914],[-46.737793,-23.564946],[-46.737747,-23.564929],[-46.73772,-23.56499],[-46.737685,-23.564977],[-46.737717,-23.564905],[-46.737742,-23.564915],[-46.737752,-23.564893]]]}},{"type":"Feature","properties":{"id":"way/401837007","kind":"yes","h":8.3,"mh":0,"acc":"u","src":"osm"},"geometry":{"type":"Polygon","coordinates":[[[-46.738824,-23.564241],[-46.738811,-23.564254],[-46.738837,-23.564278],[-46.738759,-23.564351],[-46.738674,-23.564273],[-46.738702,-23.564249],[-46.738771,-23.56419],[-46.738826,-23.56424],[-46.738824,-23.564241]]]}},{"type":"Feature","properties":{"id":"way/401837008","inst":"relation/3375375","kind":"yes","h":4.9,"mh":0,"acc":"u","src":"osm"},"geometry":{"type":"Polygon","coordinates":[[[-46.737012,-23.56422],[-46.736959,-23.564199],[-46.737021,-23.564068],[-46.737215,-23.564146],[-46.737155,-23.564275],[-46.737101,-23.564253],[-46.737129,-23.564194],[-46.737041,-23.564159],[-46.737012,-23.56422]]]}},{"type":"Feature","properties":{"id":"way/401837009","inst":"relation/3375375","kind":"yes","h":3.3,"mh":0,"acc":"u","src":"osm"},"geometry":{"type":"Polygon","coordinates":[[[-46.739182,-23.562829],[-46.739218,-23.562869],[-46.739034,-23.563009],[-46.738999,-23.562971],[-46.739044,-23.562936],[-46.739046,-23.562938],[-46.739081,-23.562912],[-46.739078,-23.562908],[-46.739182,-23.562829]]]}},{"type":"Feature","properties":{"id":"way/401874830","inst":"relation/3375375","kind":"yes","h":4,"mh":0,"acc":"u","src":"osm"},"geometry":{"type":"Polygon","coordinates":[[[-46.736664,-23.566521],[-46.736674,-23.566546],[-46.736287,-23.566684],[-46.736291,-23.566692],[-46.736211,-23.566721],[-46.736198,-23.566688],[-46.736664,-23.566521]]]}},{"type":"Feature","properties":{"id":"way/401882577","inst":"relation/3375375","kind":"yes","h":4,"mh":0,"acc":"u","src":"osm"},"geometry":{"type":"Polygon","coordinates":[[[-46.734952,-23.56684],[-46.73497,-23.566884],[-46.734864,-23.566921],[-46.734845,-23.566878],[-46.734952,-23.56684]]]}},{"type":"Feature","properties":{"id":"way/401882578","inst":"relation/3375375","kind":"yes","h":5.6,"mh":0,"acc":"u","src":"osm"},"geometry":{"type":"Polygon","coordinates":[[[-46.735138,-23.566424],[-46.735183,-23.56653],[-46.735009,-23.566593],[-46.734964,-23.566486],[-46.735138,-23.566424]]]}},{"type":"Feature","properties":{"id":"way/401882579","inst":"relation/3375375","kind":"yes","h":3.8,"mh":0,"acc":"u","src":"osm"},"geometry":{"type":"Polygon","coordinates":[[[-46.734943,-23.56651],[-46.734975,-23.566587],[-46.734859,-23.566629],[-46.734827,-23.566552],[-46.734943,-23.56651]]]}},{"type":"Feature","properties":{"id":"way/401882580","inst":"relation/3375375","kind":"yes","h":3,"mh":0,"acc":"u","src":"osm"},"geometry":{"type":"Polygon","coordinates":[[[-46.735133,-23.566596],[-46.735145,-23.566625],[-46.735096,-23.566642],[-46.735084,-23.566613],[-46.735133,-23.566596]]]}},{"type":"Feature","properties":{"id":"way/401882581","inst":"relation/3375375","kind":"yes","h":3.2,"mh":0,"acc":"u","src":"osm"},"geometry":{"type":"Polygon","coordinates":[[[-46.735211,-23.566787],[-46.735224,-23.566817],[-46.735211,-23.566821],[-46.735226,-23.566856],[-46.735214,-23.566861],[-46.735187,-23.566796],[-46.735211,-23.566787]]]}},{"type":"Feature","properties":{"id":"way/401886804","inst":"relation/3375375","kind":"yes","h":3.1,"mh":0,"acc":"u","src":"osm"},"geometry":{"type":"Polygon","coordinates":[[[-46.734816,-23.565889],[-46.734795,-23.56584],[-46.734791,-23.565828],[-46.735044,-23.565739],[-46.735022,-23.565685],[-46.735099,-23.565658],[-46.735121,-23.565711],[-46.735241,-23.565669],[-46.735219,-23.565615],[-46.735241,-23.565607],[-46.735288,-23.56572],[-46.735124,-23.565777],[-46.735128,-23.565787],[-46.735089,-23.565801],[-46.735085,-23.565794],[-46.734816,-23.565889]]]}},{"type":"Feature","properties":{"id":"way/401886805","inst":"relation/3375375","kind":"yes","h":8.9,"mh":0,"acc":"u","src":"osm"},"geometry":{"type":"Polygon","coordinates":[[[-46.733882,-23.566611],[-46.733902,-23.566604],[-46.733909,-23.566602],[-46.733916,-23.5666],[-46.733924,-23.5666],[-46.733926,-23.5666],[-46.733932,-23.566604],[-46.733936,-23.566609],[-46.733937,-23.566616],[-46.733936,-23.566622],[-46.733929,-23.566627],[-46.733922,-23.566631],[-46.733916,-23.566634],[-46.73391,-23.566637],[-46.733903,-23.566639],[-46.733896,-23.566641],[-46.733882,-23.566644],[-46.733874,-23.566644],[-46.73387,-23.566642],[-46.733864,-23.566638],[-46.733862,-23.566631],[-46.733864,-23.566625],[-46.733867,-23.566621],[-46.733873,-23.566616],[-46.733879,-23.566613],[-46.733882,-23.566611]]]}},{"type":"Feature","properties":{"id":"way/401886807","inst":"relation/3375375","kind":"yes","h":10.6,"mh":0,"acc":"u","src":"osm"},"geometry":{"type":"Polygon","coordinates":[[[-46.735398,-23.565417],[-46.735394,-23.56541],[-46.735391,-23.565404],[-46.735389,-23.565397],[-46.735388,-23.565395],[-46.735385,-23.565388],[-46.735385,-23.565386],[-46.735384,-23.56538],[-46.735387,-23.565373],[-46.735393,-23.565369],[-46.7354,-23.565367],[-46.735407,-23.565369],[-46.73541,-23.565372],[-46.735414,-23.565377],[-46.735418,-23.565383],[-46.735422,-23.565389],[-46.735425,-23.565395],[-46.735428,-23.565401],[-46.73543,-23.565407],[-46.735432,-23.565414],[-46.735433,-23.565422],[-46.735432,-23.565429],[-46.735428,-23.565434],[-46.735422,-23.565437],[-46.735415,-23.565437],[-46.735408,-23.565433],[-46.735404,-23.565428],[-46.7354,-23.565422],[-46.735398,-23.565417]]]}},{"type":"Feature","properties":{"id":"way/401886809","kind":"yes","h":3.6,"mh":0,"acc":"u","src":"osm"},"geometry":{"type":"Polygon","coordinates":[[[-46.733278,-23.565868],[-46.733286,-23.565887],[-46.733202,-23.565917],[-46.733193,-23.565898],[-46.733278,-23.565868]]]}},{"type":"Feature","properties":{"id":"way/401886811","inst":"relation/3375375","kind":"yes","h":13.8,"mh":0,"acc":"u","src":"osm"},"geometry":{"type":"Polygon","coordinates":[[[-46.734757,-23.565854],[-46.734795,-23.56584],[-46.734816,-23.565889],[-46.734819,-23.565896],[-46.734779,-23.565921],[-46.734752,-23.565856],[-46.734757,-23.565854]]]}},{"type":"Feature","properties":{"id":"way/401886812","inst":"relation/3375375","kind":"yes","h":11.5,"mh":0,"acc":"u","src":"osm"},"geometry":{"type":"Polygon","coordinates":[[[-46.734625,-23.565472],[-46.734565,-23.565326],[-46.73465,-23.565296],[-46.734746,-23.565526],[-46.734737,-23.565529],[-46.734675,-23.565551],[-46.73466,-23.565556],[-46.734625,-23.565472]]]}},{"type":"Feature","properties":{"id":"way/401887682","inst":"relation/3375375","kind":"yes","h":3.1,"mh":0,"acc":"u","src":"osm"},"geometry":{"type":"Polygon","coordinates":[[[-46.735219,-23.564374],[-46.735221,-23.564458],[-46.734811,-23.564501],[-46.7348,-23.56441],[-46.735219,-23.564374]]]}},{"type":"Feature","properties":{"id":"way/401887683","name":"CIETEC - Vagão da Inovação","inst":"relation/3375375","kind":"yes","h":3.8,"mh":0,"acc":"u","src":"osm"},"geometry":{"type":"Polygon","coordinates":[[[-46.734889,-23.564525],[-46.734899,-23.564606],[-46.73468,-23.564624],[-46.734675,-23.564542],[-46.734889,-23.564525]]]}},{"type":"Feature","properties":{"id":"way/401887956","inst":"relation/3375375","kind":"yes","h":12,"mh":0,"acc":"u","src":"osm"},"geometry":{"type":"Polygon","coordinates":[[[-46.734932,-23.565216],[-46.734943,-23.565244],[-46.734928,-23.565262],[-46.734897,-23.565258],[-46.734888,-23.56523],[-46.734902,-23.565215],[-46.734932,-23.565216]]]}},{"type":"Feature","properties":{"id":"way/401888094","inst":"relation/3375375","kind":"yes","h":3.1,"mh":0,"acc":"u","src":"osm"},"geometry":{"type":"Polygon","coordinates":[[[-46.735958,-23.56476],[-46.735963,-23.564807],[-46.735708,-23.56483],[-46.735693,-23.564692],[-46.735676,-23.564504],[-46.73578,-23.564493],[-46.73579,-23.564571],[-46.735738,-23.564577],[-46.735752,-23.564694],[-46.735758,-23.564742],[-46.735776,-23.56474],[-46.735796,-23.564738],[-46.7358,-23.564776],[-46.735958,-23.56476]]]}},{"type":"Feature","properties":{"id":"way/401888095","inst":"relation/3375375","kind":"yes","h":16.3,"mh":0,"acc":"u","src":"osm"},"geometry":{"type":"Polygon","coordinates":[[[-46.735958,-23.56476],[-46.7358,-23.564776],[-46.735796,-23.564738],[-46.735776,-23.56474],[-46.73577,-23.564693],[-46.735752,-23.564694],[-46.735738,-23.564577],[-46.73579,-23.564571],[-46.735865,-23.564563],[-46.735868,-23.564563],[-46.735882,-23.56468],[-46.735954,-23.564672],[-46.735957,-23.564704],[-46.735964,-23.564759],[-46.735958,-23.56476]]]}},{"type":"Feature","properties":{"id":"way/401888096","inst":"relation/3375375","kind":"yes","h":5.3,"mh":0,"acc":"u","src":"osm"},"geometry":{"type":"Polygon","coordinates":[[[-46.73595,-23.564862],[-46.735963,-23.564969],[-46.735738,-23.564991],[-46.735725,-23.564886],[-46.73595,-23.564862]]]}},{"type":"Feature","properties":{"id":"way/401888097","inst":"relation/3375375","kind":"yes","h":3.1,"mh":0,"acc":"u","src":"osm"},"geometry":{"type":"Polygon","coordinates":[[[-46.73562,-23.564896],[-46.735625,-23.564934],[-46.735575,-23.564939],[-46.735571,-23.564901],[-46.73562,-23.564896]]]}},{"type":"Feature","properties":{"id":"way/401888098","inst":"relation/3375375","kind":"yes","h":4.7,"mh":0,"acc":"u","src":"osm"},"geometry":{"type":"Polygon","coordinates":[[[-46.735462,-23.564758],[-46.735468,-23.564803],[-46.735429,-23.564807],[-46.735424,-23.564762],[-46.735462,-23.564758]]]}},{"type":"Feature","properties":{"id":"way/401888099","inst":"relation/3375375","kind":"yes","h":7.1,"mh":0,"acc":"u","src":"osm"},"geometry":{"type":"Polygon","coordinates":[[[-46.735533,-23.564959],[-46.73555,-23.565096],[-46.735444,-23.565107],[-46.735427,-23.56497],[-46.735533,-23.564959]]]}},{"type":"Feature","properties":{"id":"way/401888100","inst":"relation/3375375","kind":"yes","h":4.6,"mh":0,"acc":"u","src":"osm"},"geometry":{"type":"Polygon","coordinates":[[[-46.736118,-23.564673],[-46.736122,-23.564707],[-46.736054,-23.564714],[-46.73605,-23.56468],[-46.736118,-23.564673]]]}},{"type":"Feature","properties":{"id":"way/401888101","inst":"relation/3375375","kind":"yes","h":10.8,"mh":0,"acc":"u","src":"osm"},"geometry":{"type":"Polygon","coordinates":[[[-46.735776,-23.56474],[-46.735758,-23.564742],[-46.735752,-23.564694],[-46.73577,-23.564693],[-46.735776,-23.56474]]]}},{"type":"Feature","properties":{"id":"way/401888102","inst":"relation/3375375","kind":"yes","h":4.9,"mh":0,"acc":"u","src":"osm"},"geometry":{"type":"Polygon","coordinates":[[[-46.735535,-23.564751],[-46.73554,-23.564796],[-46.735502,-23.5648],[-46.735496,-23.564755],[-46.735535,-23.564751]]]}},{"type":"Feature","properties":{"id":"way/401888103","inst":"relation/3375375","kind":"yes","h":3.4,"mh":0,"acc":"u","src":"osm"},"geometry":{"type":"Polygon","coordinates":[[[-46.735954,-23.564672],[-46.736004,-23.564667],[-46.736008,-23.564699],[-46.735957,-23.564704],[-46.735954,-23.564672]]]}},{"type":"Feature","properties":{"id":"way/401888104","inst":"relation/3375375","kind":"yes","h":5.8,"mh":0,"acc":"u","src":"osm"},"geometry":{"type":"Polygon","coordinates":[[[-46.735708,-23.56483],[-46.735573,-23.564842],[-46.735556,-23.564707],[-46.735693,-23.564692],[-46.735708,-23.56483]]]}},{"type":"Feature","properties":{"id":"way/401888105","inst":"relation/3375375","kind":"yes","h":3.3,"mh":0,"acc":"u","src":"osm"},"geometry":{"type":"Polygon","coordinates":[[[-46.735542,-23.563644],[-46.735542,-23.56365],[-46.735541,-23.563657],[-46.73554,-23.563663],[-46.73554,-23.56367],[-46.73554,-23.563677],[-46.73554,-23.563684],[-46.735541,-23.56369],[-46.735542,-23.563697],[-46.735542,-23.563704],[-46.735544,-23.563711],[-46.735545,-23.563717],[-46.735547,-23.563724],[-46.735549,-23.56373],[-46.735551,-23.563737],[-46.735553,-23.563743],[-46.735556,-23.563749],[-46.735559,-23.563756],[-46.735562,-23.563762],[-46.735565,-23.563768],[-46.735569,-23.563774],[-46.735573,-23.56378],[-46.735577,-23.563785],[-46.735581,-23.563791],[-46.735585,-23.563796],[-46.73559,-23.563802],[-46.735595,-23.563807],[-46.7356,-23.563812],[-46.735605,-23.563816],[-46.73561,-23.563821],[-46.735547,-23.563857],[-46.735542,-23.563852],[-46.735533,-23.563841],[-46.735525,-23.56383],[-46.735517,-23.563818],[-46.73551,-23.563807],[-46.735503,-23.563794],[-46.735497,-23.563782],[-46.735492,-23.563769],[-46.735487,-23.563757],[-46.735483,-23.563744],[-46.73548,-23.563731],[-46.735477,-23.563717],[-46.735475,-23.563704],[-46.735473,-23.56369],[-46.735473,-23.563677],[-46.735473,-23.563663],[-46.735473,-23.563653],[-46.735542,-23.563644]]]}},{"type":"Feature","properties":{"id":"way/401888106","inst":"relation/3375375","kind":"yes","h":9.7,"mh":0,"acc":"u","src":"osm"},"geometry":{"type":"Polygon","coordinates":[[[-46.735865,-23.564563],[-46.735854,-23.564473],[-46.735882,-23.56447],[-46.735883,-23.564485],[-46.735893,-23.564561],[-46.735939,-23.564556],[-46.735954,-23.564672],[-46.735882,-23.56468],[-46.735868,-23.564563],[-46.735865,-23.564563]]]}},{"type":"Feature","properties":{"id":"way/401888107","inst":"relation/3375375","kind":"yes","h":4.8,"mh":0,"acc":"u","src":"osm"},"geometry":{"type":"Polygon","coordinates":[[[-46.736096,-23.564479],[-46.736117,-23.564652],[-46.73612,-23.564672],[-46.73605,-23.56468],[-46.736048,-23.56466],[-46.736032,-23.564534],[-46.735899,-23.564548],[-46.735898,-23.564541],[-46.735893,-23.5645],[-46.736096,-23.564479]]]}},{"type":"Feature","properties":{"id":"way/401888353","inst":"relation/3375375","kind":"yes","h":26.8,"mh":0,"acc":"u","src":"osm"},"geometry":{"type":"Polygon","coordinates":[[[-46.73571,-23.562855],[-46.735686,-23.562663],[-46.736139,-23.562609],[-46.736166,-23.562804],[-46.73571,-23.562855]]]}},{"type":"Feature","properties":{"id":"way/401889978","kind":"yes","h":6,"mh":0,"acc":"u","src":"osm"},"geometry":{"type":"Polygon","coordinates":[[[-46.733536,-23.569682],[-46.733746,-23.569876],[-46.733716,-23.56991],[-46.733904,-23.5701],[-46.733881,-23.570129],[-46.733916,-23.570169],[-46.733805,-23.570264],[-46.733735,-23.570194],[-46.733367,-23.56983],[-46.733536,-23.569682]]]}},{"type":"Feature","properties":{"id":"way/401891169","inst":"way/34381459","kind":"yes","h":16.6,"mh":0,"acc":"u","src":"osm"},"geometry":{"type":"Polygon","coordinates":[[[-46.733644,-23.567384],[-46.733656,-23.567405],[-46.732758,-23.567842],[-46.732746,-23.567822],[-46.732612,-23.567588],[-46.73264,-23.567575],[-46.733096,-23.567353],[-46.733214,-23.567295],[-46.7333,-23.567253],[-46.73351,-23.567151],[-46.733644,-23.567384]]]}},{"type":"Feature","properties":{"id":"way/401891170","inst":"way/34381459","kind":"yes","h":4.8,"mh":0,"acc":"u","src":"osm"},"geometry":{"type":"Polygon","coordinates":[[[-46.733726,-23.568228],[-46.733767,-23.568103],[-46.733971,-23.568161],[-46.733929,-23.568285],[-46.733726,-23.568228]]]}},{"type":"Feature","properties":{"id":"way/401891171","inst":"way/34381459","kind":"yes","h":5.1,"mh":0,"acc":"u","src":"osm"},"geometry":{"type":"Polygon","coordinates":[[[-46.733726,-23.567555],[-46.733832,-23.567585],[-46.733799,-23.567678],[-46.733694,-23.567649],[-46.733726,-23.567555]]]}},{"type":"Feature","properties":{"id":"way/401891172","inst":"way/34381459","kind":"yes","h":3.4,"mh":0,"acc":"u","src":"osm"},"geometry":{"type":"Polygon","coordinates":[[[-46.733892,-23.567224],[-46.73394,-23.567238],[-46.733921,-23.5673],[-46.73396,-23.567301],[-46.733953,-23.567323],[-46.733906,-23.567324],[-46.733863,-23.56731],[-46.733892,-23.567224]]]}},{"type":"Feature","properties":{"id":"way/401892960","inst":"way/158788584","kind":"yes","h":5,"mh":0,"acc":"u","src":"osm"},"geometry":{"type":"Polygon","coordinates":[[[-46.742077,-23.564071],[-46.742089,-23.56408],[-46.742086,-23.564085],[-46.741871,-23.564357],[-46.741846,-23.564341],[-46.741843,-23.564346],[-46.741748,-23.564282],[-46.741753,-23.564274],[-46.741676,-23.564221],[-46.741671,-23.564228],[-46.741587,-23.564174],[-46.74178,-23.563922],[-46.741792,-23.56393],[-46.741809,-23.563908],[-46.741839,-23.563928],[-46.741832,-23.563938],[-46.74185,-23.56395],[-46.741842,-23.563962],[-46.741868,-23.563982],[-46.741802,-23.564065],[-46.741889,-23.564123],[-46.741904,-23.564103],[-46.741893,-23.564095],[-46.741944,-23.564032],[-46.741952,-23.564037],[-46.741954,-23.564034],[-46.742007,-23.56407],[-46.742032,-23.564039],[-46.742074,-23.564069],[-46.742077,-23.564071]]]}},{"type":"Feature","properties":{"id":"way/401892961","inst":"way/158788584","kind":"yes","h":3,"mh":0,"acc":"u","src":"osm"},"geometry":{"type":"Polygon","coordinates":[[[-46.741877,-23.563796],[-46.74203,-23.563893],[-46.742007,-23.563925],[-46.741853,-23.563827],[-46.741877,-23.563796]]]}},{"type":"Feature","properties":{"id":"way/401892962","inst":"way/158788584","kind":"yes","h":3,"mh":0,"acc":"u","src":"osm"},"geometry":{"type":"Polygon","coordinates":[[[-46.742077,-23.564071],[-46.742153,-23.56397],[-46.742188,-23.563993],[-46.742103,-23.564096],[-46.742086,-23.564085],[-46.742089,-23.56408],[-46.742077,-23.564071]]]}},{"type":"Feature","properties":{"id":"way/401954090","inst":"way/52050175","kind":"yes","h":3.8,"mh":0,"acc":"u","src":"osm"},"geometry":{"type":"Polygon","coordinates":[[[-46.725652,-23.563552],[-46.725665,-23.563581],[-46.725629,-23.563594],[-46.725617,-23.563566],[-46.725652,-23.563552]]]}},{"type":"Feature","properties":{"id":"way/401954091","inst":"way/52050175","kind":"yes","h":3.3,"mh":0,"acc":"u","src":"osm"},"geometry":{"type":"Polygon","coordinates":[[[-46.725854,-23.563508],[-46.725878,-23.563548],[-46.725751,-23.563612],[-46.725727,-23.563572],[-46.725854,-23.563508]]]}},{"type":"Feature","properties":{"id":"way/401954092","inst":"way/52050175","kind":"yes","h":3.4,"mh":0,"acc":"u","src":"osm"},"geometry":{"type":"Polygon","coordinates":[[[-46.725616,-23.563669],[-46.725625,-23.563685],[-46.725598,-23.563698],[-46.725589,-23.563681],[-46.725616,-23.563669]]]}},{"type":"Feature","properties":{"id":"way/401954760","inst":"way/34380707","kind":"yes","h":4.7,"mh":0,"acc":"u","src":"osm"},"geometry":{"type":"Polygon","coordinates":[[[-46.726933,-23.563269],[-46.726975,-23.563342],[-46.726898,-23.56338],[-46.726856,-23.563307],[-46.726933,-23.563269]]]}},{"type":"Feature","properties":{"id":"way/401954761","inst":"way/34380707","kind":"yes","h":3.1,"mh":0,"acc":"u","src":"osm"},"geometry":{"type":"Polygon","coordinates":[[[-46.726984,-23.563341],[-46.72715,-23.563632],[-46.727039,-23.563685],[-46.727016,-23.563645],[-46.726965,-23.563669],[-46.72694,-23.563625],[-46.726992,-23.5636],[-46.726874,-23.563394],[-46.726984,-23.563341]]]}},{"type":"Feature","properties":{"id":"way/401956666","inst":"way/34317133","kind":"roof","h":3.7,"mh":3.1,"acc":"u","src":"osm"},"geometry":{"type":"Polygon","coordinates":[[[-46.726375,-23.565202],[-46.726309,-23.565234],[-46.726277,-23.565199],[-46.726251,-23.565134],[-46.726144,-23.56495],[-46.726112,-23.564894],[-46.726034,-23.56476],[-46.726005,-23.564711],[-46.725925,-23.564573],[-46.725902,-23.564534],[-46.725818,-23.564388],[-46.72579,-23.564341],[-46.72571,-23.564202],[-46.72568,-23.564151],[-46.725568,-23.563959],[-46.725581,-23.563908],[-46.725634,-23.563927],[-46.725743,-23.564115],[-46.725769,-23.564159],[-46.725847,-23.564295],[-46.725878,-23.564348],[-46.72596,-23.564489],[-46.725989,-23.564539],[-46.726066,-23.564671],[-46.7261,-23.56473],[-46.726176,-23.56486],[-46.726211,-23.564921],[-46.726318,-23.565105],[-46.726349,-23.565157],[-46.726375,-23.565202]]]}},{"type":"Feature","properties":{"id":"way/401956667","inst":"way/34380707","kind":"yes","h":9.8,"mh":0,"acc":"u","src":"osm"},"geometry":{"type":"Polygon","coordinates":[[[-46.726836,-23.56492],[-46.726907,-23.565046],[-46.726772,-23.565111],[-46.726701,-23.564985],[-46.726836,-23.56492]]]}},{"type":"Feature","properties":{"id":"way/401956668","inst":"way/34380707","kind":"yes","h":4.7,"mh":0,"acc":"u","src":"osm"},"geometry":{"type":"Polygon","coordinates":[[[-46.726978,-23.565109],[-46.727053,-23.565241],[-46.726972,-23.565281],[-46.726897,-23.565149],[-46.726978,-23.565109]]]}},{"type":"Feature","properties":{"id":"way/401956669","inst":"way/34317133","kind":"roof","h":3.7,"mh":3.1,"acc":"u","src":"osm"},"geometry":{"type":"Polygon","coordinates":[[[-46.725071,-23.564219],[-46.72576,-23.565433],[-46.725674,-23.565476],[-46.725625,-23.565367],[-46.725498,-23.565146],[-46.724989,-23.564259],[-46.725071,-23.564219]]]}},{"type":"Feature","properties":{"id":"way/401956806","inst":"way/34380707","kind":"yes","h":3.7,"mh":0,"acc":"u","src":"osm"},"geometry":{"type":"Polygon","coordinates":[[[-46.726268,-23.565419],[-46.726305,-23.565482],[-46.726126,-23.565569],[-46.726125,-23.565567],[-46.726114,-23.565572],[-46.7261,-23.565548],[-46.726111,-23.565543],[-46.726089,-23.565506],[-46.726268,-23.565419]]]}},{"type":"Feature","properties":{"id":"way/401957129","name":"Biblioteca do Conjunto das Químicas","inst":"way/34380707","kind":"university","h":14.9,"mh":0,"acc":"u","src":"osm"},"geometry":{"type":"Polygon","coordinates":[[[-46.72746,-23.566226],[-46.727638,-23.566482],[-46.727587,-23.566512],[-46.727595,-23.566523],[-46.72761,-23.566514],[-46.727631,-23.566544],[-46.727594,-23.566566],[-46.727565,-23.566524],[-46.727464,-23.566583],[-46.727289,-23.566329],[-46.72746,-23.566226]]]}},{"type":"Feature","properties":{"id":"way/401957130","inst":"way/34380707","kind":"university","h":5.7,"mh":0,"acc":"u","src":"osm"},"geometry":{"type":"Polygon","coordinates":[[[-46.72746,-23.566226],[-46.727289,-23.566329],[-46.727464,-23.566583],[-46.727438,-23.566606],[-46.727344,-23.566556],[-46.727351,-23.566543],[-46.727166,-23.566447],[-46.727212,-23.566372],[-46.727234,-23.566336],[-46.727266,-23.566283],[-46.727434,-23.566191],[-46.72746,-23.566226]]]}},{"type":"Feature","properties":{"id":"way/401958068","inst":"way/34380707","kind":"yes","h":6,"mh":0,"acc":"u","src":"osm"},"geometry":{"type":"Polygon","coordinates":[[[-46.727234,-23.566336],[-46.727212,-23.566372],[-46.727049,-23.566269],[-46.727088,-23.566246],[-46.727234,-23.566336]]]}},{"type":"Feature","properties":{"id":"way/401958457","inst":"way/74924310","kind":"yes","h":3.3,"mh":0,"acc":"u","src":"osm"},"geometry":{"type":"Polygon","coordinates":[[[-46.725105,-23.567018],[-46.725258,-23.567218],[-46.725228,-23.567237],[-46.725208,-23.567212],[-46.725198,-23.567219],[-46.725068,-23.567041],[-46.725105,-23.567018]]]}},{"type":"Feature","properties":{"id":"way/401958482","inst":"way/74924310","kind":"yes","h":6,"mh":0,"acc":"u","src":"osm"},"geometry":{"type":"Polygon","coordinates":[[[-46.726535,-23.567131],[-46.726512,-23.567168],[-46.726442,-23.567132],[-46.726465,-23.567094],[-46.726501,-23.567113],[-46.726535,-23.567131]]]}},{"type":"Feature","properties":{"id":"way/401959343","inst":"way/154246451","kind":"university","h":6,"mh":0,"acc":"u","src":"osm"},"geometry":{"type":"Polygon","coordinates":[[[-46.727653,-23.562543],[-46.727665,-23.562566],[-46.727684,-23.562555],[-46.727644,-23.562662],[-46.727639,-23.562648],[-46.727607,-23.562668],[-46.727576,-23.562604],[-46.727567,-23.562586],[-46.727653,-23.562543]]]}},{"type":"Feature","properties":{"id":"way/401959472","kind":"yes","h":3.1,"mh":0,"acc":"u","src":"osm"},"geometry":{"type":"Polygon","coordinates":[[[-46.72932,-23.561767],[-46.729348,-23.561813],[-46.729193,-23.561891],[-46.729165,-23.561844],[-46.72932,-23.561767]]]}},{"type":"Feature","properties":{"id":"way/401960160","inst":"way/154079145","kind":"university","h":8.9,"mh":0,"acc":"u","src":"osm"},"geometry":{"type":"Polygon","coordinates":[[[-46.732143,-23.559618],[-46.73215,-23.559659],[-46.732062,-23.559672],[-46.732055,-23.559631],[-46.732143,-23.559618]]]}},{"type":"Feature","properties":{"id":"way/401961325","inst":"way/34381700","kind":"yes","h":7.5,"mh":0,"acc":"u","src":"osm"},"geometry":{"type":"Polygon","coordinates":[[[-46.736196,-23.558813],[-46.73627,-23.558905],[-46.73626,-23.559012],[-46.736166,-23.55908],[-46.736038,-23.559072],[-46.736101,-23.558958],[-46.73612,-23.55896],[-46.736134,-23.558952],[-46.736135,-23.558938],[-46.736125,-23.558925],[-46.736196,-23.558813]]]}},{"type":"Feature","properties":{"id":"way/401961326","inst":"way/34381700","kind":"yes","h":4,"mh":0,"acc":"u","src":"osm"},"geometry":{"type":"Polygon","coordinates":[[[-46.733488,-23.558605],[-46.733569,-23.558625],[-46.733558,-23.558661],[-46.733576,-23.558665],[-46.733585,-23.558635],[-46.733929,-23.558721],[-46.733915,-23.558757],[-46.733743,-23.558717],[-46.733727,-23.558812],[-46.733476,-23.558744],[-46.733478,-23.558722],[-46.733446,-23.558711],[-46.733457,-23.558634],[-46.733478,-23.55864],[-46.733488,-23.558605]]]}},{"type":"Feature","properties":{"id":"way/401961327","inst":"way/34381700","kind":"university","h":5.8,"mh":0,"acc":"u","src":"osm"},"geometry":{"type":"Polygon","coordinates":[[[-46.736168,-23.558453],[-46.736323,-23.558531],[-46.736315,-23.558608],[-46.736263,-23.558623],[-46.736174,-23.558576],[-46.736189,-23.558598],[-46.736065,-23.558813],[-46.736009,-23.558807],[-46.73597,-23.558766],[-46.736092,-23.558552],[-46.736121,-23.558551],[-46.736096,-23.558489],[-46.736168,-23.558453]]]}},{"type":"Feature","properties":{"id":"way/401961328","inst":"way/34381700","kind":"yes","h":4.8,"mh":0,"acc":"u","src":"osm"},"geometry":{"type":"Polygon","coordinates":[[[-46.735221,-23.559052],[-46.735326,-23.559081],[-46.735308,-23.559137],[-46.735203,-23.559108],[-46.735221,-23.559052]]]}},{"type":"Feature","properties":{"id":"way/401961329","inst":"way/34381700","kind":"yes","h":3,"mh":0,"acc":"u","src":"osm"},"geometry":{"type":"Polygon","coordinates":[[[-46.734207,-23.558825],[-46.734357,-23.558865],[-46.734342,-23.558913],[-46.734192,-23.558873],[-46.734207,-23.558825]]]}},{"type":"Feature","properties":{"id":"way/401961330","inst":"way/34381700","kind":"yes","h":3.6,"mh":0,"acc":"u","src":"osm"},"geometry":{"type":"Polygon","coordinates":[[[-46.734941,-23.559],[-46.734944,-23.559062],[-46.734849,-23.559066],[-46.734846,-23.559004],[-46.734941,-23.559]]]}},{"type":"Feature","properties":{"id":"way/401961332","inst":"way/34381700","kind":"yes","h":4.8,"mh":0,"acc":"u","src":"osm"},"geometry":{"type":"Polygon","coordinates":[[[-46.733273,-23.557867],[-46.733318,-23.55795],[-46.733236,-23.557988],[-46.73319,-23.557905],[-46.733273,-23.557867]]]}},{"type":"Feature","properties":{"id":"way/401961333","kind":"yes","h":9.2,"mh":0,"acc":"u","src":"osm"},"geometry":{"type":"Polygon","coordinates":[[[-46.736822,-23.559042],[-46.736923,-23.559184],[-46.736768,-23.559278],[-46.736666,-23.559136],[-46.736822,-23.559042]]]}},{"type":"Feature","properties":{"id":"way/401961914","name":"Bloco da Administração","inst":"way/152732604","kind":"school","h":14.5,"mh":0,"acc":"u","src":"osm"},"geometry":{"type":"Polygon","coordinates":[[[-46.733815,-23.558974],[-46.73382,-23.559025],[-46.733849,-23.559024],[-46.733847,-23.558974],[-46.733881,-23.558973],[-46.733908,-23.558972],[-46.733913,-23.55904],[-46.733917,-23.559081],[-46.733918,-23.55911],[-46.733897,-23.55911],[-46.733855,-23.559112],[-46.733853,-23.559086],[-46.733838,-23.559087],[-46.733825,-23.55909],[-46.733827,-23.559123],[-46.733783,-23.559127],[-46.733742,-23.559128],[-46.733695,-23.559132],[-46.733602,-23.559137],[-46.733393,-23.559154],[-46.733387,-23.559098],[-46.733378,-23.559012],[-46.733732,-23.558981],[-46.733815,-23.558974]]]}},{"type":"Feature","properties":{"id":"way/401961916","inst":"way/152732604","kind":"yes","h":5.2,"mh":0,"acc":"u","src":"osm"},"geometry":{"type":"Polygon","coordinates":[[[-46.733984,-23.559256],[-46.733996,-23.559361],[-46.73394,-23.559366],[-46.733928,-23.559261],[-46.733984,-23.559256]]]}},{"type":"Feature","properties":{"id":"way/401965490","kind":"yes","h":1,"mh":0,"acc":"u","src":"osm"},"geometry":{"type":"Polygon","coordinates":[[[-46.72835,-23.562082],[-46.728339,-23.562074],[-46.728387,-23.562048],[-46.728421,-23.562014],[-46.728443,-23.56198],[-46.728462,-23.56194],[-46.728467,-23.561908],[-46.728464,-23.561858],[-46.728478,-23.561857],[-46.728482,-23.561909],[-46.728477,-23.561946],[-46.728459,-23.561986],[-46.728436,-23.562022],[-46.728404,-23.562057],[-46.72835,-23.562082]]]}},{"type":"Feature","properties":{"id":"way/401965493","kind":"yes","h":3,"mh":0,"acc":"u","src":"osm"},"geometry":{"type":"Polygon","coordinates":[[[-46.728537,-23.56186],[-46.728537,-23.561915],[-46.728529,-23.561961],[-46.728511,-23.562004],[-46.728485,-23.562045],[-46.728452,-23.56208],[-46.728403,-23.562116],[-46.72839,-23.562108],[-46.72844,-23.562075],[-46.728475,-23.562038],[-46.728499,-23.562001],[-46.728516,-23.561957],[-46.728521,-23.561915],[-46.728519,-23.561859],[-46.728537,-23.56186]]]}},{"type":"Feature","properties":{"id":"way/401965495","kind":"yes","h":1.5,"mh":0,"acc":"u","src":"osm"},"geometry":{"type":"Polygon","coordinates":[[[-46.728366,-23.562092],[-46.72835,-23.562082],[-46.728404,-23.562057],[-46.728436,-23.562022],[-46.728459,-23.561986],[-46.728477,-23.561946],[-46.728482,-23.561909],[-46.728478,-23.561857],[-46.728491,-23.561857],[-46.728495,-23.56191],[-46.728492,-23.561951],[-46.728475,-23.561991],[-46.72845,-23.562028],[-46.728414,-23.562064],[-46.728366,-23.562092]]]}},{"type":"Feature","properties":{"id":"way/401965497","kind":"yes","h":2,"mh":0,"acc":"u","src":"osm"},"geometry":{"type":"Polygon","coordinates":[[[-46.728379,-23.562101],[-46.728366,-23.562092],[-46.728414,-23.562064],[-46.72845,-23.562028],[-46.728475,-23.561991],[-46.728492,-23.561951],[-46.728495,-23.56191],[-46.728491,-23.561857],[-46.728505,-23.561859],[-46.728508,-23.561911],[-46.728504,-23.561955],[-46.728488,-23.561995],[-46.728464,-23.562032],[-46.728427,-23.562069],[-46.728379,-23.562101]]]}},{"type":"Feature","properties":{"id":"way/401965499","kind":"yes","h":2.5,"mh":0,"acc":"u","src":"osm"},"geometry":{"type":"Polygon","coordinates":[[[-46.72839,-23.562108],[-46.728379,-23.562101],[-46.728427,-23.562069],[-46.728464,-23.562032],[-46.728488,-23.561995],[-46.728504,-23.561955],[-46.728508,-23.561911],[-46.728505,-23.561859],[-46.728519,-23.561859],[-46.728521,-23.561915],[-46.728516,-23.561957],[-46.728499,-23.562001],[-46.728475,-23.562038],[-46.72844,-23.562075],[-46.72839,-23.562108]]]}},{"type":"Feature","properties":{"id":"way/401965503","kind":"yes","h":3.5,"mh":0,"acc":"u","src":"osm"},"geometry":{"type":"Polygon","coordinates":[[[-46.728557,-23.561862],[-46.728557,-23.561919],[-46.728548,-23.561964],[-46.728531,-23.562008],[-46.728505,-23.562048],[-46.728472,-23.562084],[-46.728415,-23.562125],[-46.728403,-23.562116],[-46.728452,-23.56208],[-46.728485,-23.562045],[-46.728511,-23.562004],[-46.728529,-23.561961],[-46.728537,-23.561915],[-46.728537,-23.56186],[-46.728557,-23.561862]]]}},{"type":"Feature","properties":{"id":"way/402061883","kind":"roof","h":4.8,"mh":4.2,"acc":"u","src":"osm"},"geometry":{"type":"Polygon","coordinates":[[[-46.725591,-23.55854],[-46.725731,-23.558784],[-46.72587,-23.559027],[-46.725845,-23.55904],[-46.725565,-23.558553],[-46.725591,-23.55854]]]}},{"type":"Feature","properties":{"id":"way/402061884","kind":"roof","h":4,"mh":3.4,"acc":"u","src":"osm"},"geometry":{"type":"Polygon","coordinates":[[[-46.726024,-23.558799],[-46.726043,-23.558832],[-46.725929,-23.558886],[-46.72591,-23.558853],[-46.726024,-23.558799]]]}},{"type":"Feature","properties":{"id":"way/402061885","kind":"yes","h":14.4,"mh":0,"acc":"u","src":"osm"},"geometry":{"type":"Polygon","coordinates":[[[-46.725697,-23.558489],[-46.725592,-23.55854],[-46.725389,-23.558188],[-46.725875,-23.557952],[-46.725914,-23.558024],[-46.725537,-23.55821],[-46.725697,-23.558489]]]}},{"type":"Feature","properties":{"id":"way/402061886","kind":"yes","h":14.6,"mh":0,"acc":"u","src":"osm"},"geometry":{"type":"Polygon","coordinates":[[[-46.726445,-23.559105],[-46.72652,-23.559069],[-46.726561,-23.559139],[-46.726072,-23.559378],[-46.725873,-23.559026],[-46.725976,-23.558975],[-46.726139,-23.559255],[-46.726445,-23.559105]]]}},{"type":"Feature","properties":{"id":"way/402063127","kind":"roof","h":4,"mh":3.4,"acc":"u","src":"osm"},"geometry":{"type":"Polygon","coordinates":[[[-46.727277,-23.557773],[-46.727305,-23.557818],[-46.727277,-23.557833],[-46.727249,-23.557788],[-46.727277,-23.557773]]]}},{"type":"Feature","properties":{"id":"way/402063128","kind":"roof","h":4,"mh":3.4,"acc":"u","src":"osm"},"geometry":{"type":"Polygon","coordinates":[[[-46.726339,-23.556159],[-46.726303,-23.556174],[-46.726276,-23.556122],[-46.726312,-23.556107],[-46.726339,-23.556159]]]}},{"type":"Feature","properties":{"id":"way/402180780","inst":"way/34382548","kind":"roof","h":3.1,"mh":2.5,"acc":"u","src":"osm"},"geometry":{"type":"Polygon","coordinates":[[[-46.724067,-23.555293],[-46.724088,-23.555319],[-46.724046,-23.55535],[-46.724024,-23.555325],[-46.724067,-23.555293]]]}},{"type":"Feature","properties":{"id":"way/402180781","inst":"way/34382548","kind":"yes","h":3.4,"mh":0,"acc":"u","src":"osm"},"geometry":{"type":"Polygon","coordinates":[[[-46.724346,-23.555937],[-46.724314,-23.555881],[-46.724386,-23.555844],[-46.724418,-23.555902],[-46.724346,-23.555937]]]}},{"type":"Feature","properties":{"id":"way/402182234","kind":"roof","h":4,"mh":3.4,"acc":"u","src":"osm"},"geometry":{"type":"Polygon","coordinates":[[[-46.737763,-23.558925],[-46.737755,-23.558937],[-46.73766,-23.558888],[-46.737668,-23.558875],[-46.737763,-23.558925]]]}},{"type":"Feature","properties":{"id":"way/402182890","kind":"roof","h":4,"mh":3.4,"acc":"u","src":"osm"},"geometry":{"type":"Polygon","coordinates":[[[-46.741882,-23.559866],[-46.741882,-23.559898],[-46.741828,-23.559898],[-46.741828,-23.559866],[-46.741882,-23.559866]]]}},{"type":"Feature","properties":{"id":"way/402259842","inst":"way/34382548","kind":"roof","h":4,"mh":3.4,"acc":"u","src":"osm"},"geometry":{"type":"Polygon","coordinates":[[[-46.725883,-23.55611],[-46.725902,-23.556147],[-46.72587,-23.556161],[-46.725851,-23.556124],[-46.725883,-23.55611]]]}},{"type":"Feature","properties":{"id":"way/402304834","kind":"roof","h":3.1,"mh":2.5,"acc":"u","src":"osm"},"geometry":{"type":"Polygon","coordinates":[[[-46.723057,-23.562288],[-46.723074,-23.562316],[-46.723027,-23.56234],[-46.723011,-23.562312],[-46.723057,-23.562288]]]}},{"type":"Feature","properties":{"id":"way/402308824","kind":"roof","h":4,"mh":3.4,"acc":"u","src":"osm"},"geometry":{"type":"Polygon","coordinates":[[[-46.727234,-23.560647],[-46.727248,-23.56067],[-46.727218,-23.560686],[-46.727182,-23.560705],[-46.727167,-23.560682],[-46.727234,-23.560647]]]}},{"type":"Feature","properties":{"id":"way/402309105","kind":"roof","h":4,"mh":3.4,"acc":"u","src":"osm"},"geometry":{"type":"Polygon","coordinates":[[[-46.727351,-23.560127],[-46.727286,-23.56016],[-46.727273,-23.560138],[-46.727338,-23.560105],[-46.727351,-23.560127]]]}},{"type":"Feature","properties":{"id":"way/402576051","kind":"roof","h":4,"mh":3.4,"acc":"u","src":"osm"},"geometry":{"type":"Polygon","coordinates":[[[-46.725395,-23.565902],[-46.725376,-23.565932],[-46.725332,-23.565908],[-46.725352,-23.565878],[-46.725395,-23.565902]]]}},{"type":"Feature","properties":{"id":"way/402576502","kind":"roof","h":4,"mh":3.4,"acc":"u","src":"osm"},"geometry":{"type":"Polygon","coordinates":[[[-46.720358,-23.560461],[-46.720359,-23.560497],[-46.720225,-23.560499],[-46.720224,-23.560464],[-46.720358,-23.560461]]]}},{"type":"Feature","properties":{"id":"way/402577062","kind":"roof","h":4,"mh":3.4,"acc":"u","src":"osm"},"geometry":{"type":"Polygon","coordinates":[[[-46.720974,-23.561369],[-46.720956,-23.561386],[-46.720893,-23.56133],[-46.720911,-23.561313],[-46.720974,-23.561369]]]}},{"type":"Feature","properties":{"id":"way/402577624","kind":"roof","h":4,"mh":3.4,"acc":"u","src":"osm"},"geometry":{"type":"Polygon","coordinates":[[[-46.727559,-23.55903],[-46.727519,-23.559049],[-46.72751,-23.559034],[-46.72755,-23.559014],[-46.727559,-23.55903]]]}},{"type":"Feature","properties":{"id":"way/402577916","kind":"roof","h":4,"mh":3.4,"acc":"u","src":"osm"},"geometry":{"type":"Polygon","coordinates":[[[-46.719558,-23.562786],[-46.719536,-23.562822],[-46.719461,-23.562784],[-46.719482,-23.562748],[-46.719558,-23.562786]]]}},{"type":"Feature","properties":{"id":"way/402783558","kind":"roof","h":4,"mh":3.4,"acc":"u","src":"osm"},"geometry":{"type":"Polygon","coordinates":[[[-46.716208,-23.563256],[-46.716129,-23.563294],[-46.716107,-23.563254],[-46.716117,-23.563249],[-46.716135,-23.563241],[-46.716156,-23.563231],[-46.716172,-23.563223],[-46.716185,-23.563217],[-46.716208,-23.563256]]]}},{"type":"Feature","properties":{"id":"way/402783559","kind":"roof","h":4,"mh":3.4,"acc":"u","src":"osm"},"geometry":{"type":"Polygon","coordinates":[[[-46.716422,-23.563601],[-46.716409,-23.563607],[-46.716396,-23.563613],[-46.716377,-23.563623],[-46.716361,-23.563631],[-46.716344,-23.56364],[-46.716322,-23.563603],[-46.7164,-23.563565],[-46.716422,-23.563601]]]}},{"type":"Feature","properties":{"id":"way/402783648","kind":"roof","h":4,"mh":3.4,"acc":"u","src":"osm"},"geometry":{"type":"Polygon","coordinates":[[[-46.71309,-23.564205],[-46.713041,-23.564202],[-46.713048,-23.564091],[-46.713097,-23.564094],[-46.71309,-23.564205]]]}},{"type":"Feature","properties":{"id":"way/402783701","kind":"roof","h":3,"mh":2.4,"acc":"u","src":"osm"},"geometry":{"type":"Polygon","coordinates":[[[-46.713232,-23.565422],[-46.713237,-23.565445],[-46.713158,-23.565459],[-46.713154,-23.565436],[-46.713232,-23.565422]]]}},{"type":"Feature","properties":{"id":"way/402784396","kind":"roof","h":4,"mh":3.4,"acc":"u","src":"osm"},"geometry":{"type":"Polygon","coordinates":[[[-46.728855,-23.567423],[-46.728838,-23.56745],[-46.72874,-23.567397],[-46.728757,-23.567371],[-46.728855,-23.567423]]]}},{"type":"Feature","properties":{"id":"way/402784995","inst":"way/158966876","kind":"roof","h":4,"mh":3.4,"acc":"u","src":"osm"},"geometry":{"type":"Polygon","coordinates":[[[-46.730309,-23.566055],[-46.730314,-23.56608],[-46.73032,-23.566111],[-46.730285,-23.566117],[-46.730273,-23.566061],[-46.730309,-23.566055]]]}},{"type":"Feature","properties":{"id":"way/402784996","inst":"way/158966876","kind":"roof","h":4,"mh":3.4,"acc":"u","src":"osm"},"geometry":{"type":"Polygon","coordinates":[[[-46.730118,-23.56608],[-46.73013,-23.566138],[-46.730099,-23.566143],[-46.730087,-23.566085],[-46.730118,-23.56608]]]}},{"type":"Feature","properties":{"id":"way/403665657","kind":"yes","h":6.4,"mh":0,"acc":"u","src":"osm"},"geometry":{"type":"Polygon","coordinates":[[[-46.739855,-23.568705],[-46.73982,-23.568722],[-46.739803,-23.568691],[-46.739822,-23.568682],[-46.73983,-23.568657],[-46.739821,-23.568641],[-46.739854,-23.568627],[-46.739869,-23.568655],[-46.739853,-23.568663],[-46.739845,-23.568688],[-46.739855,-23.568705]]]}},{"type":"Feature","properties":{"id":"way/403665996","kind":"yes","h":6,"mh":0,"acc":"u","src":"osm"},"geometry":{"type":"Polygon","coordinates":[[[-46.740422,-23.568055],[-46.740385,-23.568092],[-46.740348,-23.568062],[-46.740385,-23.568024],[-46.740422,-23.568055]]]}},{"type":"Feature","properties":{"id":"way/403739280","inst":"way/158788584","kind":"yes","h":3,"mh":0,"acc":"u","src":"osm"},"geometry":{"type":"Polygon","coordinates":[[[-46.739936,-23.564726],[-46.739935,-23.564725],[-46.740226,-23.564571],[-46.740298,-23.564687],[-46.740008,-23.564842],[-46.739936,-23.564726]]]}},{"type":"Feature","properties":{"id":"way/403996461","inst":"way/34381227","kind":"yes","h":3.9,"mh":0,"acc":"u","src":"osm"},"geometry":{"type":"Polygon","coordinates":[[[-46.739212,-23.566173],[-46.739218,-23.566189],[-46.739185,-23.566244],[-46.739115,-23.566209],[-46.73909,-23.56625],[-46.738986,-23.566198],[-46.738821,-23.566476],[-46.738842,-23.566487],[-46.738804,-23.566551],[-46.73869,-23.566494],[-46.738725,-23.566435],[-46.738749,-23.566447],[-46.73898,-23.566056],[-46.739212,-23.566173]]]}},{"type":"Feature","properties":{"id":"way/403996462","inst":"way/34381227","kind":"yes","h":8.4,"mh":0,"acc":"u","src":"osm"},"geometry":{"type":"Polygon","coordinates":[[[-46.73944,-23.567748],[-46.739725,-23.567605],[-46.739804,-23.567742],[-46.739515,-23.567882],[-46.739536,-23.567919],[-46.739823,-23.567776],[-46.739903,-23.567912],[-46.739584,-23.568071],[-46.739477,-23.567888],[-46.739437,-23.567908],[-46.739412,-23.567864],[-46.739452,-23.567845],[-46.739408,-23.567764],[-46.73944,-23.567748]]]}},{"type":"Feature","properties":{"id":"way/403996463","inst":"way/34381227","kind":"yes","h":5.7,"mh":0,"acc":"u","src":"osm"},"geometry":{"type":"Polygon","coordinates":[[[-46.738836,-23.567536],[-46.73881,-23.56749],[-46.738731,-23.567528],[-46.738659,-23.567403],[-46.738911,-23.567277],[-46.738986,-23.567403],[-46.738852,-23.56747],[-46.738858,-23.567481],[-46.738864,-23.567478],[-46.738868,-23.567479],[-46.738874,-23.567482],[-46.738878,-23.567487],[-46.738878,-23.567494],[-46.738876,-23.5675],[-46.73887,-23.567505],[-46.738846,-23.567517],[-46.738852,-23.567528],[-46.738836,-23.567536]]]}},{"type":"Feature","properties":{"id":"way/403996464","inst":"way/34381227","kind":"yes","h":3.1,"mh":0,"acc":"u","src":"osm"},"geometry":{"type":"Polygon","coordinates":[[[-46.738509,-23.567551],[-46.738481,-23.567503],[-46.738602,-23.567443],[-46.738631,-23.567491],[-46.738509,-23.567551]]]}},{"type":"Feature","properties":{"id":"way/403996465","inst":"way/34381227","kind":"roof","h":3,"mh":2.4,"acc":"u","src":"osm"},"geometry":{"type":"Polygon","coordinates":[[[-46.738453,-23.566819],[-46.73886,-23.566619],[-46.738875,-23.566644],[-46.73889,-23.56667],[-46.738483,-23.56687],[-46.738468,-23.566845],[-46.738453,-23.566819]]]}},{"type":"Feature","properties":{"id":"way/403996466","inst":"way/34381227","kind":"yes","h":14.8,"mh":0,"acc":"u","src":"osm"},"geometry":{"type":"Polygon","coordinates":[[[-46.739715,-23.567792],[-46.739729,-23.567816],[-46.739657,-23.567852],[-46.739644,-23.567829],[-46.739715,-23.567792]]]}},{"type":"Feature","properties":{"id":"way/403996467","inst":"way/34381227","kind":"yes","h":3,"mh":0,"acc":"u","src":"osm"},"geometry":{"type":"Polygon","coordinates":[[[-46.73977,-23.567453],[-46.7398,-23.567506],[-46.739724,-23.567543],[-46.739694,-23.567491],[-46.73977,-23.567453]]]}},{"type":"Feature","properties":{"id":"way/403996468","inst":"way/34381227","kind":"yes","h":3.6,"mh":0,"acc":"u","src":"osm"},"geometry":{"type":"Polygon","coordinates":[[[-46.73907,-23.567103],[-46.7391,-23.567152],[-46.739079,-23.567161],[-46.739052,-23.567112],[-46.73907,-23.567103]]]}},{"type":"Feature","properties":{"id":"way/403996469","inst":"way/34381227","kind":"yes","h":3.6,"mh":0,"acc":"u","src":"osm"},"geometry":{"type":"Polygon","coordinates":[[[-46.739377,-23.566465],[-46.739462,-23.566626],[-46.739387,-23.566658],[-46.739305,-23.566496],[-46.739377,-23.566465]]]}},{"type":"Feature","properties":{"id":"way/403996470","inst":"way/34381227","kind":"yes","h":3,"mh":0,"acc":"u","src":"osm"},"geometry":{"type":"Polygon","coordinates":[[[-46.739712,-23.567353],[-46.739745,-23.567409],[-46.739665,-23.567449],[-46.739634,-23.567391],[-46.739712,-23.567353]]]}},{"type":"Feature","properties":{"id":"way/403996471","inst":"way/34381227","kind":"yes","h":3.4,"mh":0,"acc":"u","src":"osm"},"geometry":{"type":"Polygon","coordinates":[[[-46.739832,-23.567608],[-46.73986,-23.567656],[-46.739809,-23.567682],[-46.739781,-23.567634],[-46.739832,-23.567608]]]}},{"type":"Feature","properties":{"id":"way/403996472","inst":"way/34381227","kind":"yes","h":3.1,"mh":0,"acc":"u","src":"osm"},"geometry":{"type":"Polygon","coordinates":[[[-46.739043,-23.567117],[-46.739058,-23.567143],[-46.739001,-23.567171],[-46.738986,-23.567145],[-46.739043,-23.567117]]]}},{"type":"Feature","properties":{"id":"way/403996473","inst":"way/34381227","kind":"yes","h":3,"mh":0,"acc":"u","src":"osm"},"geometry":{"type":"Polygon","coordinates":[[[-46.739271,-23.566327],[-46.739276,-23.566328],[-46.739303,-23.566372],[-46.739261,-23.566395],[-46.739231,-23.566348],[-46.739271,-23.566327]]]}},{"type":"Feature","properties":{"id":"way/403996474","inst":"way/34381227","kind":"yes","h":7.3,"mh":0,"acc":"u","src":"osm"},"geometry":{"type":"Polygon","coordinates":[[[-46.73944,-23.567748],[-46.739408,-23.567764],[-46.739308,-23.567591],[-46.73944,-23.567525],[-46.739627,-23.567433],[-46.739707,-23.567569],[-46.739419,-23.567712],[-46.73944,-23.567748]]]}},{"type":"Feature","properties":{"id":"way/403996475","inst":"way/34381227","kind":"yes","h":3.5,"mh":0,"acc":"u","src":"osm"},"geometry":{"type":"Polygon","coordinates":[[[-46.738416,-23.567795],[-46.738458,-23.567867],[-46.738419,-23.567887],[-46.738411,-23.567873],[-46.738371,-23.567862],[-46.738239,-23.567928],[-46.738218,-23.567893],[-46.738416,-23.567795]]]}},{"type":"Feature","properties":{"id":"way/403996476","inst":"way/34381227","kind":"yes","h":3.1,"mh":0,"acc":"u","src":"osm"},"geometry":{"type":"Polygon","coordinates":[[[-46.738934,-23.566912],[-46.739001,-23.566879],[-46.738964,-23.566815],[-46.739023,-23.566786],[-46.739058,-23.566847],[-46.739028,-23.566861],[-46.739062,-23.566921],[-46.738966,-23.566968],[-46.738934,-23.566912]]]}},{"type":"Feature","properties":{"id":"way/404827729","kind":"yes","h":3.2,"mh":0,"acc":"u","src":"osm"},"geometry":{"type":"Polygon","coordinates":[[[-46.735236,-23.571617],[-46.735255,-23.571624],[-46.735243,-23.57165],[-46.735222,-23.571642],[-46.735232,-23.571621],[-46.735234,-23.571621],[-46.735236,-23.571617]]]}},{"type":"Feature","properties":{"id":"way/404827730","kind":"yes","h":3,"mh":0,"acc":"u","src":"osm"},"geometry":{"type":"Polygon","coordinates":[[[-46.735265,-23.57163],[-46.73528,-23.571636],[-46.735278,-23.57164],[-46.735297,-23.571648],[-46.735282,-23.571678],[-46.735248,-23.571664],[-46.735265,-23.57163]]]}},{"type":"Feature","properties":{"id":"way/405709345","kind":"guardhouse","h":3.1,"mh":0,"acc":"u","src":"osm"},"geometry":{"type":"Polygon","coordinates":[[[-46.730653,-23.569199],[-46.730636,-23.569191],[-46.730656,-23.56916],[-46.730672,-23.569169],[-46.730653,-23.569199]]]}},{"type":"Feature","properties":{"id":"way/405718052","inst":"way/74924310","kind":"yes","h":10.2,"mh":0,"acc":"u","src":"osm"},"geometry":{"type":"Polygon","coordinates":[[[-46.728412,-23.568148],[-46.728462,-23.568157],[-46.728499,-23.568179],[-46.728525,-23.568211],[-46.728538,-23.568257],[-46.72853,-23.568304],[-46.728501,-23.568343],[-46.728458,-23.568368],[-46.728415,-23.568375],[-46.728371,-23.568368],[-46.728328,-23.568343],[-46.728303,-23.568309],[-46.728292,-23.568263],[-46.728302,-23.568217],[-46.728326,-23.568183],[-46.728362,-23.56816],[-46.728412,-23.568148]]]}},{"type":"Feature","properties":{"id":"way/405718075","kind":"yes","h":3.1,"mh":0,"acc":"u","src":"osm"},"geometry":{"type":"Polygon","coordinates":[[[-46.729776,-23.568846],[-46.729814,-23.568866],[-46.729797,-23.568893],[-46.729759,-23.568873],[-46.729776,-23.568846]]]}},{"type":"Feature","properties":{"id":"way/405718079","inst":"way/74924310","kind":"yes","h":3,"mh":0,"acc":"u","src":"osm"},"geometry":{"type":"Polygon","coordinates":[[[-46.728321,-23.568443],[-46.728323,-23.568464],[-46.728283,-23.568467],[-46.728282,-23.568445],[-46.728321,-23.568443]]]}},{"type":"Feature","properties":{"id":"way/405740770","kind":"yes","h":5.5,"mh":0,"acc":"u","src":"osm"},"geometry":{"type":"Polygon","coordinates":[[[-46.740419,-23.565883],[-46.740439,-23.565914],[-46.740453,-23.565906],[-46.740507,-23.565993],[-46.740379,-23.56606],[-46.740386,-23.566071],[-46.740338,-23.566096],[-46.740283,-23.565999],[-46.74026,-23.566011],[-46.740239,-23.565978],[-46.740419,-23.565883]]]}},{"type":"Feature","properties":{"id":"way/405740771","inst":"way/158788584","kind":"yes","h":5.8,"mh":0,"acc":"u","src":"osm"},"geometry":{"type":"Polygon","coordinates":[[[-46.741191,-23.56485],[-46.741185,-23.564853],[-46.74116,-23.564813],[-46.741205,-23.56479],[-46.741113,-23.564642],[-46.741221,-23.564585],[-46.741287,-23.564689],[-46.741349,-23.564789],[-46.741317,-23.564806],[-46.741243,-23.564846],[-46.741232,-23.564828],[-46.741191,-23.56485]]]}},{"type":"Feature","properties":{"id":"way/405740773","inst":"way/158788584","kind":"yes","h":26.4,"mh":0,"acc":"u","src":"osm"},"geometry":{"type":"Polygon","coordinates":[[[-46.740519,-23.564659],[-46.740685,-23.564569],[-46.740697,-23.56457],[-46.740809,-23.564749],[-46.740607,-23.564856],[-46.740692,-23.564992],[-46.740727,-23.565048],[-46.740783,-23.565019],[-46.74093,-23.564941],[-46.741045,-23.565124],[-46.740953,-23.565174],[-46.740533,-23.565396],[-46.74042,-23.565215],[-46.740624,-23.565107],[-46.740552,-23.564993],[-46.740502,-23.564912],[-46.740299,-23.56502],[-46.740186,-23.56484],[-46.740341,-23.564756],[-46.740431,-23.564707],[-46.740519,-23.564659]]]}},{"type":"Feature","properties":{"id":"way/405740774","kind":"yes","h":3.1,"mh":0,"acc":"u","src":"osm"},"geometry":{"type":"Polygon","coordinates":[[[-46.740092,-23.565697],[-46.740122,-23.565731],[-46.740018,-23.565807],[-46.739989,-23.565773],[-46.740092,-23.565697]]]}},{"type":"Feature","properties":{"id":"way/405740775","kind":"yes","h":4.4,"mh":0,"acc":"u","src":"osm"},"geometry":{"type":"Polygon","coordinates":[[[-46.740851,-23.565773],[-46.740874,-23.56581],[-46.740827,-23.565835],[-46.740804,-23.565798],[-46.740851,-23.565773]]]}},{"type":"Feature","properties":{"id":"way/405740776","kind":"yes","h":3,"mh":0,"acc":"u","src":"osm"},"geometry":{"type":"Polygon","coordinates":[[[-46.740727,-23.565838],[-46.740751,-23.565876],[-46.740659,-23.565925],[-46.740635,-23.565887],[-46.740727,-23.565838]]]}},{"type":"Feature","properties":{"id":"way/405740777","kind":"yes","h":4.1,"mh":0,"acc":"u","src":"osm"},"geometry":{"type":"Polygon","coordinates":[[[-46.740034,-23.565295],[-46.740052,-23.565324],[-46.740009,-23.565347],[-46.739991,-23.565318],[-46.740034,-23.565295]]]}},{"type":"Feature","properties":{"id":"way/405740778","kind":"yes","h":5.5,"mh":0,"acc":"u","src":"osm"},"geometry":{"type":"Polygon","coordinates":[[[-46.739787,-23.565635],[-46.739793,-23.565644],[-46.739613,-23.56574],[-46.739607,-23.56573],[-46.739787,-23.565635]]]}},{"type":"Feature","properties":{"id":"way/405740779","kind":"yes","h":6.7,"mh":0,"acc":"u","src":"osm"},"geometry":{"type":"Polygon","coordinates":[[[-46.739227,-23.566027],[-46.739188,-23.565965],[-46.739274,-23.56592],[-46.739313,-23.565981],[-46.739227,-23.566027]]]}},{"type":"Feature","properties":{"id":"way/405740780","kind":"yes","h":3.1,"mh":0,"acc":"u","src":"osm"},"geometry":{"type":"Polygon","coordinates":[[[-46.741315,-23.565568],[-46.741342,-23.565581],[-46.741325,-23.565608],[-46.7413,-23.565596],[-46.741315,-23.565568]]]}},{"type":"Feature","properties":{"id":"way/405740781","kind":"yes","h":4.7,"mh":0,"acc":"u","src":"osm"},"geometry":{"type":"Polygon","coordinates":[[[-46.74061,-23.56589],[-46.740641,-23.56594],[-46.740599,-23.565962],[-46.740568,-23.565912],[-46.74061,-23.56589]]]}},{"type":"Feature","properties":{"id":"way/405740782","kind":"yes","h":3.1,"mh":0,"acc":"u","src":"osm"},"geometry":{"type":"Polygon","coordinates":[[[-46.739837,-23.565867],[-46.73986,-23.565903],[-46.739795,-23.565938],[-46.739773,-23.565902],[-46.739837,-23.565867]]]}},{"type":"Feature","properties":{"id":"way/405740783","inst":"way/158788584","kind":"yes","h":3.1,"mh":0,"acc":"u","src":"osm"},"geometry":{"type":"Polygon","coordinates":[[[-46.740082,-23.565257],[-46.740112,-23.565305],[-46.740088,-23.565318],[-46.740058,-23.565269],[-46.740082,-23.565257]]]}},{"type":"Feature","properties":{"id":"way/405740784","inst":"way/158788584","kind":"yes","h":3.2,"mh":0,"acc":"u","src":"osm"},"geometry":{"type":"Polygon","coordinates":[[[-46.740123,-23.565323],[-46.740208,-23.565458],[-46.740185,-23.56547],[-46.7401,-23.565335],[-46.740123,-23.565323]]]}},{"type":"Feature","properties":{"id":"way/405740785","inst":"way/158788584","kind":"yes","h":6,"mh":0,"acc":"u","src":"osm"},"geometry":{"type":"Polygon","coordinates":[[[-46.740711,-23.565426],[-46.740761,-23.565506],[-46.740684,-23.565547],[-46.740635,-23.565467],[-46.740711,-23.565426]]]}},{"type":"Feature","properties":{"id":"way/405740786","kind":"yes","h":3.7,"mh":0,"acc":"u","src":"osm"},"geometry":{"type":"Polygon","coordinates":[[[-46.739617,-23.56591],[-46.739639,-23.565945],[-46.739595,-23.565969],[-46.739573,-23.565933],[-46.739617,-23.56591]]]}},{"type":"Feature","properties":{"id":"way/405740787","kind":"yes","h":7.1,"mh":0,"acc":"u","src":"osm"},"geometry":{"type":"Polygon","coordinates":[[[-46.739541,-23.56576],[-46.739512,-23.565775],[-46.739495,-23.565748],[-46.739524,-23.565733],[-46.739541,-23.56576]]]}},{"type":"Feature","properties":{"id":"way/405740788","inst":"way/158788584","kind":"yes","h":6,"mh":0,"acc":"u","src":"osm"},"geometry":{"type":"Polygon","coordinates":[[[-46.740411,-23.565049],[-46.740346,-23.565084],[-46.740323,-23.565048],[-46.740389,-23.565013],[-46.740411,-23.565049]]]}},{"type":"Feature","properties":{"id":"way/405740789","kind":"yes","h":3.5,"mh":0,"acc":"u","src":"osm"},"geometry":{"type":"Polygon","coordinates":[[[-46.741255,-23.565664],[-46.741289,-23.56568],[-46.741252,-23.565743],[-46.741217,-23.565725],[-46.741255,-23.565664]]]}},{"type":"Feature","properties":{"id":"way/405740790","kind":"yes","h":6.6,"mh":0,"acc":"u","src":"osm"},"geometry":{"type":"Polygon","coordinates":[[[-46.739427,-23.565838],[-46.739422,-23.565831],[-46.739545,-23.565766],[-46.739549,-23.565773],[-46.739427,-23.565838]]]}},{"type":"Feature","properties":{"id":"way/405740791","kind":"yes","h":3,"mh":0,"acc":"u","src":"osm"},"geometry":{"type":"Polygon","coordinates":[[[-46.740224,-23.566013],[-46.740296,-23.566072],[-46.740067,-23.566367],[-46.739992,-23.566311],[-46.740224,-23.566013]]]}},{"type":"Feature","properties":{"id":"way/405740792","kind":"yes","h":4.3,"mh":0,"acc":"u","src":"osm"},"geometry":{"type":"Polygon","coordinates":[[[-46.740792,-23.565804],[-46.740815,-23.565841],[-46.740768,-23.565866],[-46.740745,-23.565829],[-46.740792,-23.565804]]]}},{"type":"Feature","properties":{"id":"way/405740793","inst":"way/158788584","kind":"yes","h":3.1,"mh":0,"acc":"u","src":"osm"},"geometry":{"type":"Polygon","coordinates":[[[-46.740036,-23.565183],[-46.73999,-23.565208],[-46.739943,-23.565132],[-46.739989,-23.565108],[-46.740036,-23.565183]]]}},{"type":"Feature","properties":{"id":"way/405740795","kind":"yes","h":3.1,"mh":0,"acc":"u","src":"osm"},"geometry":{"type":"Polygon","coordinates":[[[-46.740724,-23.566554],[-46.74072,-23.566524],[-46.740773,-23.566518],[-46.740776,-23.566543],[-46.740776,-23.566548],[-46.740724,-23.566554]]]}},{"type":"Feature","properties":{"id":"way/405740797","inst":"way/158788584","kind":"yes","h":12.8,"mh":0,"acc":"u","src":"osm"},"geometry":{"type":"Polygon","coordinates":[[[-46.740823,-23.564864],[-46.740784,-23.564885],[-46.740767,-23.564857],[-46.740809,-23.564835],[-46.740826,-23.564862],[-46.740823,-23.564864]]]}},{"type":"Feature","properties":{"id":"way/405740798","kind":"yes","h":3,"mh":0,"acc":"u","src":"osm"},"geometry":{"type":"Polygon","coordinates":[[[-46.73938,-23.56622],[-46.739439,-23.566315],[-46.739376,-23.566349],[-46.739343,-23.566295],[-46.739353,-23.566289],[-46.739327,-23.566248],[-46.73938,-23.56622]]]}},{"type":"Feature","properties":{"id":"way/405740799","inst":"way/158788584","kind":"yes","h":7.9,"mh":0,"acc":"u","src":"osm"},"geometry":{"type":"Polygon","coordinates":[[[-46.741255,-23.565284],[-46.741275,-23.565273],[-46.741302,-23.565316],[-46.741246,-23.565346],[-46.741229,-23.565318],[-46.741264,-23.5653],[-46.741255,-23.565284]]]}},{"type":"Feature","properties":{"id":"way/405740800","kind":"yes","h":4.1,"mh":0,"acc":"u","src":"osm"},"geometry":{"type":"Polygon","coordinates":[[[-46.739205,-23.56573],[-46.739158,-23.565655],[-46.73919,-23.565638],[-46.739343,-23.565883],[-46.739323,-23.565894],[-46.739216,-23.565724],[-46.739205,-23.56573]]]}},{"type":"Feature","properties":{"id":"way/405740801","inst":"way/158788584","kind":"yes","h":8.5,"mh":0,"acc":"u","src":"osm"},"geometry":{"type":"Polygon","coordinates":[[[-46.740663,-23.565598],[-46.740683,-23.565588],[-46.740694,-23.565606],[-46.74073,-23.565586],[-46.740747,-23.565613],[-46.740691,-23.565643],[-46.740663,-23.565598]]]}},{"type":"Feature","properties":{"id":"way/405740802","kind":"yes","h":12.1,"mh":0,"acc":"u","src":"osm"},"geometry":{"type":"Polygon","coordinates":[[[-46.739227,-23.566027],[-46.739313,-23.565981],[-46.739363,-23.565954],[-46.739471,-23.566126],[-46.739324,-23.566204],[-46.739217,-23.566032],[-46.739227,-23.566027]]]}},{"type":"Feature","properties":{"id":"way/405740803","kind":"yes","h":3.2,"mh":0,"acc":"u","src":"osm"},"geometry":{"type":"Polygon","coordinates":[[[-46.740122,-23.565627],[-46.740092,-23.565578],[-46.740154,-23.56554],[-46.74022,-23.565645],[-46.740179,-23.565668],[-46.740144,-23.565613],[-46.740122,-23.565627]]]}},{"type":"Feature","properties":{"id":"way/405740804","inst":"way/158788584","kind":"yes","h":4.6,"mh":0,"acc":"u","src":"osm"},"geometry":{"type":"Polygon","coordinates":[[[-46.740554,-23.565656],[-46.74059,-23.565637],[-46.740605,-23.565662],[-46.740614,-23.565676],[-46.740543,-23.565714],[-46.740519,-23.565675],[-46.740554,-23.565656]]]}},{"type":"Feature","properties":{"id":"way/405740805","kind":"yes","h":4.1,"mh":0,"acc":"u","src":"osm"},"geometry":{"type":"Polygon","coordinates":[[[-46.740185,-23.56547],[-46.740208,-23.565458],[-46.740221,-23.56548],[-46.740124,-23.565532],[-46.740082,-23.565465],[-46.740107,-23.565452],[-46.740135,-23.565497],[-46.740185,-23.56547]]]}},{"type":"Feature","properties":{"id":"way/405740806","kind":"yes","h":4.5,"mh":0,"acc":"u","src":"osm"},"geometry":{"type":"Polygon","coordinates":[[[-46.739924,-23.565809],[-46.739937,-23.56583],[-46.739957,-23.565819],[-46.739969,-23.565838],[-46.739949,-23.565849],[-46.739953,-23.565855],[-46.739873,-23.565897],[-46.739844,-23.565851],[-46.739924,-23.565809]]]}},{"type":"Feature","properties":{"id":"way/405740807","inst":"way/158788584","kind":"yes","h":7.7,"mh":0,"acc":"u","src":"osm"},"geometry":{"type":"Polygon","coordinates":[[[-46.740887,-23.565479],[-46.740905,-23.56547],[-46.740915,-23.565485],[-46.740951,-23.565466],[-46.740955,-23.565471],[-46.740968,-23.565493],[-46.740927,-23.565515],[-46.740914,-23.565522],[-46.740887,-23.565479]]]}},{"type":"Feature","properties":{"id":"way/405740808","inst":"way/158788584","kind":"yes","h":10.4,"mh":0,"acc":"u","src":"osm"},"geometry":{"type":"Polygon","coordinates":[[[-46.740823,-23.564864],[-46.740848,-23.564903],[-46.74077,-23.564945],[-46.740745,-23.564905],[-46.740784,-23.564885],[-46.740767,-23.564857],[-46.740809,-23.564835],[-46.740826,-23.564862],[-46.740823,-23.564864]]]}},{"type":"Feature","properties":{"id":"way/405740809","kind":"yes","h":5.1,"mh":0,"acc":"u","src":"osm"},"geometry":{"type":"Polygon","coordinates":[[[-46.739639,-23.565898],[-46.739566,-23.56578],[-46.739609,-23.565757],[-46.739682,-23.565873],[-46.739719,-23.565853],[-46.739742,-23.565891],[-46.739702,-23.565912],[-46.739682,-23.565878],[-46.739641,-23.5659],[-46.739639,-23.565898]]]}},{"type":"Feature","properties":{"id":"way/416549753","kind":"yes","h":42.3,"mh":38.3,"acc":"u","src":"osm"},"geometry":{"type":"Polygon","coordinates":[[[-46.725936,-23.558941],[-46.725862,-23.558976],[-46.725786,-23.558838],[-46.725815,-23.558824],[-46.725708,-23.558633],[-46.725666,-23.558652],[-46.725617,-23.558564],[-46.725704,-23.558523],[-46.725936,-23.558941]]]}},{"type":"Feature","properties":{"id":"way/419356118","name":"Guarita","inst":"way/34380707","kind":"yes","h":6,"mh":0,"acc":"u","src":"osm"},"geometry":{"type":"Polygon","coordinates":[[[-46.723355,-23.564178],[-46.723365,-23.564197],[-46.723342,-23.564208],[-46.723332,-23.564189],[-46.723355,-23.564178]]]}},{"type":"Feature","properties":{"id":"way/419356125","inst":"way/158966875","kind":"yes","h":6,"mh":0,"acc":"u","src":"osm"},"geometry":{"type":"Polygon","coordinates":[[[-46.725628,-23.562679],[-46.725659,-23.562732],[-46.72559,-23.562766],[-46.725559,-23.562714],[-46.725628,-23.562679]]]}},{"type":"Feature","properties":{"id":"way/419356535","name":"Guarita","kind":"yes","h":6,"mh":0,"acc":"u","src":"osm"},"geometry":{"type":"Polygon","coordinates":[[[-46.740491,-23.566957],[-46.740484,-23.566966],[-46.740477,-23.566961],[-46.740483,-23.566953],[-46.740491,-23.566957]]]}},{"type":"Feature","properties":{"id":"way/419956329","kind":"yes","h":6,"mh":0,"acc":"u","src":"osm"},"geometry":{"type":"Polygon","coordinates":[[[-46.731298,-23.562047],[-46.731438,-23.562396],[-46.731229,-23.562466],[-46.731089,-23.562117],[-46.731298,-23.562047]]]}},{"type":"Feature","properties":{"id":"way/419956330","name":"Restaurante do Viveiro","kind":"yes","h":6,"mh":0,"acc":"u","src":"osm"},"geometry":{"type":"Polygon","coordinates":[[[-46.732139,-23.562355],[-46.732078,-23.562413],[-46.732045,-23.562383],[-46.731869,-23.562551],[-46.731775,-23.562469],[-46.732011,-23.562243],[-46.732139,-23.562355]]]}},{"type":"Feature","properties":{"id":"way/419956331","kind":"yes","h":6,"mh":0,"acc":"u","src":"osm"},"geometry":{"type":"Polygon","coordinates":[[[-46.732601,-23.565057],[-46.732522,-23.565141],[-46.732371,-23.565021],[-46.73245,-23.564937],[-46.732601,-23.565057]]]}},{"type":"Feature","properties":{"id":"way/419962317","kind":"university","h":6,"mh":0,"acc":"u","src":"osm"},"geometry":{"type":"Polygon","coordinates":[[[-46.729793,-23.563174],[-46.729768,-23.563139],[-46.729845,-23.563093],[-46.729869,-23.563127],[-46.729793,-23.563174]]]}},{"type":"Feature","properties":{"id":"way/419977084","inst":"way/154079145","kind":"construction","h":6,"mh":0,"acc":"u","src":"osm"},"geometry":{"type":"Polygon","coordinates":[[[-46.732281,-23.558524],[-46.73244,-23.55851],[-46.732493,-23.559024],[-46.732334,-23.559038],[-46.732281,-23.558524]]]}},{"type":"Feature","properties":{"id":"way/419981490","name":"Conselho Universitario","sn":"CO","kind":"yes","h":6,"mh":0,"acc":"u","src":"osm"},"geometry":{"type":"Polygon","coordinates":[[[-46.726294,-23.558866],[-46.726114,-23.558954],[-46.726043,-23.558832],[-46.726024,-23.558799],[-46.725999,-23.558757],[-46.725984,-23.55873],[-46.725978,-23.55872],[-46.725961,-23.55869],[-46.725875,-23.558542],[-46.726056,-23.558454],[-46.726164,-23.558641],[-46.72618,-23.558669],[-46.726294,-23.558866]]]}},{"type":"Feature","properties":{"id":"way/422113233","name":"Bloco B","inst":"way/34382548","kind":"university","h":6,"mh":0,"acc":"u","src":"osm"},"geometry":{"type":"Polygon","coordinates":[[[-46.725228,-23.555383],[-46.725022,-23.555481],[-46.724982,-23.55541],[-46.724976,-23.555413],[-46.724943,-23.555508],[-46.724934,-23.555513],[-46.724832,-23.555482],[-46.724827,-23.555484],[-46.724868,-23.555556],[-46.724661,-23.555655],[-46.724574,-23.555502],[-46.72478,-23.555403],[-46.72481,-23.555456],[-46.724821,-23.555475],[-46.724826,-23.555473],[-46.724841,-23.55543],[-46.724831,-23.555414],[-46.724849,-23.555405],[-46.724858,-23.555378],[-46.724868,-23.555374],[-46.724938,-23.555394],[-46.72497,-23.555403],[-46.724976,-23.5554],[-46.724936,-23.555329],[-46.725142,-23.555231],[-46.725228,-23.555383]]]}},{"type":"Feature","properties":{"id":"way/422113234","inst":"way/153922309","kind":"yes","h":3.6,"mh":0,"acc":"u","src":"osm"},"geometry":{"type":"Polygon","coordinates":[[[-46.72496,-23.55684],[-46.72501,-23.556928],[-46.724838,-23.557012],[-46.72479,-23.556926],[-46.72496,-23.55684]]]}},{"type":"Feature","properties":{"id":"way/422113275","inst":"way/34382548","kind":"roof","h":4,"mh":3.4,"acc":"u","src":"osm"},"geometry":{"type":"Polygon","coordinates":[[[-46.724527,-23.555502],[-46.724563,-23.555564],[-46.724785,-23.555952],[-46.724913,-23.556175],[-46.725197,-23.556671],[-46.725215,-23.556702],[-46.725188,-23.556714],[-46.725161,-23.556727],[-46.72504,-23.556516],[-46.724746,-23.556001],[-46.72461,-23.555765],[-46.724474,-23.555527],[-46.7245,-23.555515],[-46.724527,-23.555502]]]}},{"type":"Feature","properties":{"id":"way/422115315","inst":"way/158966873","kind":"university","h":6.6,"mh":0,"acc":"u","src":"osm"},"geometry":{"type":"Polygon","coordinates":[[[-46.726098,-23.554468],[-46.726332,-23.554879],[-46.726314,-23.554889],[-46.726321,-23.554904],[-46.726299,-23.554916],[-46.726066,-23.554511],[-46.725711,-23.554684],[-46.725699,-23.554663],[-46.725651,-23.554584],[-46.725998,-23.554414],[-46.726,-23.554417],[-46.727385,-23.553738],[-46.727444,-23.55384],[-46.726746,-23.554178],[-46.726948,-23.554545],[-46.726916,-23.554562],[-46.726695,-23.554176],[-46.726098,-23.554468]]]}},{"type":"Feature","properties":{"id":"way/422115316","inst":"way/158966873","kind":"yes","h":3,"mh":0,"acc":"u","src":"osm"},"geometry":{"type":"Polygon","coordinates":[[[-46.72648,-23.555504],[-46.726499,-23.555517],[-46.726482,-23.555538],[-46.726464,-23.555525],[-46.72648,-23.555504]]]}},{"type":"Feature","properties":{"id":"way/422115317","kind":"yes","h":4.3,"mh":0,"acc":"u","src":"osm"},"geometry":{"type":"Polygon","coordinates":[[[-46.7281,-23.555187],[-46.728189,-23.555352],[-46.728097,-23.555394],[-46.728047,-23.5553],[-46.728008,-23.555229],[-46.7281,-23.555187]]]}},{"type":"Feature","properties":{"id":"way/422115318","inst":"way/158966873","kind":"yes","h":3.2,"mh":0,"acc":"u","src":"osm"},"geometry":{"type":"Polygon","coordinates":[[[-46.726417,-23.55554],[-46.726435,-23.55554],[-46.726434,-23.555558],[-46.726417,-23.555557],[-46.726417,-23.55554]]]}},{"type":"Feature","properties":{"id":"way/422115319","inst":"way/158966873","kind":"yes","h":3,"mh":0,"acc":"u","src":"osm"},"geometry":{"type":"Polygon","coordinates":[[[-46.725754,-23.55492],[-46.725859,-23.555105],[-46.725792,-23.555137],[-46.725687,-23.554952],[-46.725754,-23.55492]]]}},{"type":"Feature","properties":{"id":"way/422115359","inst":"way/158966873","kind":"yes","h":6,"mh":0,"acc":"u","src":"osm"},"geometry":{"type":"Polygon","coordinates":[[[-46.727323,-23.555276],[-46.727234,-23.555128],[-46.727581,-23.554951],[-46.72767,-23.555099],[-46.727323,-23.555276]]]}},{"type":"Feature","properties":{"id":"way/422116577","inst":"way/158966873","kind":"yes","h":6.9,"mh":0,"acc":"u","src":"osm"},"geometry":{"type":"Polygon","coordinates":[[[-46.728409,-23.553658],[-46.728469,-23.55376],[-46.728425,-23.553782],[-46.728365,-23.55368],[-46.728409,-23.553658]]]}},{"type":"Feature","properties":{"id":"way/422118183","inst":"way/158966873","kind":"yes","h":4,"mh":0,"acc":"u","src":"osm"},"geometry":{"type":"Polygon","coordinates":[[[-46.731157,-23.554219],[-46.731177,-23.554252],[-46.731104,-23.554289],[-46.731084,-23.554256],[-46.731157,-23.554219]]]}},{"type":"Feature","properties":{"id":"way/422118185","inst":"way/158966873","kind":"university","h":24.3,"mh":0,"acc":"u","src":"osm"},"geometry":{"type":"Polygon","coordinates":[[[-46.731196,-23.554368],[-46.731213,-23.554398],[-46.731177,-23.554414],[-46.731154,-23.554373],[-46.731145,-23.554357],[-46.73118,-23.55434],[-46.731196,-23.554368]]]}},{"type":"Feature","properties":{"id":"way/422118187","inst":"way/158966873","kind":"yes","h":5.3,"mh":0,"acc":"u","src":"osm"},"geometry":{"type":"Polygon","coordinates":[[[-46.731145,-23.554357],[-46.731134,-23.554362],[-46.731123,-23.554343],[-46.731177,-23.554317],[-46.731188,-23.554336],[-46.731227,-23.554317],[-46.731243,-23.554344],[-46.731196,-23.554368],[-46.73118,-23.55434],[-46.731145,-23.554357]]]}},{"type":"Feature","properties":{"id":"way/422118699","inst":"way/158966873","kind":"university","h":4,"mh":0,"acc":"u","src":"osm"},"geometry":{"type":"Polygon","coordinates":[[[-46.732333,-23.556783],[-46.732328,-23.556776],[-46.732567,-23.556656],[-46.732574,-23.556666],[-46.732333,-23.556783]]]}},{"type":"Feature","properties":{"id":"way/422118700","inst":"way/158966873","kind":"university","h":4.8,"mh":0,"acc":"u","src":"osm"},"geometry":{"type":"Polygon","coordinates":[[[-46.732313,-23.556673],[-46.732353,-23.556741],[-46.7322,-23.556816],[-46.73216,-23.556749],[-46.732313,-23.556673]]]}},{"type":"Feature","properties":{"id":"way/422119388","inst":"way/158966873","kind":"university","h":11.8,"mh":0,"acc":"u","src":"osm"},"geometry":{"type":"Polygon","coordinates":[[[-46.731841,-23.556866],[-46.731683,-23.556943],[-46.731633,-23.556856],[-46.73179,-23.556779],[-46.731841,-23.556866]]]}},{"type":"Feature","properties":{"id":"way/422119563","name":"Bloco K","kind":"university","h":23,"mh":0,"acc":"u","src":"osm"},"geometry":{"type":"Polygon","coordinates":[[[-46.722182,-23.560955],[-46.722148,-23.560894],[-46.722187,-23.560875],[-46.722782,-23.560584],[-46.722822,-23.560653],[-46.722617,-23.560753],[-46.722296,-23.560909],[-46.722324,-23.560956],[-46.722267,-23.560983],[-46.722239,-23.560936],[-46.722186,-23.560962],[-46.722182,-23.560955]]]}},{"type":"Feature","properties":{"id":"way/422119564","kind":"yes","h":3.4,"mh":0,"acc":"u","src":"osm"},"geometry":{"type":"Polygon","coordinates":[[[-46.722847,-23.560699],[-46.72288,-23.560757],[-46.722859,-23.560766],[-46.722972,-23.560962],[-46.722905,-23.560997],[-46.722934,-23.561048],[-46.722864,-23.561083],[-46.722722,-23.560836],[-46.72276,-23.560817],[-46.722726,-23.560756],[-46.722758,-23.560741],[-46.722781,-23.560782],[-46.72281,-23.560768],[-46.722787,-23.560728],[-46.722847,-23.560699]]]}},{"type":"Feature","properties":{"id":"way/422119565","name":"Bloco L","kind":"university","h":23,"mh":0,"acc":"u","src":"osm"},"geometry":{"type":"Polygon","coordinates":[[[-46.722332,-23.561335],[-46.722312,-23.5613],[-46.721787,-23.561557],[-46.721775,-23.561535],[-46.721749,-23.561489],[-46.721951,-23.56139],[-46.722023,-23.561354],[-46.722213,-23.561261],[-46.722284,-23.561226],[-46.722332,-23.561202],[-46.722376,-23.561181],[-46.722383,-23.561177],[-46.722423,-23.561246],[-46.72237,-23.561272],[-46.722398,-23.561321],[-46.722339,-23.561349],[-46.722332,-23.561335]]]}},{"type":"Feature","properties":{"id":"way/422125831","inst":"way/158966873","kind":"yes","h":5.9,"mh":0,"acc":"u","src":"osm"},"geometry":{"type":"Polygon","coordinates":[[[-46.729436,-23.556716],[-46.729449,-23.556744],[-46.729388,-23.556808],[-46.729377,-23.556863],[-46.72935,-23.556878],[-46.729367,-23.55691],[-46.729317,-23.556938],[-46.7293,-23.556899],[-46.729292,-23.556903],[-46.729248,-23.556819],[-46.729364,-23.556766],[-46.729436,-23.556716]]]}},{"type":"Feature","properties":{"id":"way/422125832","inst":"way/158966873","kind":"university","h":3.4,"mh":0,"acc":"u","src":"osm"},"geometry":{"type":"Polygon","coordinates":[[[-46.729976,-23.557837],[-46.730021,-23.557917],[-46.730014,-23.55792],[-46.730019,-23.557929],[-46.730011,-23.557933],[-46.730031,-23.557967],[-46.729851,-23.558055],[-46.729861,-23.558072],[-46.729713,-23.558144],[-46.72967,-23.558069],[-46.729636,-23.55801],[-46.729681,-23.557988],[-46.729625,-23.557889],[-46.72972,-23.557843],[-46.729773,-23.557936],[-46.729976,-23.557837]]]}},{"type":"Feature","properties":{"id":"way/422125833","inst":"way/158966873","kind":"yes","h":4.2,"mh":0,"acc":"u","src":"osm"},"geometry":{"type":"Polygon","coordinates":[[[-46.729683,-23.557089],[-46.729696,-23.557108],[-46.7298,-23.557057],[-46.729813,-23.557079],[-46.729462,-23.557248],[-46.729312,-23.556989],[-46.729113,-23.556785],[-46.729075,-23.556804],[-46.729,-23.556672],[-46.729502,-23.556429],[-46.729577,-23.556561],[-46.729135,-23.556774],[-46.72934,-23.556979],[-46.729473,-23.557218],[-46.729497,-23.557206],[-46.729478,-23.557172],[-46.729575,-23.557126],[-46.729582,-23.557138],[-46.729683,-23.557089]]]}},{"type":"Feature","properties":{"id":"way/422125834","inst":"way/158966873","kind":"yes","h":3.5,"mh":0,"acc":"u","src":"osm"},"geometry":{"type":"Polygon","coordinates":[[[-46.730108,-23.557894],[-46.730116,-23.557894],[-46.730125,-23.557898],[-46.730131,-23.557903],[-46.730135,-23.557911],[-46.730136,-23.557917],[-46.730136,-23.557923],[-46.730134,-23.55793],[-46.73013,-23.557936],[-46.730124,-23.557941],[-46.730086,-23.557956],[-46.730076,-23.557957],[-46.730066,-23.557955],[-46.730059,-23.557952],[-46.730052,-23.557945],[-46.730049,-23.557936],[-46.73005,-23.557926],[-46.730052,-23.557921],[-46.730058,-23.557913],[-46.730102,-23.557895],[-46.730108,-23.557894]]]}},{"type":"Feature","properties":{"id":"way/422125837","inst":"way/158966873","kind":"yes","h":4,"mh":0,"acc":"u","src":"osm"},"geometry":{"type":"Polygon","coordinates":[[[-46.730079,-23.557787],[-46.730125,-23.557765],[-46.730197,-23.557889],[-46.73015,-23.557912],[-46.730079,-23.557787]]]}},{"type":"Feature","properties":{"id":"way/422125838","inst":"way/158966873","kind":"yes","h":3.8,"mh":0,"acc":"u","src":"osm"},"geometry":{"type":"Polygon","coordinates":[[[-46.729657,-23.557733],[-46.729694,-23.557799],[-46.729601,-23.557844],[-46.729564,-23.557779],[-46.729657,-23.557733]]]}},{"type":"Feature","properties":{"id":"way/422126327","inst":"way/158966874","kind":"roof","h":4,"mh":3.4,"acc":"u","src":"osm"},"geometry":{"type":"Polygon","coordinates":[[[-46.729964,-23.558381],[-46.729952,-23.55836],[-46.73002,-23.558327],[-46.730032,-23.558348],[-46.729964,-23.558381]]]}},{"type":"Feature","properties":{"id":"way/422943955","inst":"way/158966874","kind":"roof","h":4,"mh":3.4,"acc":"u","src":"osm"},"geometry":{"type":"Polygon","coordinates":[[[-46.730032,-23.558348],[-46.73002,-23.558327],[-46.730088,-23.558294],[-46.7301,-23.558315],[-46.730032,-23.558348]]]}},{"type":"Feature","properties":{"id":"way/422952213","kind":"yes","h":3.1,"mh":0,"acc":"u","src":"osm"},"geometry":{"type":"Polygon","coordinates":[[[-46.719888,-23.560195],[-46.719928,-23.560198],[-46.719924,-23.560251],[-46.719883,-23.560248],[-46.719888,-23.560195]]]}},{"type":"Feature","properties":{"id":"way/422952214","kind":"yes","h":3.5,"mh":0,"acc":"u","src":"osm"},"geometry":{"type":"Polygon","coordinates":[[[-46.719557,-23.55956],[-46.71973,-23.559863],[-46.719644,-23.559905],[-46.719465,-23.559603],[-46.719557,-23.55956]]]}},{"type":"Feature","properties":{"id":"way/422952665","name":"Vestiários","kind":"sports_centre","h":3.5,"mh":0,"acc":"u","src":"osm"},"geometry":{"type":"Polygon","coordinates":[[[-46.717674,-23.560844],[-46.717808,-23.560889],[-46.717833,-23.561015],[-46.717726,-23.5611],[-46.717751,-23.561228],[-46.717644,-23.561313],[-46.717511,-23.56127],[-46.717486,-23.561141],[-46.717594,-23.561057],[-46.717565,-23.560926],[-46.717674,-23.560844]]]}},{"type":"Feature","properties":{"id":"way/422952667","kind":"yes","h":4.6,"mh":0,"acc":"u","src":"osm"},"geometry":{"type":"Polygon","coordinates":[[[-46.718695,-23.560697],[-46.718704,-23.560744],[-46.718653,-23.560752],[-46.718645,-23.560706],[-46.718695,-23.560697]]]}},{"type":"Feature","properties":{"id":"way/422952668","name":"Portaria 1","kind":"yes","h":3.1,"mh":0,"acc":"u","src":"osm"},"geometry":{"type":"Polygon","coordinates":[[[-46.717566,-23.561358],[-46.717579,-23.561423],[-46.717381,-23.561456],[-46.717245,-23.561479],[-46.717236,-23.561468],[-46.717232,-23.561444],[-46.717227,-23.561416],[-46.717344,-23.561396],[-46.717566,-23.561358]]]}},{"type":"Feature","properties":{"id":"way/422955860","kind":"sports_centre","h":15.3,"mh":0,"acc":"u","src":"osm"},"geometry":{"type":"Polygon","coordinates":[[[-46.715865,-23.560296],[-46.71573,-23.56032],[-46.715638,-23.559879],[-46.715777,-23.559857],[-46.715851,-23.559845],[-46.715938,-23.560282],[-46.715865,-23.560296]]]}},{"type":"Feature","properties":{"id":"way/422959017","name":"Portaria 2","kind":"yes","h":4,"mh":0,"acc":"u","src":"osm"},"geometry":{"type":"Polygon","coordinates":[[[-46.71582,-23.559325],[-46.715828,-23.55936],[-46.715684,-23.559386],[-46.715676,-23.55935],[-46.715743,-23.559339],[-46.71582,-23.559325]]]}},{"type":"Feature","properties":{"id":"way/422961029","name":"Psicologia Experimental","inst":"way/158966874","kind":"university","h":4.9,"mh":0,"acc":"u","src":"osm"},"geometry":{"type":"Polygon","coordinates":[[[-46.727807,-23.558222],[-46.728085,-23.558704],[-46.728027,-23.558733],[-46.72804,-23.558755],[-46.727997,-23.558776],[-46.727984,-23.558752],[-46.727944,-23.558772],[-46.727908,-23.558708],[-46.72792,-23.558702],[-46.727679,-23.558284],[-46.727743,-23.558253],[-46.727807,-23.558222]]]}},{"type":"Feature","properties":{"id":"way/422962269","name":"Inova USP","kind":"university","h":6,"mh":0,"acc":"u","src":"osm"},"geometry":{"type":"Polygon","coordinates":[[[-46.727917,-23.55753],[-46.727863,-23.557555],[-46.727831,-23.557499],[-46.727885,-23.557474],[-46.727777,-23.557283],[-46.727722,-23.557337],[-46.727765,-23.557373],[-46.727719,-23.557419],[-46.727676,-23.557382],[-46.727571,-23.557487],[-46.727655,-23.55756],[-46.727697,-23.557518],[-46.727745,-23.55756],[-46.727703,-23.557601],[-46.727948,-23.55781],[-46.727847,-23.557909],[-46.72747,-23.557587],[-46.727394,-23.557661],[-46.727294,-23.557577],[-46.727371,-23.557501],[-46.727204,-23.557359],[-46.727305,-23.55726],[-46.727471,-23.557402],[-46.727848,-23.557029],[-46.727891,-23.557065],[-46.727948,-23.557113],[-46.727881,-23.55718],[-46.728027,-23.557438],[-46.728204,-23.557748],[-46.728076,-23.557809],[-46.727917,-23.55753]]]}},{"type":"Feature","properties":{"id":"way/422963941","name":"Centro de Difusão Internacional","kind":"university","h":6,"mh":0,"acc":"u","src":"osm"},"geometry":{"type":"Polygon","coordinates":[[[-46.727798,-23.556802],[-46.727158,-23.557124],[-46.727118,-23.557058],[-46.72707,-23.556978],[-46.727191,-23.556917],[-46.727164,-23.556872],[-46.727043,-23.556933],[-46.727018,-23.55689],[-46.727134,-23.556821],[-46.727103,-23.556778],[-46.726992,-23.556848],[-46.726954,-23.556797],[-46.726887,-23.556708],[-46.726954,-23.556665],[-46.726893,-23.556585],[-46.726943,-23.556554],[-46.726818,-23.556388],[-46.726769,-23.556323],[-46.727064,-23.556135],[-46.727146,-23.556244],[-46.727239,-23.556367],[-46.727282,-23.556339],[-46.727342,-23.556419],[-46.727504,-23.556316],[-46.72761,-23.556456],[-46.727364,-23.556613],[-46.727396,-23.556658],[-46.727406,-23.55667],[-46.727561,-23.556581],[-46.727591,-23.556625],[-46.727439,-23.556712],[-46.727446,-23.556724],[-46.727476,-23.556774],[-46.727711,-23.556656],[-46.727798,-23.556802]]]}},{"type":"Feature","properties":{"id":"way/422965258","inst":"way/153922309","kind":"roof","h":3.8,"mh":3.2,"acc":"u","src":"osm"},"geometry":{"type":"Polygon","coordinates":[[[-46.725926,-23.557553],[-46.725906,-23.557518],[-46.725949,-23.557497],[-46.725984,-23.55748],[-46.726005,-23.557515],[-46.72597,-23.557532],[-46.725926,-23.557553]]]}},{"type":"Feature","properties":{"id":"way/422965259","inst":"way/34382548","kind":"yes","h":3.1,"mh":0,"acc":"u","src":"osm"},"geometry":{"type":"Polygon","coordinates":[[[-46.724607,-23.556536],[-46.724699,-23.556703],[-46.724639,-23.556731],[-46.724547,-23.556564],[-46.724607,-23.556536]]]}},{"type":"Feature","properties":{"id":"way/422965260","inst":"way/153922309","kind":"yes","h":24.4,"mh":0,"acc":"u","src":"osm"},"geometry":{"type":"Polygon","coordinates":[[[-46.724583,-23.556868],[-46.724587,-23.556876],[-46.724604,-23.556906],[-46.724578,-23.556919],[-46.724556,-23.556882],[-46.724583,-23.556868]]]}},{"type":"Feature","properties":{"id":"way/422969488","name":"Auditório Basílio Jafet","inst":"way/158789266","kind":"yes","h":11.1,"mh":0,"acc":"u","src":"osm"},"geometry":{"type":"Polygon","coordinates":[[[-46.736008,-23.56094],[-46.735853,-23.560945],[-46.735843,-23.560853],[-46.735972,-23.560829],[-46.735976,-23.560866],[-46.736003,-23.560864],[-46.736001,-23.560842],[-46.736072,-23.560835],[-46.736083,-23.560936],[-46.736008,-23.56094]]]}},{"type":"Feature","properties":{"id":"way/422969489","inst":"way/158789266","kind":"roof","h":5,"mh":4.4,"acc":"u","src":"osm"},"geometry":{"type":"Polygon","coordinates":[[[-46.736024,-23.561088],[-46.736019,-23.561038],[-46.736008,-23.56094],[-46.736083,-23.560936],[-46.736093,-23.561031],[-46.736098,-23.56108],[-46.736024,-23.561088]]]}},{"type":"Feature","properties":{"id":"way/422969929","inst":"way/158789266","kind":"yes","h":11.3,"mh":0,"acc":"u","src":"osm"},"geometry":{"type":"Polygon","coordinates":[[[-46.734896,-23.561573],[-46.734907,-23.561693],[-46.734712,-23.561712],[-46.734689,-23.561507],[-46.734177,-23.561556],[-46.734152,-23.561331],[-46.734324,-23.561315],[-46.73432,-23.561284],[-46.734385,-23.561278],[-46.734389,-23.561305],[-46.73468,-23.561278],[-46.734683,-23.561312],[-46.734703,-23.56131],[-46.734717,-23.561434],[-46.734899,-23.561416],[-46.7349,-23.561432],[-46.734951,-23.561427],[-46.734955,-23.561463],[-46.734883,-23.56147],[-46.734896,-23.561573]]]}},{"type":"Feature","properties":{"id":"way/422970690","inst":"way/158789266","kind":"roof","h":5.6,"mh":5,"acc":"u","src":"osm"},"geometry":{"type":"Polygon","coordinates":[[[-46.735267,-23.560809],[-46.735265,-23.56079],[-46.735291,-23.560787],[-46.73535,-23.560782],[-46.735352,-23.560797],[-46.735326,-23.5608],[-46.735379,-23.561316],[-46.735351,-23.561318],[-46.735332,-23.56132],[-46.735341,-23.561402],[-46.735303,-23.561406],[-46.735302,-23.561391],[-46.735289,-23.56126],[-46.735325,-23.561257],[-46.735278,-23.560807],[-46.735267,-23.560809]]]}},{"type":"Feature","properties":{"id":"way/422970692","inst":"way/158789266","kind":"yes","h":5,"mh":0,"acc":"u","src":"osm"},"geometry":{"type":"Polygon","coordinates":[[[-46.734699,-23.560875],[-46.734705,-23.560937],[-46.734652,-23.560941],[-46.734647,-23.560879],[-46.734699,-23.560875]]]}},{"type":"Feature","properties":{"id":"way/422970694","inst":"way/158789266","kind":"yes","h":5.6,"mh":0,"acc":"u","src":"osm"},"geometry":{"type":"Polygon","coordinates":[[[-46.735302,-23.561391],[-46.735303,-23.561406],[-46.735327,-23.56164],[-46.735092,-23.561661],[-46.735066,-23.561412],[-46.735302,-23.561391]]]}},{"type":"Feature","properties":{"id":"way/422970695","name":"Auditório Abraão de Moraes","inst":"way/158789266","kind":"university","h":5.6,"mh":0,"acc":"u","src":"osm"},"geometry":{"type":"Polygon","coordinates":[[[-46.735101,-23.560822],[-46.735106,-23.560875],[-46.735111,-23.560929],[-46.734971,-23.560941],[-46.73496,-23.560831],[-46.734943,-23.560658],[-46.735083,-23.560646],[-46.735101,-23.560822]]]}},{"type":"Feature","properties":{"id":"way/422970949","name":"Sala de estudos","inst":"way/158789266","kind":"university","h":5.6,"mh":0,"acc":"u","src":"osm"},"geometry":{"type":"Polygon","coordinates":[[[-46.735078,-23.560591],[-46.735104,-23.560589],[-46.735244,-23.560577],[-46.735265,-23.56079],[-46.735267,-23.560809],[-46.735101,-23.560822],[-46.735083,-23.560646],[-46.735078,-23.560591]]]}},{"type":"Feature","properties":{"id":"way/422973224","inst":"way/158789266","kind":"yes","h":6,"mh":0,"acc":"u","src":"osm"},"geometry":{"type":"Polygon","coordinates":[[[-46.734036,-23.561827],[-46.734046,-23.561931],[-46.734012,-23.561935],[-46.734002,-23.561831],[-46.734036,-23.561827]]]}},{"type":"Feature","properties":{"id":"way/422973225","inst":"way/158789266","kind":"roof","h":4,"mh":3.4,"acc":"u","src":"osm"},"geometry":{"type":"Polygon","coordinates":[[[-46.734649,-23.561745],[-46.734632,-23.561747],[-46.734629,-23.561722],[-46.734647,-23.56172],[-46.734649,-23.561745]]]}},{"type":"Feature","properties":{"id":"way/422973226","inst":"way/158789266","kind":"yes","h":6,"mh":0,"acc":"u","src":"osm"},"geometry":{"type":"Polygon","coordinates":[[[-46.734057,-23.56193],[-46.734064,-23.561992],[-46.734053,-23.561993],[-46.734019,-23.561996],[-46.734012,-23.561935],[-46.734046,-23.561931],[-46.734057,-23.56193]]]}},{"type":"Feature","properties":{"id":"way/422973393","inst":"way/158789266","kind":"roof","h":4,"mh":3.4,"acc":"u","src":"osm"},"geometry":{"type":"Polygon","coordinates":[[[-46.734301,-23.561751],[-46.734303,-23.561778],[-46.734277,-23.561781],[-46.734274,-23.561753],[-46.734301,-23.561751]]]}},{"type":"Feature","properties":{"id":"way/422973394","inst":"way/158789266","kind":"roof","h":4,"mh":3.4,"acc":"u","src":"osm"},"geometry":{"type":"Polygon","coordinates":[[[-46.734496,-23.561734],[-46.734498,-23.56176],[-46.734481,-23.561761],[-46.734478,-23.561735],[-46.734496,-23.561734]]]}},{"type":"Feature","properties":{"id":"way/422974616","inst":"way/158789266","kind":"yes","h":6,"mh":0,"acc":"u","src":"osm"},"geometry":{"type":"Polygon","coordinates":[[[-46.733602,-23.562249],[-46.733609,-23.562307],[-46.733237,-23.562342],[-46.73323,-23.562285],[-46.733602,-23.562249]]]}},{"type":"Feature","properties":{"id":"way/423036485","inst":"way/74924310","kind":"yes","h":9.2,"mh":0,"acc":"u","src":"osm"},"geometry":{"type":"Polygon","coordinates":[[[-46.714858,-23.564805],[-46.714707,-23.565267],[-46.714201,-23.565506],[-46.714197,-23.5655],[-46.714172,-23.56551],[-46.714163,-23.565491],[-46.714124,-23.565364],[-46.714213,-23.565153],[-46.714319,-23.565144],[-46.714402,-23.564966],[-46.714757,-23.564776],[-46.714858,-23.564805]]]}},{"type":"Feature","properties":{"id":"way/424771598","name":"Sindicato dos Trabalhadores da USP","kind":"yes","h":4.7,"mh":0,"acc":"u","src":"osm"},"geometry":{"type":"Polygon","coordinates":[[[-46.726374,-23.558034],[-46.726144,-23.55814],[-46.726054,-23.557984],[-46.726066,-23.557989],[-46.72607,-23.557976],[-46.726084,-23.557979],[-46.726088,-23.557967],[-46.726101,-23.557969],[-46.726106,-23.557958],[-46.726119,-23.557961],[-46.726123,-23.557949],[-46.726136,-23.557953],[-46.726141,-23.557941],[-46.726154,-23.557944],[-46.726158,-23.557932],[-46.726171,-23.557936],[-46.726176,-23.557923],[-46.726189,-23.557927],[-46.726193,-23.557915],[-46.726206,-23.557918],[-46.72621,-23.557906],[-46.726224,-23.55791],[-46.726228,-23.557898],[-46.726241,-23.557901],[-46.726245,-23.55789],[-46.726259,-23.557893],[-46.726263,-23.55788],[-46.726277,-23.557884],[-46.726281,-23.557872],[-46.726374,-23.558034]]]}},{"type":"Feature","properties":{"id":"way/44972294","name":"FFLCH - História e Geografia","inst":"way/158966875","kind":"university","h":11.8,"mh":0,"acc":"p","src":"osm"},"geometry":{"type":"Polygon","coordinates":[[[-46.723936,-23.563285],[-46.723493,-23.563499],[-46.722963,-23.563754],[-46.722879,-23.563607],[-46.722853,-23.563619],[-46.72279,-23.563508],[-46.722726,-23.563397],[-46.72275,-23.563386],[-46.72266,-23.563231],[-46.723639,-23.562758],[-46.723725,-23.562907],[-46.723745,-23.562897],[-46.723797,-23.562987],[-46.723874,-23.563122],[-46.72385,-23.563134],[-46.723936,-23.563285]]]}},{"type":"Feature","properties":{"id":"way/495777426","inst":"way/158967597","kind":"yes","h":6,"mh":0,"acc":"u","src":"osm"},"geometry":{"type":"Polygon","coordinates":[[[-46.738451,-23.57034],[-46.738419,-23.570378],[-46.738395,-23.570361],[-46.738427,-23.570323],[-46.738451,-23.57034]]]}},{"type":"Feature","properties":{"id":"way/572873042","inst":"way/152732604","kind":"roof","h":4,"mh":3.4,"acc":"u","src":"osm"},"geometry":{"type":"Polygon","coordinates":[[[-46.73392,-23.559315],[-46.733864,-23.55932],[-46.73386,-23.559282],[-46.733883,-23.559284],[-46.733875,-23.559174],[-46.73383,-23.559174],[-46.733827,-23.559123],[-46.733825,-23.55909],[-46.733838,-23.559087],[-46.733853,-23.559086],[-46.733855,-23.559112],[-46.733857,-23.559143],[-46.733906,-23.55914],[-46.73392,-23.559315]]]}},{"type":"Feature","properties":{"id":"way/662780623","inst":"way/34381700","kind":"yes","h":6,"mh":0,"acc":"u","src":"osm"},"geometry":{"type":"Polygon","coordinates":[[[-46.734655,-23.55887],[-46.734549,-23.55884],[-46.734594,-23.558706],[-46.7347,-23.558736],[-46.734655,-23.55887]]]}},{"type":"Feature","properties":{"id":"way/662780624","inst":"way/34381700","kind":"yes","h":6,"mh":0,"acc":"u","src":"osm"},"geometry":{"type":"Polygon","coordinates":[[[-46.735354,-23.558962],[-46.735323,-23.559052],[-46.735225,-23.559024],[-46.735256,-23.558934],[-46.735354,-23.558962]]]}},{"type":"Feature","properties":{"id":"way/662780625","inst":"way/34381700","kind":"yes","h":6,"mh":0,"acc":"u","src":"osm"},"geometry":{"type":"Polygon","coordinates":[[[-46.735289,-23.558548],[-46.735247,-23.558676],[-46.734872,-23.558568],[-46.734914,-23.558443],[-46.735124,-23.558503],[-46.735134,-23.558472],[-46.735186,-23.558487],[-46.735177,-23.558514],[-46.735187,-23.558517],[-46.735207,-23.558458],[-46.735264,-23.558474],[-46.735243,-23.558535],[-46.735289,-23.558548]]]}},{"type":"Feature","properties":{"id":"way/662780626","inst":"way/34381700","kind":"yes","h":6,"mh":0,"acc":"u","src":"osm"},"geometry":{"type":"Polygon","coordinates":[[[-46.733739,-23.557793],[-46.733667,-23.557995],[-46.733445,-23.557928],[-46.733517,-23.557726],[-46.733739,-23.557793]]]}},{"type":"Feature","properties":{"id":"way/687259605","kind":"yes","h":6,"mh":0,"acc":"u","src":"osm"},"geometry":{"type":"Polygon","coordinates":[[[-46.725444,-23.558848],[-46.725458,-23.558873],[-46.725435,-23.558884],[-46.72542,-23.558859],[-46.725444,-23.558848]]]}},{"type":"Feature","properties":{"id":"way/687259732","inst":"way/154246451","kind":"yes","h":6,"mh":0,"acc":"u","src":"osm"},"geometry":{"type":"Polygon","coordinates":[[[-46.726641,-23.561632],[-46.726806,-23.561916],[-46.726729,-23.561953],[-46.726564,-23.561669],[-46.726641,-23.561632]]]}},{"type":"Feature","properties":{"id":"way/715582154","name":"Museu Histórico","inst":"way/74924310","kind":"yes","h":3.2,"mh":0,"acc":"u","src":"osm"},"geometry":{"type":"Polygon","coordinates":[[[-46.720006,-23.564301],[-46.720056,-23.564338],[-46.720085,-23.564359],[-46.719831,-23.564664],[-46.719747,-23.564601],[-46.720006,-23.564301]]]}},{"type":"Feature","properties":{"id":"way/733303736","kind":"yes","h":6,"mh":0,"acc":"u","src":"osm"},"geometry":{"type":"Polygon","coordinates":[[[-46.743095,-23.558561],[-46.74307,-23.558586],[-46.743043,-23.558564],[-46.743068,-23.558538],[-46.743095,-23.558561]]]}},{"type":"Feature","properties":{"id":"way/733303737","kind":"yes","h":6,"mh":0,"acc":"u","src":"osm"},"geometry":{"type":"Polygon","coordinates":[[[-46.74305,-23.558519],[-46.743,-23.558569],[-46.742932,-23.558513],[-46.742981,-23.558463],[-46.74305,-23.558519]]]}},{"type":"Feature","properties":{"id":"way/73947589","name":"Centro de Difusao Cientifica","inst":"way/74924310","kind":"yes","h":6,"mh":0,"acc":"u","src":"osm"},"geometry":{"type":"Polygon","coordinates":[[[-46.719589,-23.564048],[-46.719202,-23.564484],[-46.719103,-23.56441],[-46.719239,-23.564256],[-46.719175,-23.564207],[-46.719425,-23.563926],[-46.719589,-23.564048]]]}},{"type":"Feature","properties":{"id":"way/73947597","name":"Museu Biológico","inst":"way/74924310","kind":"yes","h":6,"mh":0,"acc":"u","src":"osm"},"geometry":{"type":"Polygon","coordinates":[[[-46.718565,-23.566525],[-46.718471,-23.566456],[-46.71836,-23.566376],[-46.718557,-23.566149],[-46.718762,-23.566298],[-46.718565,-23.566525]]]}},{"type":"Feature","properties":{"id":"way/860893487","inst":"way/34381700","kind":"yes","h":6,"mh":0,"acc":"u","src":"osm"},"geometry":{"type":"Polygon","coordinates":[[[-46.734528,-23.558172],[-46.733779,-23.557972],[-46.733818,-23.557848],[-46.734568,-23.558048],[-46.734528,-23.558172]]]}}]}